"facetCredentialCode",facetCredentialName,chosenTaxonomyCode,chosenTaxonomyDescription,providerCount
PT,Physical Therapist,208100000X,PHYSICAL MEDICINE & REHABILITATION PHYSICIAN,2400
DPT,Doctor of Physical Therapy,208100000X,PHYSICAL MEDICINE & REHABILITATION PHYSICIAN,1685
PTA,Physical Therapist Assistant,208100000X,PHYSICAL MEDICINE & REHABILITATION PHYSICIAN,733
DDS,Doctor of Dental Surgery,204E00000X,ORAL & MAXILLOFACIAL SURGERY (D.M.D.),641
DMD,Doctor of Medicine in Dentistry,204E00000X,ORAL & MAXILLOFACIAL SURGERY (D.M.D.),419
ATC,Athletic Trainer Certified,2081S0010X,SPORTS MEDICINE (PHYSICAL MEDICINE & REHABILITATION) PHYSICIAN,315
PT,Physical Therapist,2081S0010X,SPORTS MEDICINE (PHYSICAL MEDICINE & REHABILITATION) PHYSICIAN,245
PHD,Doctor of Philosophy,2084P0800X,PSYCHIATRY PHYSICIAN,243
DPT,Doctor of Physical Therapy,2081S0010X,SPORTS MEDICINE (PHYSICAL MEDICINE & REHABILITATION) PHYSICIAN,197
ATC,Athletic Trainer Certified,207PS0010X,SPORTS MEDICINE (EMERGENCY MEDICINE) PHYSICIAN,142
AA,Associate of Arts,207L00000X,ANESTHESIOLOGY PHYSICIAN,141
LAT,Licensed Athletic Trainer,2081S0010X,SPORTS MEDICINE (PHYSICAL MEDICINE & REHABILITATION) PHYSICIAN,141
OD,Doctor of Optometry,207W00000X,OPHTHALMOLOGY PHYSICIAN,127
RDMS,Registered Diagnostic Medical Sonographer,2085U0001X,DIAGNOSTIC ULTRASOUND PHYSICIAN,123
OTR,Occupational Therapist Registered,208100000X,PHYSICAL MEDICINE & REHABILITATION PHYSICIAN,117
LCSW,Licensed Clinical Social Worker,2084P0800X,PSYCHIATRY PHYSICIAN,109
ATC,Athletic Trainer Certified,2083S0010X,SPORTS MEDICINE (PREVENTIVE MEDICINE) PHYSICIAN,96
LMFT,Licensed Marriage and Family Therapist,2084P0800X,PSYCHIATRY PHYSICIAN,95
PHD,Doctor of Philosophy,207SG0203X,CLINICAL MOLECULAR GENETICS PHYSICIAN,93
PHD,Doctor of Philosophy,2084P0804X,CHILD & ADOLESCENT PSYCHIATRY PHYSICIAN,92
PsyD,Doctor of Psychology,2084P0800X,PSYCHIATRY PHYSICIAN,92
OT,Occupational Therapist,208100000X,PHYSICAL MEDICINE & REHABILITATION PHYSICIAN,88
PharmD,Doctor of Pharmacy,208U00000X,CLINICAL PHARMACOLOGY PHYSICIAN,87
PHD,Doctor of Philosophy,207SC0300X,CLINICAL CYTOGENETICS PHYSICIAN,85
CAA,Certified Audiologist Assistant,207L00000X,ANESTHESIOLOGY PHYSICIAN,81
OTR/L,Occupational Therapist Registered/Licensed,208100000X,PHYSICAL MEDICINE & REHABILITATION PHYSICIAN,80
PTA,Physical Therapist Assistant,2081S0010X,SPORTS MEDICINE (PHYSICAL MEDICINE & REHABILITATION) PHYSICIAN,79
CSFA,Certified School Food Administrator,208600000X,SURGERY PHYSICIAN,75
DPM,Doctor of Podiatric Medicine,207XX0004X,ORTHOPAEDIC FOOT AND ANKLE SURGERY PHYSICIAN,74
ND,Doctor of Naturopathic Medicine,207Q00000X,FAMILY MEDICINE PHYSICIAN,74
PT,Physical Therapist,2081P0010X,PEDIATRIC REHABILITATION MEDICINE PHYSICIAN,67
RPT,Registered Physical Therapist,208100000X,PHYSICAL MEDICINE & REHABILITATION PHYSICIAN,67
LAT,Licensed Athletic Trainer,207PS0010X,SPORTS MEDICINE (EMERGENCY MEDICINE) PHYSICIAN,66
MFT,Marriage and Family Therapist,2084P0800X,PSYCHIATRY PHYSICIAN,60
ATC,Athletic Trainer Certified,208100000X,PHYSICAL MEDICINE & REHABILITATION PHYSICIAN,59
DPT,Doctor of Physical Therapy,2081P0010X,PEDIATRIC REHABILITATION MEDICINE PHYSICIAN,53
PHD,Doctor of Philosophy,2084N0400X,NEUROLOGY PHYSICIAN,53
LCSW,Licensed Clinical Social Worker,207RI0011X,INTERVENTIONAL CARDIOLOGY PHYSICIAN,52
ND,Doctor of Naturopathic Medicine,208D00000X,GENERAL PRACTICE PHYSICIAN,48
RT,Respiratory Therapist,2085R0202X,DIAGNOSTIC RADIOLOGY PHYSICIAN,48
CSW,Clinical Social Worker,207RI0011X,INTERVENTIONAL CARDIOLOGY PHYSICIAN,47
DVM,Doctor of Veterinary Medicine,208D00000X,GENERAL PRACTICE PHYSICIAN,47
PharmD,Doctor of Pharmacy,208D00000X,GENERAL PRACTICE PHYSICIAN,46
DDS,Doctor of Dental Surgery,208D00000X,GENERAL PRACTICE PHYSICIAN,45
COTA,Certified Occupational Therapy Assistant,208100000X,PHYSICAL MEDICINE & REHABILITATION PHYSICIAN,42
LPTA,Licensed Physical Therapist Assistant,208100000X,PHYSICAL MEDICINE & REHABILITATION PHYSICIAN,41
LMT,Licensed Massage Therapist,208100000X,PHYSICAL MEDICINE & REHABILITATION PHYSICIAN,40
ATC,Athletic Trainer Certified,204C00000X,SPORTS MEDICINE (NEUROMUSCULOSKELETAL MEDICINE) PHYSICIAN,39
LAT,Licensed Athletic Trainer,2083S0010X,SPORTS MEDICINE (PREVENTIVE MEDICINE) PHYSICIAN,39
PHD,Doctor of Philosophy,2085R0205X,RADIOLOGICAL PHYSICS PHYSICIAN,39
PT,Physical Therapist,2081N0008X,NEUROMUSCULAR MEDICINE (PHYSICAL MEDICINE & REHABILITATION) PHYSICIAN,39
DPM,Doctor of Podiatric Medicine,207X00000X,ORTHOPAEDIC SURGERY PHYSICIAN,37
LCSW,Licensed Clinical Social Worker,2084P0804X,CHILD & ADOLESCENT PSYCHIATRY PHYSICIAN,36
PsyD,Doctor of Psychology,2084P0804X,CHILD & ADOLESCENT PSYCHIATRY PHYSICIAN,36
RDCS,Registered Diagnostic Cardiac Sonographer,2085U0001X,DIAGNOSTIC ULTRASOUND PHYSICIAN,34
AA,Associate of Arts,207LP3000X,PEDIATRIC ANESTHESIOLOGY PHYSICIAN,30
DC,Doctor of Chiropractic,208100000X,PHYSICAL MEDICINE & REHABILITATION PHYSICIAN,30
PHD,Doctor of Philosophy,2080P0006X,DEVELOPMENTAL - BEHAVIORAL PEDIATRICS PHYSICIAN,30
PTA,Physical Therapist Assistant,2081P0010X,PEDIATRIC REHABILITATION MEDICINE PHYSICIAN,30
EMT,Emergency Medical Technician,207PE0004X,EMERGENCY MEDICAL SERVICES (EMERGENCY MEDICINE) PHYSICIAN,29
LPC,Licensed Professional Counselor,2084P0800X,PSYCHIATRY PHYSICIAN,29
OT,Occupational Therapist,2083X0100X,OCCUPATIONAL MEDICINE PHYSICIAN,26
SLP,Speech-Language Pathologist,207ZP0102X,ANATOMIC PATHOLOGY & CLINICAL PATHOLOGY PHYSICIAN,26
CSW,Clinical Social Worker,2084P0804X,CHILD & ADOLESCENT PSYCHIATRY PHYSICIAN,25
CSW,Clinical Social Worker,2084P0800X,PSYCHIATRY PHYSICIAN,24
ATC,Athletic Trainer Certified,207XX0005X,SPORTS MEDICINE (ORTHOPAEDIC SURGERY) PHYSICIAN,23
AuD,Doctor of Audiology,207Y00000X,OTOLARYNGOLOGY PHYSICIAN,23
CST,Certified Surgical Technologist,208600000X,SURGERY PHYSICIAN,23
OTR,Occupational Therapist Registered,2083X0100X,OCCUPATIONAL MEDICINE PHYSICIAN,23
PHD,Doctor of Philosophy,208000000X,PEDIATRICS PHYSICIAN,23
NMD,Doctor of Naturopathic Medicine,207Q00000X,FAMILY MEDICINE PHYSICIAN,22
OTR,Occupational Therapist Registered,2081P0010X,PEDIATRIC REHABILITATION MEDICINE PHYSICIAN,22
PHD,Doctor of Philosophy,207R00000X,INTERNAL MEDICINE PHYSICIAN,22
PHD,Doctor of Philosophy,207ZP0105X,CLINICAL PATHOLOGY/LABORATORY MEDICINE PHYSICIAN,22
PHD,Doctor of Philosophy,2084B0040X,BEHAVIORAL NEUROLOGY & NEUROPSYCHIATRY PHYSICIAN,22
PHD,Doctor of Philosophy,2084N0600X,CLINICAL NEUROPHYSIOLOGY PHYSICIAN,22
PT,Physical Therapist,204C00000X,SPORTS MEDICINE (NEUROMUSCULOSKELETAL MEDICINE) PHYSICIAN,22
COTA/L,Certified Occupational Therapy Assistant Licensed,208100000X,PHYSICAL MEDICINE & REHABILITATION PHYSICIAN,21
DDS,Doctor of Dental Surgery,207L00000X,ANESTHESIOLOGY PHYSICIAN,21
DPT,Doctor of Physical Therapy,2081N0008X,NEUROMUSCULAR MEDICINE (PHYSICAL MEDICINE & REHABILITATION) PHYSICIAN,20
MHC,Mental Health Counselor,2084P0800X,PSYCHIATRY PHYSICIAN,20
PT,Physical Therapist,2081P2900X,PAIN MEDICINE (PHYSICAL MEDICINE & REHABILITATION) PHYSICIAN,20
COTA,Certified Occupational Therapy Assistant,2083X0100X,OCCUPATIONAL MEDICINE PHYSICIAN,19
DMD,Doctor of Medicine in Dentistry,207L00000X,ANESTHESIOLOGY PHYSICIAN,19
NMD,Doctor of Naturopathic Medicine,208D00000X,GENERAL PRACTICE PHYSICIAN,19
AT,Athletic Trainer,2081S0010X,SPORTS MEDICINE (PHYSICAL MEDICINE & REHABILITATION) PHYSICIAN,18
LPC,Licensed Professional Counselor,2084P0804X,CHILD & ADOLESCENT PSYCHIATRY PHYSICIAN,18
LPT,Licensed Physical Therapist,208100000X,PHYSICAL MEDICINE & REHABILITATION PHYSICIAN,17
ND,Doctor of Naturopathic Medicine,202D00000X,INTEGRATIVE MEDICINE PHYSICIAN,17
PHD,Doctor of Philosophy,207SG0205X,PH.D. MEDICAL GENETICS PHYSICIAN,17
ATC,Athletic Trainer Certified,207QS0010X,SPORTS MEDICINE (FAMILY MEDICINE) PHYSICIAN,16
LMT,Licensed Massage Therapist,204C00000X,SPORTS MEDICINE (NEUROMUSCULOSKELETAL MEDICINE) PHYSICIAN,16
PHD,Doctor of Philosophy,208100000X,PHYSICAL MEDICINE & REHABILITATION PHYSICIAN,16
CNIM,Certified Neurophysiologic Intraoperative Monitoring,2084N0600X,CLINICAL NEUROPHYSIOLOGY PHYSICIAN,15
DVM,Doctor of Veterinary Medicine,207P00000X,EMERGENCY MEDICINE PHYSICIAN,15
LAT,Licensed Athletic Trainer,204C00000X,SPORTS MEDICINE (NEUROMUSCULOSKELETAL MEDICINE) PHYSICIAN,15
MHC,Mental Health Counselor,2084P0804X,CHILD & ADOLESCENT PSYCHIATRY PHYSICIAN,15
PHD,Doctor of Philosophy,207Q00000X,FAMILY MEDICINE PHYSICIAN,15
RPH,Registered Pharmacist,208U00000X,CLINICAL PHARMACOLOGY PHYSICIAN,15
ATC,Athletic Trainer Certified,207X00000X,ORTHOPAEDIC SURGERY PHYSICIAN,14
LCSW,Licensed Clinical Social Worker,207Q00000X,FAMILY MEDICINE PHYSICIAN,14
OTR,Occupational Therapist Registered,208000000X,PEDIATRICS PHYSICIAN,14
OTR/L,Occupational Therapist Registered/Licensed,2083X0100X,OCCUPATIONAL MEDICINE PHYSICIAN,14
PT,Physical Therapist,2083X0100X,OCCUPATIONAL MEDICINE PHYSICIAN,14
BS,Bachelor of Science,207R00000X,INTERNAL MEDICINE PHYSICIAN,13
CCC-SLP,Certificate of Clinical Competence in Speech-Language Pathology,207ZP0102X,ANATOMIC PATHOLOGY & CLINICAL PATHOLOGY PHYSICIAN,13
DPM,Doctor of Podiatric Medicine,208600000X,SURGERY PHYSICIAN,13
LMT,Licensed Massage Therapist,2081N0008X,NEUROMUSCULAR MEDICINE (PHYSICAL MEDICINE & REHABILITATION) PHYSICIAN,13
PHD,Doctor of Philosophy,204E00000X,ORAL & MAXILLOFACIAL SURGERY (D.M.D.),13
PT,Physical Therapist,207Q00000X,FAMILY MEDICINE PHYSICIAN,13
PT,Physical Therapist,2083P0500X,PREVENTIVE MEDICINE/OCCUPATIONAL ENVIRONMENTAL MEDICINE PHYSICIAN,13
ATC,Athletic Trainer Certified,207RS0010X,SPORTS MEDICINE (INTERNAL MEDICINE) PHYSICIAN,12
DMD,Doctor of Medicine in Dentistry,208D00000X,GENERAL PRACTICE PHYSICIAN,12
DVM,Doctor of Veterinary Medicine,207R00000X,INTERNAL MEDICINE PHYSICIAN,12
OTR/L,Occupational Therapist Registered/Licensed,208000000X,PEDIATRICS PHYSICIAN,12
PT,Physical Therapist,207X00000X,ORTHOPAEDIC SURGERY PHYSICIAN,12
RD,Registered Dietitian,207RE0101X,"ENDOCRINOLOGY, DIABETES & METABOLISM PHYSICIAN",12
DDS,Doctor of Dental Surgery,208600000X,SURGERY PHYSICIAN,11
LAT,Licensed Athletic Trainer,207QS0010X,SPORTS MEDICINE (FAMILY MEDICINE) PHYSICIAN,11
LMT,Licensed Massage Therapist,2081S0010X,SPORTS MEDICINE (PHYSICAL MEDICINE & REHABILITATION) PHYSICIAN,11
ND,Doctor of Naturopathic Medicine,2083P0901X,PUBLIC HEALTH & GENERAL PREVENTIVE MEDICINE PHYSICIAN,11
RD,Registered Dietitian,207Q00000X,FAMILY MEDICINE PHYSICIAN,11
ATC,Athletic Trainer Certified,2080S0010X,PEDIATRIC SPORTS MEDICINE PHYSICIAN,10
BDS,Bachelor of Dental Surgery,204E00000X,ORAL & MAXILLOFACIAL SURGERY (D.M.D.),10
DC,Doctor of Chiropractic,208D00000X,GENERAL PRACTICE PHYSICIAN,10
DDS,Doctor of Dental Surgery,207Q00000X,FAMILY MEDICINE PHYSICIAN,10
LAC,Licensed Acupuncturist,2084P0800X,PSYCHIATRY PHYSICIAN,10
LAT,Licensed Athletic Trainer,207XX0005X,SPORTS MEDICINE (ORTHOPAEDIC SURGERY) PHYSICIAN,10
LCSW,Licensed Clinical Social Worker,2080P0006X,DEVELOPMENTAL - BEHAVIORAL PEDIATRICS PHYSICIAN,10
OTD,Doctor of Occupational Therapy,208100000X,PHYSICAL MEDICINE & REHABILITATION PHYSICIAN,10
OTR/L,Occupational Therapist Registered/Licensed,2081P0010X,PEDIATRIC REHABILITATION MEDICINE PHYSICIAN,10
PHD,Doctor of Philosophy,207SG0202X,CLINICAL BIOCHEMICAL GENETICS PHYSICIAN,10
PHD,Doctor of Philosophy,207ZM0300X,MEDICAL MICROBIOLOGY PHYSICIAN,10
PharmD,Doctor of Pharmacy,207Q00000X,FAMILY MEDICINE PHYSICIAN,10
RT,Respiratory Therapist,2085U0001X,DIAGNOSTIC ULTRASOUND PHYSICIAN,10
SLP,Speech-Language Pathologist,208100000X,PHYSICAL MEDICINE & REHABILITATION PHYSICIAN,10
BS,Bachelor of Science,208100000X,PHYSICAL MEDICINE & REHABILITATION PHYSICIAN,9
CAA,Certified Audiologist Assistant,207LP3000X,PEDIATRIC ANESTHESIOLOGY PHYSICIAN,9
CPC,Certified Professional Coder,2084P0800X,PSYCHIATRY PHYSICIAN,9
DMD,Doctor of Medicine in Dentistry,207Q00000X,FAMILY MEDICINE PHYSICIAN,9
LAT,Licensed Athletic Trainer,208100000X,PHYSICAL MEDICINE & REHABILITATION PHYSICIAN,9
LCPC,Licensed Clinical Professional Counselor,2084P0800X,PSYCHIATRY PHYSICIAN,9
PTA,Physical Therapist Assistant,2081N0008X,NEUROMUSCULAR MEDICINE (PHYSICAL MEDICINE & REHABILITATION) PHYSICIAN,9
PsyD,Doctor of Psychology,2084B0040X,BEHAVIORAL NEUROLOGY & NEUROPSYCHIATRY PHYSICIAN,9
AA,Associate of Arts,207LC0200X,CRITICAL CARE MEDICINE (ANESTHESIOLOGY) PHYSICIAN,8
BS,Bachelor of Science,207L00000X,ANESTHESIOLOGY PHYSICIAN,8
COTA,Certified Occupational Therapy Assistant,208000000X,PEDIATRICS PHYSICIAN,8
DC,Doctor of Chiropractic,202D00000X,INTEGRATIVE MEDICINE PHYSICIAN,8
DC,Doctor of Chiropractic,207Q00000X,FAMILY MEDICINE PHYSICIAN,8
DC,Doctor of Chiropractic,207R00000X,INTERNAL MEDICINE PHYSICIAN,8
DPT,Doctor of Physical Therapy,208000000X,PEDIATRICS PHYSICIAN,8
LMT,Licensed Massage Therapist,208D00000X,GENERAL PRACTICE PHYSICIAN,8
LPCC,Licensed Professional Clinical Counselor,2084P0800X,PSYCHIATRY PHYSICIAN,8
OTR,Occupational Therapist Registered,2080P0006X,DEVELOPMENTAL - BEHAVIORAL PEDIATRICS PHYSICIAN,8
OTRL,Occupational Therapist Registered Licensed,2083X0100X,OCCUPATIONAL MEDICINE PHYSICIAN,8
PHD,Doctor of Philosophy,207ZP0007X,MOLECULAR GENETIC PATHOLOGY (PATHOLOGY) PHYSICIAN,8
PTA,Physical Therapist Assistant,2081P2900X,PAIN MEDICINE (PHYSICAL MEDICINE & REHABILITATION) PHYSICIAN,8
PharmD,Doctor of Pharmacy,207R00000X,INTERNAL MEDICINE PHYSICIAN,8
RBT,Registered Behavior Technician,2080P0006X,DEVELOPMENTAL - BEHAVIORAL PEDIATRICS PHYSICIAN,8
STUDENT,Student,207R00000X,INTERNAL MEDICINE PHYSICIAN,8
AT,Athletic Trainer,2083S0010X,SPORTS MEDICINE (PREVENTIVE MEDICINE) PHYSICIAN,7
BCPS,Board Certified Pharmacotherapy Specialist,208D00000X,GENERAL PRACTICE PHYSICIAN,7
BS,Bachelor of Science,207Q00000X,FAMILY MEDICINE PHYSICIAN,7
BS,Bachelor of Science,2085U0001X,DIAGNOSTIC ULTRASOUND PHYSICIAN,7
BS,Bachelor of Science,208600000X,SURGERY PHYSICIAN,7
DDS,Doctor of Dental Surgery,207ZP0101X,ANATOMIC PATHOLOGY PHYSICIAN,7
DPM,Doctor of Podiatric Medicine,207Q00000X,FAMILY MEDICINE PHYSICIAN,7
DPM,Doctor of Podiatric Medicine,207R00000X,INTERNAL MEDICINE PHYSICIAN,7
DPT,Doctor of Physical Therapy,2081P2900X,PAIN MEDICINE (PHYSICAL MEDICINE & REHABILITATION) PHYSICIAN,7
LAC,Licensed Acupuncturist,208D00000X,GENERAL PRACTICE PHYSICIAN,7
LAT,Licensed Athletic Trainer,207RS0010X,SPORTS MEDICINE (INTERNAL MEDICINE) PHYSICIAN,7
LICSW,Licensed Independent Clinical Social Worker,2084P0800X,PSYCHIATRY PHYSICIAN,7
LMHC,Licensed Mental Health Counselor,2084P0800X,PSYCHIATRY PHYSICIAN,7
LMT,Licensed Massage Therapist,202D00000X,INTEGRATIVE MEDICINE PHYSICIAN,7
LMT,Licensed Massage Therapist,2081P2900X,PAIN MEDICINE (PHYSICAL MEDICINE & REHABILITATION) PHYSICIAN,7
LP,Licensed Psychologist,2084P0800X,PSYCHIATRY PHYSICIAN,7
OD,Doctor of Optometry,207Q00000X,FAMILY MEDICINE PHYSICIAN,7
OT,Occupational Therapist,207R00000X,INTERNAL MEDICINE PHYSICIAN,7
OT,Occupational Therapist,2081P0010X,PEDIATRIC REHABILITATION MEDICINE PHYSICIAN,7
OTRL,Occupational Therapist Registered Licensed,208100000X,PHYSICAL MEDICINE & REHABILITATION PHYSICIAN,7
PHD,Doctor of Philosophy,2084P2900X,PAIN MEDICINE (PSYCHIATRY & NEUROLOGY) PHYSICIAN,7
PHD,Doctor of Philosophy,2084S0012X,SLEEP MEDICINE (PSYCHIATRY & NEUROLOGY) PHYSICIAN,7
PHD,Doctor of Philosophy,2085R0001X,RADIATION ONCOLOGY PHYSICIAN,7
PHD,Doctor of Philosophy,208D00000X,GENERAL PRACTICE PHYSICIAN,7
PT,Physical Therapist,208000000X,PEDIATRICS PHYSICIAN,7
PsyD,Doctor of Psychology,2084N0600X,CLINICAL NEUROPHYSIOLOGY PHYSICIAN,7
RD,Registered Dietitian,207R00000X,INTERNAL MEDICINE PHYSICIAN,7
RPH,Registered Pharmacist,208D00000X,GENERAL PRACTICE PHYSICIAN,7
RT,Respiratory Therapist,2085B0100X,BODY IMAGING PHYSICIAN,7
SA-C,Substance Abuse Counselor Certified,208600000X,SURGERY PHYSICIAN,7
SLP,Speech-Language Pathologist,207Y00000X,OTOLARYNGOLOGY PHYSICIAN,7
STUDENT,Student,207Q00000X,FAMILY MEDICINE PHYSICIAN,7
ATC,Athletic Trainer Certified,207Q00000X,FAMILY MEDICINE PHYSICIAN,6
AuD,Doctor of Audiology,2085B0100X,BODY IMAGING PHYSICIAN,6
BA,Bachelor of Arts,2084P0800X,PSYCHIATRY PHYSICIAN,6
BS,Bachelor of Science,207Y00000X,OTOLARYNGOLOGY PHYSICIAN,6
BS,Bachelor of Science,208000000X,PEDIATRICS PHYSICIAN,6
CCC-SLP,Certificate of Clinical Competence in Speech-Language Pathology,208000000X,PEDIATRICS PHYSICIAN,6
CST,Certified Surgical Technologist,207X00000X,ORTHOPAEDIC SURGERY PHYSICIAN,6
DDS,Doctor of Dental Surgery,207ZP0102X,ANATOMIC PATHOLOGY & CLINICAL PATHOLOGY PHYSICIAN,6
DDS,Doctor of Dental Surgery,208000000X,PEDIATRICS PHYSICIAN,6
DMD,Doctor of Medicine in Dentistry,208600000X,SURGERY PHYSICIAN,6
DVM,Doctor of Veterinary Medicine,207Q00000X,FAMILY MEDICINE PHYSICIAN,6
DVM,Doctor of Veterinary Medicine,208600000X,SURGERY PHYSICIAN,6
LADC,Licensed Alcohol and Drug Counselor,2084P0800X,PSYCHIATRY PHYSICIAN,6
LAT,Licensed Athletic Trainer,2080S0010X,PEDIATRIC SPORTS MEDICINE PHYSICIAN,6
LPTA,Licensed Physical Therapist Assistant,2081S0010X,SPORTS MEDICINE (PHYSICAL MEDICINE & REHABILITATION) PHYSICIAN,6
LSW,Licensed Social Worker,2084P0800X,PSYCHIATRY PHYSICIAN,6
OD,Doctor of Optometry,207R00000X,INTERNAL MEDICINE PHYSICIAN,6
PC,Pharmacist Clinician,208000000X,PEDIATRICS PHYSICIAN,6
PHD,Doctor of Philosophy,2083P0901X,PUBLIC HEALTH & GENERAL PREVENTIVE MEDICINE PHYSICIAN,6
PHD,Doctor of Philosophy,2085R0202X,DIAGNOSTIC RADIOLOGY PHYSICIAN,6
PT,Physical Therapist,207R00000X,INTERNAL MEDICINE PHYSICIAN,6
PsyD,Doctor of Psychology,208000000X,PEDIATRICS PHYSICIAN,6
PsyD,Doctor of Psychology,2084N0400X,NEUROLOGY PHYSICIAN,6
RDMS,Registered Diagnostic Medical Sonographer,2085R0202X,DIAGNOSTIC RADIOLOGY PHYSICIAN,6
ATC,Athletic Trainer Certified,207PE0004X,EMERGENCY MEDICAL SERVICES (EMERGENCY MEDICINE) PHYSICIAN,5
BA,Bachelor of Arts,207Q00000X,FAMILY MEDICINE PHYSICIAN,5
BCBA,Board Certified Behavior Analyst,2080P0006X,DEVELOPMENTAL - BEHAVIORAL PEDIATRICS PHYSICIAN,5
BS,Bachelor of Science,207X00000X,ORTHOPAEDIC SURGERY PHYSICIAN,5
BS,Bachelor of Science,2085R0202X,DIAGNOSTIC RADIOLOGY PHYSICIAN,5
CA,Certified Acupuncturist,207Q00000X,FAMILY MEDICINE PHYSICIAN,5
CMA,Certified Medical Assistant,202K00000X,PHLEBOLOGY PHYSICIAN,5
CMA,Certified Medical Assistant,207Q00000X,FAMILY MEDICINE PHYSICIAN,5
COTA/L,Certified Occupational Therapy Assistant Licensed,2083X0100X,OCCUPATIONAL MEDICINE PHYSICIAN,5
CSFA,Certified School Food Administrator,207X00000X,ORTHOPAEDIC SURGERY PHYSICIAN,5
DC,Doctor of Chiropractic,2081P2900X,PAIN MEDICINE (PHYSICAL MEDICINE & REHABILITATION) PHYSICIAN,5
DDS,Doctor of Dental Surgery,207ZP0105X,CLINICAL PATHOLOGY/LABORATORY MEDICINE PHYSICIAN,5
DMD,Doctor of Medicine in Dentistry,207LP3000X,PEDIATRIC ANESTHESIOLOGY PHYSICIAN,5
DPM,Doctor of Podiatric Medicine,208D00000X,GENERAL PRACTICE PHYSICIAN,5
DVM,Doctor of Veterinary Medicine,207W00000X,OPHTHALMOLOGY PHYSICIAN,5
LCSW,Licensed Clinical Social Worker,207R00000X,INTERNAL MEDICINE PHYSICIAN,5
LCSW,Licensed Clinical Social Worker,208000000X,PEDIATRICS PHYSICIAN,5
LMT,Licensed Massage Therapist,204D00000X,NEUROMUSCULOSKELETAL MEDICINE & OMM PHYSICIAN,5
ND,Doctor of Naturopathic Medicine,207QA0505X,ADULT MEDICINE PHYSICIAN,5
PHD,Doctor of Philosophy,207LP2900X,PAIN MEDICINE (ANESTHESIOLOGY) PHYSICIAN,5
PHD,Doctor of Philosophy,207ZP0104X,CHEMICAL PATHOLOGY PHYSICIAN,5
PHD,Doctor of Philosophy,2084P0805X,GERIATRIC PSYCHIATRY PHYSICIAN,5
RPT,Registered Physical Therapist,2081S0010X,SPORTS MEDICINE (PHYSICAL MEDICINE & REHABILITATION) PHYSICIAN,5
AT,Athletic Trainer,207PS0010X,SPORTS MEDICINE (EMERGENCY MEDICINE) PHYSICIAN,4
BS,Bachelor of Science,2084P0800X,PSYCHIATRY PHYSICIAN,4
CAA,Certified Audiologist Assistant,207LC0200X,CRITICAL CARE MEDICINE (ANESTHESIOLOGY) PHYSICIAN,4
CCC-SLP,Certificate of Clinical Competence in Speech-Language Pathology,208100000X,PHYSICAL MEDICINE & REHABILITATION PHYSICIAN,4
CGC,Certified Genetic Counselor,207SG0203X,CLINICAL MOLECULAR GENETICS PHYSICIAN,4
CMT,Certified Massage Therapist,204C00000X,SPORTS MEDICINE (NEUROMUSCULOSKELETAL MEDICINE) PHYSICIAN,4
CMT,Certified Massage Therapist,2081N0008X,NEUROMUSCULAR MEDICINE (PHYSICAL MEDICINE & REHABILITATION) PHYSICIAN,4
COTA/L,Certified Occupational Therapy Assistant Licensed,208000000X,PEDIATRICS PHYSICIAN,4
CPHT,Certified Pharmacy Technician,208U00000X,CLINICAL PHARMACOLOGY PHYSICIAN,4
CSW,Clinical Social Worker,207Q00000X,FAMILY MEDICINE PHYSICIAN,4
DC,Doctor of Chiropractic,2085R0202X,DIAGNOSTIC RADIOLOGY PHYSICIAN,4
DDS,Doctor of Dental Surgery,207QS1201X,SLEEP MEDICINE (FAMILY MEDICINE) PHYSICIAN,4
DDS,Doctor of Dental Surgery,207R00000X,INTERNAL MEDICINE PHYSICIAN,4
DDS,Doctor of Dental Surgery,2082S0099X,PLASTIC SURGERY WITHIN THE HEAD AND NECK (PLASTIC SURGERY) PHYSICIAN,4
DPT,Doctor of Physical Therapy,207Q00000X,FAMILY MEDICINE PHYSICIAN,4
DPT,Doctor of Physical Therapy,2083S0010X,SPORTS MEDICINE (PREVENTIVE MEDICINE) PHYSICIAN,4
EMT,Emergency Medical Technician,207P00000X,EMERGENCY MEDICINE PHYSICIAN,4
IBCLC,International Board Certified Lactation Consultant,208000000X,PEDIATRICS PHYSICIAN,4
LCAS,Licensed Clinical Addiction Specialist,2084P0800X,PSYCHIATRY PHYSICIAN,4
LISW,Licensed Independent Social Worker,2084P0800X,PSYCHIATRY PHYSICIAN,4
LMT,Licensed Massage Therapist,2083S0010X,SPORTS MEDICINE (PREVENTIVE MEDICINE) PHYSICIAN,4
LMT,Licensed Massage Therapist,208VP0000X,PAIN MEDICINE PHYSICIAN,4
LPC,Licensed Professional Counselor,208000000X,PEDIATRICS PHYSICIAN,4
LPC,Licensed Professional Counselor,2080P0006X,DEVELOPMENTAL - BEHAVIORAL PEDIATRICS PHYSICIAN,4
ND,Doctor of Naturopathic Medicine,207R00000X,INTERNAL MEDICINE PHYSICIAN,4
NMD,Doctor of Naturopathic Medicine,202D00000X,INTEGRATIVE MEDICINE PHYSICIAN,4
OD,Doctor of Optometry,207WX0009X,GLAUCOMA SPECIALIST (OPHTHALMOLOGY) PHYSICIAN,4
OT,Occupational Therapist,208000000X,PEDIATRICS PHYSICIAN,4
OT,Occupational Therapist,2081S0010X,SPORTS MEDICINE (PHYSICAL MEDICINE & REHABILITATION) PHYSICIAN,4
OTA,Occupational Therapy Assistant,208100000X,PHYSICAL MEDICINE & REHABILITATION PHYSICIAN,4
OTR/L,Occupational Therapist Registered/Licensed,2080P0006X,DEVELOPMENTAL - BEHAVIORAL PEDIATRICS PHYSICIAN,4
PHD,Doctor of Philosophy,207L00000X,ANESTHESIOLOGY PHYSICIAN,4
PHD,Doctor of Philosophy,207RC0000X,CARDIOVASCULAR DISEASE PHYSICIAN,4
PHD,Doctor of Philosophy,207RP1001X,PULMONARY DISEASE PHYSICIAN,4
PHD,Doctor of Philosophy,207RS0012X,SLEEP MEDICINE (INTERNAL MEDICINE) PHYSICIAN,4
PHD,Doctor of Philosophy,207V00000X,OBSTETRICS & GYNECOLOGY PHYSICIAN,4
PHD,Doctor of Philosophy,207Y00000X,OTOLARYNGOLOGY PHYSICIAN,4
PHD,Doctor of Philosophy,207ZP0102X,ANATOMIC PATHOLOGY & CLINICAL PATHOLOGY PHYSICIAN,4
PHD,Doctor of Philosophy,2085R0203X,THERAPEUTIC RADIOLOGY PHYSICIAN,4
PHD,Doctor of Philosophy,208600000X,SURGERY PHYSICIAN,4
PSYCHOLOGIST,Psychologist,2084P0800X,PSYCHIATRY PHYSICIAN,4
PT,Physical Therapist,2080P0008X,PEDIATRIC NEURODEVELOPMENTAL DISABILITIES PHYSICIAN,4
PT,Physical Therapist,2081H0002X,HOSPICE AND PALLIATIVE MEDICINE (PHYSICAL MEDICINE & REHABILITATION) PHYSICIAN,4
PT,Physical Therapist,2084N0400X,NEUROLOGY PHYSICIAN,4
PharmD,Doctor of Pharmacy,207RE0101X,"ENDOCRINOLOGY, DIABETES & METABOLISM PHYSICIAN",4
RD,Registered Dietitian,2080P0205X,PEDIATRIC ENDOCRINOLOGY PHYSICIAN,4
SLP,Speech-Language Pathologist,2081P0010X,PEDIATRIC REHABILITATION MEDICINE PHYSICIAN,4
STUDENT,Student,207P00000X,EMERGENCY MEDICINE PHYSICIAN,4
AT,Athletic Trainer,208100000X,PHYSICAL MEDICINE & REHABILITATION PHYSICIAN,3
AuD,Doctor of Audiology,207R00000X,INTERNAL MEDICINE PHYSICIAN,3
AuD,Doctor of Audiology,2084N0600X,CLINICAL NEUROPHYSIOLOGY PHYSICIAN,3
BA,Bachelor of Arts,2084P0804X,CHILD & ADOLESCENT PSYCHIATRY PHYSICIAN,3
BA,Bachelor of Arts,208800000X,UROLOGY PHYSICIAN,3
BC-ADM,Board Certified-Advanced Diabetes Management,207RE0101X,"ENDOCRINOLOGY, DIABETES & METABOLISM PHYSICIAN",3
BS,Bachelor of Science,208VP0000X,PAIN MEDICINE PHYSICIAN,3
CA,Certified Acupuncturist,208D00000X,GENERAL PRACTICE PHYSICIAN,3
CA,Certified Acupuncturist,208VP0000X,PAIN MEDICINE PHYSICIAN,3
CCC-SLP,Certificate of Clinical Competence in Speech-Language Pathology,207Y00000X,OTOLARYNGOLOGY PHYSICIAN,3
CCP,Certified Clinical Perfusionist,208600000X,SURGERY PHYSICIAN,3
CDCES,Certified Diabetes Care and Education Specialist,207RE0101X,"ENDOCRINOLOGY, DIABETES & METABOLISM PHYSICIAN",3
CGC,Certified Genetic Counselor,207RX0202X,MEDICAL ONCOLOGY PHYSICIAN,3
CMA,Certified Medical Assistant,2083P0901X,PUBLIC HEALTH & GENERAL PREVENTIVE MEDICINE PHYSICIAN,3
CMA,Certified Medical Assistant,208D00000X,GENERAL PRACTICE PHYSICIAN,3
COTA,Certified Occupational Therapy Assistant,2080P0006X,DEVELOPMENTAL - BEHAVIORAL PEDIATRICS PHYSICIAN,3
COTA,Certified Occupational Therapy Assistant,2080P0008X,PEDIATRIC NEURODEVELOPMENTAL DISABILITIES PHYSICIAN,3
COTA/L,Certified Occupational Therapy Assistant Licensed,2080P0006X,DEVELOPMENTAL - BEHAVIORAL PEDIATRICS PHYSICIAN,3
CSFA,Certified School Food Administrator,207T00000X,NEUROLOGICAL SURGERY PHYSICIAN,3
CSW,Clinical Social Worker,207P00000X,EMERGENCY MEDICINE PHYSICIAN,3
CSW,Clinical Social Worker,208000000X,PEDIATRICS PHYSICIAN,3
CT,Computed Tomography Technologist,2085R0202X,DIAGNOSTIC RADIOLOGY PHYSICIAN,3
CTRS,Certified Therapeutic Recreation Specialist,208100000X,PHYSICAL MEDICINE & REHABILITATION PHYSICIAN,3
DC,Doctor of Chiropractic,2081S0010X,SPORTS MEDICINE (PHYSICAL MEDICINE & REHABILITATION) PHYSICIAN,3
DC,Doctor of Chiropractic,208VP0000X,PAIN MEDICINE PHYSICIAN,3
DDS,Doctor of Dental Surgery,208VP0000X,PAIN MEDICINE PHYSICIAN,3
DMD,Doctor of Medicine in Dentistry,207ZP0102X,ANATOMIC PATHOLOGY & CLINICAL PATHOLOGY PHYSICIAN,3
DMD,Doctor of Medicine in Dentistry,208VP0000X,PAIN MEDICINE PHYSICIAN,3
DPM,Doctor of Podiatric Medicine,207PE0005X,UNDERSEA AND HYPERBARIC MEDICINE (EMERGENCY MEDICINE) PHYSICIAN,3
DPM,Doctor of Podiatric Medicine,2083P0011X,UNDERSEA AND HYPERBARIC MEDICINE (PREVENTIVE MEDICINE) PHYSICIAN,3
DPM,Doctor of Podiatric Medicine,2086S0122X,PLASTIC AND RECONSTRUCTIVE SURGERY PHYSICIAN,3
DPT,Doctor of Physical Therapy,204C00000X,SPORTS MEDICINE (NEUROMUSCULOSKELETAL MEDICINE) PHYSICIAN,3
DPT,Doctor of Physical Therapy,204D00000X,NEUROMUSCULOSKELETAL MEDICINE & OMM PHYSICIAN,3
DPT,Doctor of Physical Therapy,207X00000X,ORTHOPAEDIC SURGERY PHYSICIAN,3
DPT,Doctor of Physical Therapy,2080P0006X,DEVELOPMENTAL - BEHAVIORAL PEDIATRICS PHYSICIAN,3
DVM,Doctor of Veterinary Medicine,207T00000X,NEUROLOGICAL SURGERY PHYSICIAN,3
LAC,Licensed Acupuncturist,208VP0000X,PAIN MEDICINE PHYSICIAN,3
LCMHC,Licensed Clinical Mental Health Counselor,2084P0800X,PSYCHIATRY PHYSICIAN,3
LCPC,Licensed Clinical Professional Counselor,2084P0804X,CHILD & ADOLESCENT PSYCHIATRY PHYSICIAN,3
LCSW,Licensed Clinical Social Worker,208D00000X,GENERAL PRACTICE PHYSICIAN,3
LCSW-C,Licensed Clinical Social Worker - Clinical,2084P0804X,CHILD & ADOLESCENT PSYCHIATRY PHYSICIAN,3
LMP,Licensed Massage Practitioner,208100000X,PHYSICAL MEDICINE & REHABILITATION PHYSICIAN,3
LMT,Licensed Massage Therapist,2083P0901X,PUBLIC HEALTH & GENERAL PREVENTIVE MEDICINE PHYSICIAN,3
LPC,Licensed Professional Counselor,207Q00000X,FAMILY MEDICINE PHYSICIAN,3
LPC,Licensed Professional Counselor,207R00000X,INTERNAL MEDICINE PHYSICIAN,3
LPTA,Licensed Physical Therapist Assistant,2081N0008X,NEUROMUSCULAR MEDICINE (PHYSICAL MEDICINE & REHABILITATION) PHYSICIAN,3
LSW,Licensed Social Worker,207RI0011X,INTERVENTIONAL CARDIOLOGY PHYSICIAN,3
MHC,Mental Health Counselor,2080P0006X,DEVELOPMENTAL - BEHAVIORAL PEDIATRICS PHYSICIAN,3
ND,Doctor of Naturopathic Medicine,2083P0500X,PREVENTIVE MEDICINE/OCCUPATIONAL ENVIRONMENTAL MEDICINE PHYSICIAN,3
ND,Doctor of Naturopathic Medicine,2083S0010X,SPORTS MEDICINE (PREVENTIVE MEDICINE) PHYSICIAN,3
NMD,Doctor of Naturopathic Medicine,207QA0505X,ADULT MEDICINE PHYSICIAN,3
OT,Occupational Therapist,207X00000X,ORTHOPAEDIC SURGERY PHYSICIAN,3
OT,Occupational Therapist,2080P0006X,DEVELOPMENTAL - BEHAVIORAL PEDIATRICS PHYSICIAN,3
OTR,Occupational Therapist Registered,207R00000X,INTERNAL MEDICINE PHYSICIAN,3
OTR,Occupational Therapist Registered,2083P0500X,PREVENTIVE MEDICINE/OCCUPATIONAL ENVIRONMENTAL MEDICINE PHYSICIAN,3
PC,Pharmacist Clinician,2080P0207X,PEDIATRIC HEMATOLOGY & ONCOLOGY PHYSICIAN,3
PHD,Doctor of Philosophy,202D00000X,INTEGRATIVE MEDICINE PHYSICIAN,3
PHD,Doctor of Philosophy,207RC0200X,CRITICAL CARE MEDICINE (INTERNAL MEDICINE) PHYSICIAN,3
PHD,Doctor of Philosophy,207SG0207X,MEDICAL BIOCHEMICAL GENETICS,3
PHD,Doctor of Philosophy,207T00000X,NEUROLOGICAL SURGERY PHYSICIAN,3
PHD,Doctor of Philosophy,207ZC0006X,CLINICAL PATHOLOGY PHYSICIAN,3
PHD,Doctor of Philosophy,2084F0202X,FORENSIC PSYCHIATRY PHYSICIAN,3
PHD,Doctor of Philosophy,2084N0402X,NEUROLOGY WITH SPECIAL QUALIFICATIONS IN CHILD NEUROLOGY PHYSICIAN,3
PHD,Doctor of Philosophy,208G00000X,THORACIC SURGERY (CARDIOTHORACIC VASCULAR SURGERY) PHYSICIAN,3
PMHS,Pediatric Primary Care Mental Health Specialist,2080P0006X,DEVELOPMENTAL - BEHAVIORAL PEDIATRICS PHYSICIAN,3
PT,Physical Therapist,204D00000X,NEUROMUSCULOSKELETAL MEDICINE & OMM PHYSICIAN,3
PT,Physical Therapist,207QS0010X,SPORTS MEDICINE (FAMILY MEDICINE) PHYSICIAN,3
PT,Physical Therapist,207V00000X,OBSTETRICS & GYNECOLOGY PHYSICIAN,3
PT,Physical Therapist,2080P0006X,DEVELOPMENTAL - BEHAVIORAL PEDIATRICS PHYSICIAN,3
PT,Physical Therapist,2081P0004X,SPINAL CORD INJURY MEDICINE PHYSICIAN,3
PT,Physical Therapist,2081P0301X,BRAIN INJURY MEDICINE (PHYSICAL MEDICINE & REHABILITATION) PHYSICIAN,3
PT,Physical Therapist,2083S0010X,SPORTS MEDICINE (PREVENTIVE MEDICINE) PHYSICIAN,3
PT,Physical Therapist,2085R0202X,DIAGNOSTIC RADIOLOGY PHYSICIAN,3
PT,Physical Therapist,208D00000X,GENERAL PRACTICE PHYSICIAN,3
PTA,Physical Therapist Assistant,204C00000X,SPORTS MEDICINE (NEUROMUSCULOSKELETAL MEDICINE) PHYSICIAN,3
PTA,Physical Therapist Assistant,2081H0002X,HOSPICE AND PALLIATIVE MEDICINE (PHYSICAL MEDICINE & REHABILITATION) PHYSICIAN,3
PTA,Physical Therapist Assistant,2083S0010X,SPORTS MEDICINE (PREVENTIVE MEDICINE) PHYSICIAN,3
PharmD,Doctor of Pharmacy,202D00000X,INTEGRATIVE MEDICINE PHYSICIAN,3
PsyD,Doctor of Psychology,207Q00000X,FAMILY MEDICINE PHYSICIAN,3
PsyD,Doctor of Psychology,2080P0006X,DEVELOPMENTAL - BEHAVIORAL PEDIATRICS PHYSICIAN,3
PsyD,Doctor of Psychology,2080P0008X,PEDIATRIC NEURODEVELOPMENTAL DISABILITIES PHYSICIAN,3
RD,Registered Dietitian,207RG0100X,GASTROENTEROLOGY PHYSICIAN,3
RD,Registered Dietitian,207RH0002X,HOSPICE AND PALLIATIVE MEDICINE (INTERNAL MEDICINE) PHYSICIAN,3
RD,Registered Dietitian,208600000X,SURGERY PHYSICIAN,3
RDMS,Registered Diagnostic Medical Sonographer,2085B0100X,BODY IMAGING PHYSICIAN,3
RPT,Registered Physical Therapist,204C00000X,SPORTS MEDICINE (NEUROMUSCULOSKELETAL MEDICINE) PHYSICIAN,3
RT,Respiratory Therapist,2085R0204X,VASCULAR & INTERVENTIONAL RADIOLOGY PHYSICIAN,3
SLP,Speech-Language Pathologist,2080P0006X,DEVELOPMENTAL - BEHAVIORAL PEDIATRICS PHYSICIAN,3
STUDENT,Student,2084P0800X,PSYCHIATRY PHYSICIAN,3
STUDENT,Student,208600000X,SURGERY PHYSICIAN,3
VMD,Doctor of Veterinary Medicine,208D00000X,GENERAL PRACTICE PHYSICIAN,3
ACSW,Academy of Certified Social Workers,2084P0800X,PSYCHIATRY PHYSICIAN,2
AT,Athletic Trainer,204C00000X,SPORTS MEDICINE (NEUROMUSCULOSKELETAL MEDICINE) PHYSICIAN,2
ATC,Athletic Trainer Certified,2081P0010X,PEDIATRIC REHABILITATION MEDICINE PHYSICIAN,2
ATC,Athletic Trainer Certified,2084S0010X,SPORTS MEDICINE (PSYCHIATRY & NEUROLOGY) PHYSICIAN,2
ATC,Athletic Trainer Certified,208600000X,SURGERY PHYSICIAN,2
AuD,Doctor of Audiology,207Q00000X,FAMILY MEDICINE PHYSICIAN,2
AuD,Doctor of Audiology,208000000X,PEDIATRICS PHYSICIAN,2
BA,Bachelor of Arts,207L00000X,ANESTHESIOLOGY PHYSICIAN,2
BA,Bachelor of Arts,207P00000X,EMERGENCY MEDICINE PHYSICIAN,2
BA,Bachelor of Arts,207R00000X,INTERNAL MEDICINE PHYSICIAN,2
BA,Bachelor of Arts,207T00000X,NEUROLOGICAL SURGERY PHYSICIAN,2
BA,Bachelor of Arts,207X00000X,ORTHOPAEDIC SURGERY PHYSICIAN,2
BA,Bachelor of Arts,207Y00000X,OTOLARYNGOLOGY PHYSICIAN,2
BA,Bachelor of Arts,208000000X,PEDIATRICS PHYSICIAN,2
BA,Bachelor of Arts,2080C0008X,CHILD ABUSE PEDIATRICS PHYSICIAN,2
BCBA,Board Certified Behavior Analyst,208000000X,PEDIATRICS PHYSICIAN,2
BDS,Bachelor of Dental Surgery,207ZP0102X,ANATOMIC PATHOLOGY & CLINICAL PATHOLOGY PHYSICIAN,2
BS,Bachelor of Science,207P00000X,EMERGENCY MEDICINE PHYSICIAN,2
BS,Bachelor of Science,207RC0000X,CARDIOVASCULAR DISEASE PHYSICIAN,2
BS,Bachelor of Science,207RP1001X,PULMONARY DISEASE PHYSICIAN,2
BS,Bachelor of Science,207W00000X,OPHTHALMOLOGY PHYSICIAN,2
BS,Bachelor of Science,2080P0202X,PEDIATRIC CARDIOLOGY PHYSICIAN,2
BS,Bachelor of Science,2083P0901X,PUBLIC HEALTH & GENERAL PREVENTIVE MEDICINE PHYSICIAN,2
BS,Bachelor of Science,2084A0401X,ADDICTION MEDICINE (PSYCHIATRY & NEUROLOGY) PHYSICIAN,2
BS,Bachelor of Science,2084N0600X,CLINICAL NEUROPHYSIOLOGY PHYSICIAN,2
BS,Bachelor of Science,2085R0204X,VASCULAR & INTERVENTIONAL RADIOLOGY PHYSICIAN,2
BS,Bachelor of Science,208800000X,UROLOGY PHYSICIAN,2
BS,Bachelor of Science,208D00000X,GENERAL PRACTICE PHYSICIAN,2
BS,Bachelor of Science,208M00000X,HOSPITALIST PHYSICIAN,2
CA,Certified Acupuncturist,202D00000X,INTEGRATIVE MEDICINE PHYSICIAN,2
CA,Certified Acupuncturist,204C00000X,SPORTS MEDICINE (NEUROMUSCULOSKELETAL MEDICINE) PHYSICIAN,2
CADC,Certified Alcohol and Drug Counselor,2084P0800X,PSYCHIATRY PHYSICIAN,2
CADC,Certified Alcohol and Drug Counselor,2084P0802X,ADDICTION PSYCHIATRY PHYSICIAN,2
CASAC,Credentialed Alcoholism and Substance Abuse Counselor,2084P0800X,PSYCHIATRY PHYSICIAN,2
CCC-SLP,Certificate of Clinical Competence in Speech-Language Pathology,2081P0010X,PEDIATRIC REHABILITATION MEDICINE PHYSICIAN,2
CCP,Certified Clinical Perfusionist,208G00000X,THORACIC SURGERY (CARDIOTHORACIC VASCULAR SURGERY) PHYSICIAN,2
CHW,Community Health Worker,207Q00000X,FAMILY MEDICINE PHYSICIAN,2
CMA,Certified Medical Assistant,207QA0401X,ADDICTION MEDICINE (FAMILY MEDICINE) PHYSICIAN,2
CMT,Certified Massage Therapist,204D00000X,NEUROMUSCULOSKELETAL MEDICINE & OMM PHYSICIAN,2
CMT,Certified Massage Therapist,2083P0901X,PUBLIC HEALTH & GENERAL PREVENTIVE MEDICINE PHYSICIAN,2
CNIM,Certified Neurophysiologic Intraoperative Monitoring,204R00000X,ELECTRODIAGNOSTIC MEDICINE PHYSICIAN,2
COTA,Certified Occupational Therapy Assistant,207QG0300X,GERIATRIC MEDICINE (FAMILY MEDICINE) PHYSICIAN,2
COTA,Certified Occupational Therapy Assistant,2081N0008X,NEUROMUSCULAR MEDICINE (PHYSICAL MEDICINE & REHABILITATION) PHYSICIAN,2
COTA,Certified Occupational Therapy Assistant,2081P0010X,PEDIATRIC REHABILITATION MEDICINE PHYSICIAN,2
COTA/L,Certified Occupational Therapy Assistant Licensed,2080P0008X,PEDIATRIC NEURODEVELOPMENTAL DISABILITIES PHYSICIAN,2
CPM,Certified Professional Midwife,207V00000X,OBSTETRICS & GYNECOLOGY PHYSICIAN,2
CPM,Certified Professional Midwife,207VX0000X,OBSTETRICS PHYSICIAN,2
CSFA,Certified School Food Administrator,208200000X,PLASTIC SURGERY PHYSICIAN,2
CSFA,Certified School Food Administrator,2086S0129X,VASCULAR SURGERY PHYSICIAN,2
CSFA,Certified School Food Administrator,208G00000X,THORACIC SURGERY (CARDIOTHORACIC VASCULAR SURGERY) PHYSICIAN,2
CSW,Clinical Social Worker,2084A0401X,ADDICTION MEDICINE (PSYCHIATRY & NEUROLOGY) PHYSICIAN,2
CSW,Clinical Social Worker,2084P0802X,ADDICTION PSYCHIATRY PHYSICIAN,2
CT,Computed Tomography Technologist,207ZC0500X,CYTOPATHOLOGY PHYSICIAN,2
DC,Doctor of Chiropractic,204C00000X,SPORTS MEDICINE (NEUROMUSCULOSKELETAL MEDICINE) PHYSICIAN,2
DC,Doctor of Chiropractic,204D00000X,NEUROMUSCULOSKELETAL MEDICINE & OMM PHYSICIAN,2
DC,Doctor of Chiropractic,204R00000X,ELECTRODIAGNOSTIC MEDICINE PHYSICIAN,2
DC,Doctor of Chiropractic,207PS0010X,SPORTS MEDICINE (EMERGENCY MEDICINE) PHYSICIAN,2
DC,Doctor of Chiropractic,2083X0100X,OCCUPATIONAL MEDICINE PHYSICIAN,2
DDS,Doctor of Dental Surgery,207LP3000X,PEDIATRIC ANESTHESIOLOGY PHYSICIAN,2
DDS,Doctor of Dental Surgery,207Y00000X,OTOLARYNGOLOGY PHYSICIAN,2
DDS,Doctor of Dental Surgery,2081P2900X,PAIN MEDICINE (PHYSICAL MEDICINE & REHABILITATION) PHYSICIAN,2
DDS,Doctor of Dental Surgery,2084P0800X,PSYCHIATRY PHYSICIAN,2
DDS,Doctor of Dental Surgery,2086S0122X,PLASTIC AND RECONSTRUCTIVE SURGERY PHYSICIAN,2
DMD,Doctor of Medicine in Dentistry,207ZP0101X,ANATOMIC PATHOLOGY PHYSICIAN,2
DMD,Doctor of Medicine in Dentistry,208000000X,PEDIATRICS PHYSICIAN,2
DMD,Doctor of Medicine in Dentistry,2082S0099X,PLASTIC SURGERY WITHIN THE HEAD AND NECK (PLASTIC SURGERY) PHYSICIAN,2
DPM,Doctor of Podiatric Medicine,202K00000X,PHLEBOLOGY PHYSICIAN,2
DPM,Doctor of Podiatric Medicine,204D00000X,NEUROMUSCULOSKELETAL MEDICINE & OMM PHYSICIAN,2
DPM,Doctor of Podiatric Medicine,207N00000X,DERMATOLOGY PHYSICIAN,2
DPM,Doctor of Podiatric Medicine,207RG0300X,GERIATRIC MEDICINE (INTERNAL MEDICINE) PHYSICIAN,2
DPM,Doctor of Podiatric Medicine,208100000X,PHYSICAL MEDICINE & REHABILITATION PHYSICIAN,2
DPM,Doctor of Podiatric Medicine,208VP0000X,PAIN MEDICINE PHYSICIAN,2
DPT,Doctor of Physical Therapy,207QS0010X,SPORTS MEDICINE (FAMILY MEDICINE) PHYSICIAN,2
DPT,Doctor of Physical Therapy,207R00000X,INTERNAL MEDICINE PHYSICIAN,2
DPT,Doctor of Physical Therapy,2080P0008X,PEDIATRIC NEURODEVELOPMENTAL DISABILITIES PHYSICIAN,2
DPT,Doctor of Physical Therapy,2081P0301X,BRAIN INJURY MEDICINE (PHYSICAL MEDICINE & REHABILITATION) PHYSICIAN,2
DPT,Doctor of Physical Therapy,2083X0100X,OCCUPATIONAL MEDICINE PHYSICIAN,2
DPT,Doctor of Physical Therapy,2084N0400X,NEUROLOGY PHYSICIAN,2
DPT,Doctor of Physical Therapy,2085R0202X,DIAGNOSTIC RADIOLOGY PHYSICIAN,2
DT,Dance Therapist,2080P0006X,DEVELOPMENTAL - BEHAVIORAL PEDIATRICS PHYSICIAN,2
DVM,Doctor of Veterinary Medicine,207N00000X,DERMATOLOGY PHYSICIAN,2
DVM,Doctor of Veterinary Medicine,207RH0003X,HEMATOLOGY & ONCOLOGY PHYSICIAN,2
DVM,Doctor of Veterinary Medicine,2083P0901X,PUBLIC HEALTH & GENERAL PREVENTIVE MEDICINE PHYSICIAN,2
EMT,Emergency Medical Technician,207PS0010X,SPORTS MEDICINE (EMERGENCY MEDICINE) PHYSICIAN,2
EdD,Doctor of Education,208100000X,PHYSICAL MEDICINE & REHABILITATION PHYSICIAN,2
EdD,Doctor of Education,2084P0800X,PSYCHIATRY PHYSICIAN,2
LAC,Licensed Acupuncturist,202D00000X,INTEGRATIVE MEDICINE PHYSICIAN,2
LAC,Licensed Acupuncturist,207Q00000X,FAMILY MEDICINE PHYSICIAN,2
LAC,Licensed Acupuncturist,207R00000X,INTERNAL MEDICINE PHYSICIAN,2
LADC,Licensed Alcohol and Drug Counselor,2084P0802X,ADDICTION PSYCHIATRY PHYSICIAN,2
LAT,Licensed Athletic Trainer,207X00000X,ORTHOPAEDIC SURGERY PHYSICIAN,2
LCADC,Licensed Clinical Alcohol and Drug Counselor,2084P0800X,PSYCHIATRY PHYSICIAN,2
LCSW,Licensed Clinical Social Worker,207RA0401X,ADDICTION MEDICINE (INTERNAL MEDICINE) PHYSICIAN,2
LCSW,Licensed Clinical Social Worker,2084N0600X,CLINICAL NEUROPHYSIOLOGY PHYSICIAN,2
LCSW,Licensed Clinical Social Worker,208M00000X,HOSPITALIST PHYSICIAN,2
LCSW-A,Licensed Clinical Social Worker Associate,2084P0800X,PSYCHIATRY PHYSICIAN,2
LCSWA,Licensed Clinical Social Worker Associate,2084P0804X,CHILD & ADOLESCENT PSYCHIATRY PHYSICIAN,2
LGPC,Licensed Graduate Professional Counselor,2084P0804X,CHILD & ADOLESCENT PSYCHIATRY PHYSICIAN,2
LGSW,Licensed Graduate Social Worker,2084P0800X,PSYCHIATRY PHYSICIAN,2
LISW,Licensed Independent Social Worker,2084P0802X,ADDICTION PSYCHIATRY PHYSICIAN,2
LMFT,Licensed Marriage and Family Therapist,207Q00000X,FAMILY MEDICINE PHYSICIAN,2
LMHCA,Licensed Mental Health Counselor Associate,2084P0800X,PSYCHIATRY PHYSICIAN,2
LMP,Licensed Massage Practitioner,204C00000X,SPORTS MEDICINE (NEUROMUSCULOSKELETAL MEDICINE) PHYSICIAN,2
LP,Licensed Psychologist,2084N0400X,NEUROLOGY PHYSICIAN,2
LPC,Licensed Professional Counselor,2084A0401X,ADDICTION MEDICINE (PSYCHIATRY & NEUROLOGY) PHYSICIAN,2
LPCA,Licensed Professional Counselor Associate,2084P0800X,PSYCHIATRY PHYSICIAN,2
LPTA,Licensed Physical Therapist Assistant,2081P2900X,PAIN MEDICINE (PHYSICAL MEDICINE & REHABILITATION) PHYSICIAN,2
LSW,Licensed Social Worker,2084A0401X,ADDICTION MEDICINE (PSYCHIATRY & NEUROLOGY) PHYSICIAN,2
LSW,Licensed Social Worker,2084N0400X,NEUROLOGY PHYSICIAN,2
MHC,Mental Health Counselor,207RH0003X,HEMATOLOGY & ONCOLOGY PHYSICIAN,2
MT-BC,Music Therapist Board Certified,2080P0006X,DEVELOPMENTAL - BEHAVIORAL PEDIATRICS PHYSICIAN,2
ND,Doctor of Naturopathic Medicine,202C00000X,INDEPENDENT MEDICAL EXAMINER PHYSICIAN,2
ND,Doctor of Naturopathic Medicine,2083B0002X,OBESITY MEDICINE (PREVENTIVE MEDICINE) PHYSICIAN,2
NMD,Doctor of Naturopathic Medicine,207N00000X,DERMATOLOGY PHYSICIAN,2
NMD,Doctor of Naturopathic Medicine,208000000X,PEDIATRICS PHYSICIAN,2
NMD,Doctor of Naturopathic Medicine,2083P0901X,PUBLIC HEALTH & GENERAL PREVENTIVE MEDICINE PHYSICIAN,2
NMD,Doctor of Naturopathic Medicine,2083S0010X,SPORTS MEDICINE (PREVENTIVE MEDICINE) PHYSICIAN,2
OD,Doctor of Optometry,207RN0300X,NEPHROLOGY PHYSICIAN,2
OD,Doctor of Optometry,207WX0110X,PEDIATRIC OPHTHALMOLOGY AND STRABISMUS SPECIALIST PHYSICIAN,2
OD,Doctor of Optometry,207WX0120X,CORNEA AND EXTERNAL DISEASES SPECIALIST PHYSICIAN,2
OD,Doctor of Optometry,208D00000X,GENERAL PRACTICE PHYSICIAN,2
OD,Doctor of Optometry,208M00000X,HOSPITALIST PHYSICIAN,2
OMD,Oriental Medicine Doctor,208D00000X,GENERAL PRACTICE PHYSICIAN,2
OMD,Oriental Medicine Doctor,208VP0000X,PAIN MEDICINE PHYSICIAN,2
OMFS,Oral and Maxillofacial Surgeon,204E00000X,ORAL & MAXILLOFACIAL SURGERY (D.M.D.),2
OT,Occupational Therapist,204C00000X,SPORTS MEDICINE (NEUROMUSCULOSKELETAL MEDICINE) PHYSICIAN,2
OT,Occupational Therapist,2083P0500X,PREVENTIVE MEDICINE/OCCUPATIONAL ENVIRONMENTAL MEDICINE PHYSICIAN,2
OT/L,Occupational Therapist Licensed,208100000X,PHYSICAL MEDICINE & REHABILITATION PHYSICIAN,2
OTD,Doctor of Occupational Therapy,208000000X,PEDIATRICS PHYSICIAN,2
OTD,Doctor of Occupational Therapy,2080P0006X,DEVELOPMENTAL - BEHAVIORAL PEDIATRICS PHYSICIAN,2
OTR,Occupational Therapist Registered,204C00000X,SPORTS MEDICINE (NEUROMUSCULOSKELETAL MEDICINE) PHYSICIAN,2
OTR,Occupational Therapist Registered,2080P0008X,PEDIATRIC NEURODEVELOPMENTAL DISABILITIES PHYSICIAN,2
OTR,Occupational Therapist Registered,2081S0010X,SPORTS MEDICINE (PHYSICAL MEDICINE & REHABILITATION) PHYSICIAN,2
OTR,Occupational Therapist Registered,208M00000X,HOSPITALIST PHYSICIAN,2
OTR/L,Occupational Therapist Registered/Licensed,207R00000X,INTERNAL MEDICINE PHYSICIAN,2
OTR/L,Occupational Therapist Registered/Licensed,2080P0008X,PEDIATRIC NEURODEVELOPMENTAL DISABILITIES PHYSICIAN,2
OTR/L,Occupational Therapist Registered/Licensed,2081S0010X,SPORTS MEDICINE (PHYSICAL MEDICINE & REHABILITATION) PHYSICIAN,2
OTRL,Occupational Therapist Registered Licensed,208000000X,PEDIATRICS PHYSICIAN,2
PC,Pharmacist Clinician,2080P0203X,PEDIATRIC CRITICAL CARE MEDICINE PHYSICIAN,2
PC,Pharmacist Clinician,2086S0120X,PEDIATRIC SURGERY PHYSICIAN,2
PHD,Doctor of Philosophy,207K00000X,ALLERGY & IMMUNOLOGY PHYSICIAN,2
PHD,Doctor of Philosophy,207P00000X,EMERGENCY MEDICINE PHYSICIAN,2
PHD,Doctor of Philosophy,207QA0401X,ADDICTION MEDICINE (FAMILY MEDICINE) PHYSICIAN,2
PHD,Doctor of Philosophy,207RC0001X,CLINICAL CARDIAC ELECTROPHYSIOLOGY PHYSICIAN,2
PHD,Doctor of Philosophy,207RG0100X,GASTROENTEROLOGY PHYSICIAN,2
PHD,Doctor of Philosophy,207RG0300X,GERIATRIC MEDICINE (INTERNAL MEDICINE) PHYSICIAN,2
PHD,Doctor of Philosophy,207RI0011X,INTERVENTIONAL CARDIOLOGY PHYSICIAN,2
PHD,Doctor of Philosophy,207RI0200X,INFECTIOUS DISEASE PHYSICIAN,2
PHD,Doctor of Philosophy,207SG0201X,CLINICAL GENETICS (M.D.) PHYSICIAN,2
PHD,Doctor of Philosophy,207SM0001X,MOLECULAR GENETIC PATHOLOGY (MEDICAL GENETICS) PHYSICIAN,2
PHD,Doctor of Philosophy,207ZP0101X,ANATOMIC PATHOLOGY PHYSICIAN,2
PHD,Doctor of Philosophy,2080P0008X,PEDIATRIC NEURODEVELOPMENTAL DISABILITIES PHYSICIAN,2
PHD,Doctor of Philosophy,2081S0010X,SPORTS MEDICINE (PHYSICAL MEDICINE & REHABILITATION) PHYSICIAN,2
PHD,Doctor of Philosophy,2083B0002X,OBESITY MEDICINE (PREVENTIVE MEDICINE) PHYSICIAN,2
PHD,Doctor of Philosophy,2083S0010X,SPORTS MEDICINE (PREVENTIVE MEDICINE) PHYSICIAN,2
PHD,Doctor of Philosophy,2084A0401X,ADDICTION MEDICINE (PSYCHIATRY & NEUROLOGY) PHYSICIAN,2
PHD,Doctor of Philosophy,2084P0005X,NEURODEVELOPMENTAL DISABILITIES PHYSICIAN,2
PHD,Doctor of Philosophy,2084P0802X,ADDICTION PSYCHIATRY PHYSICIAN,2
PHD,Doctor of Philosophy,208VP0000X,PAIN MEDICINE PHYSICIAN,2
PHD,Doctor of Philosophy,208VP0014X,INTERVENTIONAL PAIN MEDICINE PHYSICIAN,2
PT,Physical Therapist,207QA0505X,ADULT MEDICINE PHYSICIAN,2
PTA,Physical Therapist Assistant,2080P0008X,PEDIATRIC NEURODEVELOPMENTAL DISABILITIES PHYSICIAN,2
PTA,Physical Therapist Assistant,2081P0301X,BRAIN INJURY MEDICINE (PHYSICAL MEDICINE & REHABILITATION) PHYSICIAN,2
PharmD,Doctor of Pharmacy,202C00000X,INDEPENDENT MEDICAL EXAMINER PHYSICIAN,2
PharmD,Doctor of Pharmacy,207RI0200X,INFECTIOUS DISEASE PHYSICIAN,2
PharmD,Doctor of Pharmacy,208000000X,PEDIATRICS PHYSICIAN,2
PharmD,Doctor of Pharmacy,2084P0800X,PSYCHIATRY PHYSICIAN,2
PsyD,Doctor of Psychology,202C00000X,INDEPENDENT MEDICAL EXAMINER PHYSICIAN,2
PsyD,Doctor of Psychology,207LP2900X,PAIN MEDICINE (ANESTHESIOLOGY) PHYSICIAN,2
PsyD,Doctor of Psychology,207R00000X,INTERNAL MEDICINE PHYSICIAN,2
RD,Registered Dietitian,207RN0300X,NEPHROLOGY PHYSICIAN,2
RD,Registered Dietitian,207V00000X,OBSTETRICS & GYNECOLOGY PHYSICIAN,2
RD,Registered Dietitian,208100000X,PHYSICAL MEDICINE & REHABILITATION PHYSICIAN,2
RD,Registered Dietitian,2083P0500X,PREVENTIVE MEDICINE/OCCUPATIONAL ENVIRONMENTAL MEDICINE PHYSICIAN,2
RD,Registered Dietitian,208D00000X,GENERAL PRACTICE PHYSICIAN,2
RDCS,Registered Diagnostic Cardiac Sonographer,2085R0202X,DIAGNOSTIC RADIOLOGY PHYSICIAN,2
RDN,Registered Dietitian Nutritionist,207R00000X,INTERNAL MEDICINE PHYSICIAN,2
RDN,Registered Dietitian Nutritionist,207RE0101X,"ENDOCRINOLOGY, DIABETES & METABOLISM PHYSICIAN",2
RDN,Registered Dietitian Nutritionist,2080P0206X,PEDIATRIC GASTROENTEROLOGY PHYSICIAN,2
RDN,Registered Dietitian Nutritionist,208600000X,SURGERY PHYSICIAN,2
RMA,Registered Medical Assistant,202K00000X,PHLEBOLOGY PHYSICIAN,2
RPT,Registered Physical Therapist,202K00000X,PHLEBOLOGY PHYSICIAN,2
SLP,Speech-Language Pathologist,207ZC0006X,CLINICAL PATHOLOGY PHYSICIAN,2
SLP,Speech-Language Pathologist,208000000X,PEDIATRICS PHYSICIAN,2
STUDENT,Student,208000000X,PEDIATRICS PHYSICIAN,2
STUDENT,Student,208D00000X,GENERAL PRACTICE PHYSICIAN,2
VMD,Doctor of Veterinary Medicine,207R00000X,INTERNAL MEDICINE PHYSICIAN,2
AA,Associate of Arts,207P00000X,EMERGENCY MEDICINE PHYSICIAN,1
AA,Associate of Arts,207Q00000X,FAMILY MEDICINE PHYSICIAN,1
AA,Associate of Arts,208100000X,PHYSICAL MEDICINE & REHABILITATION PHYSICIAN,1
AA,Associate of Arts,208600000X,SURGERY PHYSICIAN,1
AAS,Associate of Applied Science,207W00000X,OPHTHALMOLOGY PHYSICIAN,1
AAS,Associate of Applied Science,208100000X,PHYSICAL MEDICINE & REHABILITATION PHYSICIAN,1
AAS,Associate of Applied Science,2085R0202X,DIAGNOSTIC RADIOLOGY PHYSICIAN,1
ABO,American Board of Otolaryngology,207W00000X,OPHTHALMOLOGY PHYSICIAN,1
ABPN,American Board of Psychiatry and Neurology,208000000X,PEDIATRICS PHYSICIAN,1
ABPN,American Board of Psychiatry and Neurology,2080P0207X,PEDIATRIC HEMATOLOGY & ONCOLOGY PHYSICIAN,1
ABPN,American Board of Psychiatry and Neurology,2084P0005X,NEURODEVELOPMENTAL DISABILITIES PHYSICIAN,1
ABPN,American Board of Psychiatry and Neurology,2084P0804X,CHILD & ADOLESCENT PSYCHIATRY PHYSICIAN,1
ACUPUNCTURIST,Acupuncturist,208D00000X,GENERAL PRACTICE PHYSICIAN,1
ADMINISTRATOR,Administrator,207ND0101X,MOHS-MICROGRAPHIC SURGERY PHYSICIAN,1
AE-C,Certified Asthma Educator,208D00000X,GENERAL PRACTICE PHYSICIAN,1
AMFT,Associate Marriage and Family Therapist,2084P0800X,PSYCHIATRY PHYSICIAN,1
AS,Associate of Science,207XS0106X,ORTHOPAEDIC HAND SURGERY PHYSICIAN,1
AS,Associate of Science,2081P0010X,PEDIATRIC REHABILITATION MEDICINE PHYSICIAN,1
ASW,Associate Social Worker,207RI0011X,INTERVENTIONAL CARDIOLOGY PHYSICIAN,1
ASW,Associate Social Worker,2084P0804X,CHILD & ADOLESCENT PSYCHIATRY PHYSICIAN,1
AT,Athletic Trainer,207Q00000X,FAMILY MEDICINE PHYSICIAN,1
AT,Athletic Trainer,207RS0010X,SPORTS MEDICINE (INTERNAL MEDICINE) PHYSICIAN,1
AT,Athletic Trainer,207X00000X,ORTHOPAEDIC SURGERY PHYSICIAN,1
AT,Athletic Trainer,207XX0005X,SPORTS MEDICINE (ORTHOPAEDIC SURGERY) PHYSICIAN,1
AT,Athletic Trainer,207ZP0102X,ANATOMIC PATHOLOGY & CLINICAL PATHOLOGY PHYSICIAN,1
AT,Athletic Trainer,2084S0010X,SPORTS MEDICINE (PSYCHIATRY & NEUROLOGY) PHYSICIAN,1
ATC,Athletic Trainer Certified,207V00000X,OBSTETRICS & GYNECOLOGY PHYSICIAN,1
ATC,Athletic Trainer Certified,207XX0004X,ORTHOPAEDIC FOOT AND ANKLE SURGERY PHYSICIAN,1
ATC,Athletic Trainer Certified,207ZP0102X,ANATOMIC PATHOLOGY & CLINICAL PATHOLOGY PHYSICIAN,1
ATC,Athletic Trainer Certified,208000000X,PEDIATRICS PHYSICIAN,1
ATC,Athletic Trainer Certified,2080P0214X,PEDIATRIC PULMONOLOGY PHYSICIAN,1
ATC,Athletic Trainer Certified,2081H0002X,HOSPICE AND PALLIATIVE MEDICINE (PHYSICAL MEDICINE & REHABILITATION) PHYSICIAN,1
ATC,Athletic Trainer Certified,2081P2900X,PAIN MEDICINE (PHYSICAL MEDICINE & REHABILITATION) PHYSICIAN,1
ATC,Athletic Trainer Certified,2084N0400X,NEUROLOGY PHYSICIAN,1
ATR-BC,Art Therapist Registered - Board Certified,2080C0008X,CHILD ABUSE PEDIATRICS PHYSICIAN,1
ATR-BC,Art Therapist Registered - Board Certified,2084P0800X,PSYCHIATRY PHYSICIAN,1
AuD,Doctor of Audiology,207YX0007X,PLASTIC SURGERY WITHIN THE HEAD & NECK (OTOLARYNGOLOGY) PHYSICIAN,1
AuD,Doctor of Audiology,207YX0901X,OTOLOGY & NEUROTOLOGY PHYSICIAN,1
AuD,Doctor of Audiology,207YX0905X,OTOLARYNGOLOGY/FACIAL PLASTIC SURGERY PHYSICIAN,1
AuD,Doctor of Audiology,2085N0700X,NEURORADIOLOGY PHYSICIAN,1
AuD,Doctor of Audiology,2085R0202X,DIAGNOSTIC RADIOLOGY PHYSICIAN,1
AuD,Doctor of Audiology,208600000X,SURGERY PHYSICIAN,1
AuD,Doctor of Audiology,208M00000X,HOSPITALIST PHYSICIAN,1
BA,Bachelor of Arts,204C00000X,SPORTS MEDICINE (NEUROMUSCULOSKELETAL MEDICINE) PHYSICIAN,1
BA,Bachelor of Arts,207RI0200X,INFECTIOUS DISEASE PHYSICIAN,1
BA,Bachelor of Arts,207VE0102X,REPRODUCTIVE ENDOCRINOLOGY PHYSICIAN,1
BA,Bachelor of Arts,2080H0002X,PEDIATRIC HOSPICE AND PALLIATIVE MEDICINE PHYSICIAN,1
BA,Bachelor of Arts,2080P0006X,DEVELOPMENTAL - BEHAVIORAL PEDIATRICS PHYSICIAN,1
BA,Bachelor of Arts,208100000X,PHYSICAL MEDICINE & REHABILITATION PHYSICIAN,1
BA,Bachelor of Arts,2083A0300X,ADDICTION MEDICINE (PREVENTIVE MEDICINE) PHYSICIAN,1
BA,Bachelor of Arts,2084N0400X,NEUROLOGY PHYSICIAN,1
BA,Bachelor of Arts,208600000X,SURGERY PHYSICIAN,1
BA,Bachelor of Arts,2086S0127X,TRAUMA SURGERY PHYSICIAN,1
BA,Bachelor of Arts,208VP0000X,PAIN MEDICINE PHYSICIAN,1
BCABA,Board Certified Assistant Behavior Analyst,2080P0006X,DEVELOPMENTAL - BEHAVIORAL PEDIATRICS PHYSICIAN,1
BCABA,Board Certified Assistant Behavior Analyst,2084P0800X,PSYCHIATRY PHYSICIAN,1
BCBA,Board Certified Behavior Analyst,2084P0005X,NEURODEVELOPMENTAL DISABILITIES PHYSICIAN,1
BCPP,Board Certified Psychiatric Pharmacist,208D00000X,GENERAL PRACTICE PHYSICIAN,1
BCPP,Board Certified Psychiatric Pharmacist,208U00000X,CLINICAL PHARMACOLOGY PHYSICIAN,1
BCPS,Board Certified Pharmacotherapy Specialist,208U00000X,CLINICAL PHARMACOLOGY PHYSICIAN,1
BDS,Bachelor of Dental Surgery,208600000X,SURGERY PHYSICIAN,1
BMS,Bachelor of Medical Science,207ZP0102X,ANATOMIC PATHOLOGY & CLINICAL PATHOLOGY PHYSICIAN,1
BS,Bachelor of Science,204C00000X,SPORTS MEDICINE (NEUROMUSCULOSKELETAL MEDICINE) PHYSICIAN,1
BS,Bachelor of Science,204F00000X,TRANSPLANT SURGERY PHYSICIAN,1
BS,Bachelor of Science,207LA0401X,ADDICTION MEDICINE (ANESTHESIOLOGY) PHYSICIAN,1
BS,Bachelor of Science,207LP3000X,PEDIATRIC ANESTHESIOLOGY PHYSICIAN,1
BS,Bachelor of Science,207N00000X,DERMATOLOGY PHYSICIAN,1
BS,Bachelor of Science,207PE0004X,EMERGENCY MEDICAL SERVICES (EMERGENCY MEDICINE) PHYSICIAN,1
BS,Bachelor of Science,207PS0010X,SPORTS MEDICINE (EMERGENCY MEDICINE) PHYSICIAN,1
BS,Bachelor of Science,207RA0401X,ADDICTION MEDICINE (INTERNAL MEDICINE) PHYSICIAN,1
BS,Bachelor of Science,207RC0200X,CRITICAL CARE MEDICINE (INTERNAL MEDICINE) PHYSICIAN,1
BS,Bachelor of Science,207RG0100X,GASTROENTEROLOGY PHYSICIAN,1
BS,Bachelor of Science,207RN0300X,NEPHROLOGY PHYSICIAN,1
BS,Bachelor of Science,207RX0202X,MEDICAL ONCOLOGY PHYSICIAN,1
BS,Bachelor of Science,207T00000X,NEUROLOGICAL SURGERY PHYSICIAN,1
BS,Bachelor of Science,207U00000X,NUCLEAR MEDICINE PHYSICIAN,1
BS,Bachelor of Science,207UN0901X,NUCLEAR CARDIOLOGY PHYSICIAN,1
BS,Bachelor of Science,207V00000X,OBSTETRICS & GYNECOLOGY PHYSICIAN,1
BS,Bachelor of Science,207XS0106X,ORTHOPAEDIC HAND SURGERY PHYSICIAN,1
BS,Bachelor of Science,207ZP0102X,ANATOMIC PATHOLOGY & CLINICAL PATHOLOGY PHYSICIAN,1
BS,Bachelor of Science,207ZP0105X,CLINICAL PATHOLOGY/LABORATORY MEDICINE PHYSICIAN,1
BS,Bachelor of Science,207ZP0213X,PEDIATRIC PATHOLOGY PHYSICIAN,1
BS,Bachelor of Science,2080A0000X,PEDIATRIC ADOLESCENT MEDICINE PHYSICIAN,1
BS,Bachelor of Science,2080N0001X,NEONATAL-PERINATAL MEDICINE PHYSICIAN,1
BS,Bachelor of Science,2080P0006X,DEVELOPMENTAL - BEHAVIORAL PEDIATRICS PHYSICIAN,1
BS,Bachelor of Science,2080P0205X,PEDIATRIC ENDOCRINOLOGY PHYSICIAN,1
BS,Bachelor of Science,208200000X,PLASTIC SURGERY PHYSICIAN,1
BS,Bachelor of Science,2083S0010X,SPORTS MEDICINE (PREVENTIVE MEDICINE) PHYSICIAN,1
BS,Bachelor of Science,2084B0040X,BEHAVIORAL NEUROLOGY & NEUROPSYCHIATRY PHYSICIAN,1
BS,Bachelor of Science,2084N0008X,NEUROMUSCULAR MEDICINE (PSYCHIATRY & NEUROLOGY) PHYSICIAN,1
BS,Bachelor of Science,2084N0400X,NEUROLOGY PHYSICIAN,1
BS,Bachelor of Science,2084P0802X,ADDICTION PSYCHIATRY PHYSICIAN,1
BS,Bachelor of Science,2084P0804X,CHILD & ADOLESCENT PSYCHIATRY PHYSICIAN,1
BS,Bachelor of Science,2084V0102X,VASCULAR NEUROLOGY PHYSICIAN,1
BS,Bachelor of Science,2086S0120X,PEDIATRIC SURGERY PHYSICIAN,1
BS,Bachelor of Science,2086S0122X,PLASTIC AND RECONSTRUCTIVE SURGERY PHYSICIAN,1
BS,Bachelor of Science,208U00000X,CLINICAL PHARMACOLOGY PHYSICIAN,1
CA,Certified Acupuncturist,207K00000X,ALLERGY & IMMUNOLOGY PHYSICIAN,1
CA,Certified Acupuncturist,207R00000X,INTERNAL MEDICINE PHYSICIAN,1
CA,Certified Acupuncturist,207RS0010X,SPORTS MEDICINE (INTERNAL MEDICINE) PHYSICIAN,1
CA,Certified Acupuncturist,207RX0202X,MEDICAL ONCOLOGY PHYSICIAN,1
CA,Certified Acupuncturist,207VG0400X,GYNECOLOGY PHYSICIAN,1
CA,Certified Acupuncturist,207X00000X,ORTHOPAEDIC SURGERY PHYSICIAN,1
CA,Certified Acupuncturist,2080P0205X,PEDIATRIC ENDOCRINOLOGY PHYSICIAN,1
CA,Certified Acupuncturist,2081P0004X,SPINAL CORD INJURY MEDICINE PHYSICIAN,1
CA,Certified Acupuncturist,2083X0100X,OCCUPATIONAL MEDICINE PHYSICIAN,1
CA,Certified Acupuncturist,208600000X,SURGERY PHYSICIAN,1
CAC,Certified Animal Chiropractor,207RI0011X,INTERVENTIONAL CARDIOLOGY PHYSICIAN,1
CAC,Certified Animal Chiropractor,2084A0401X,ADDICTION MEDICINE (PSYCHIATRY & NEUROLOGY) PHYSICIAN,1
CAC,Certified Animal Chiropractor,2084P0800X,PSYCHIATRY PHYSICIAN,1
CASAC,Credentialed Alcoholism and Substance Abuse Counselor,2084A0401X,ADDICTION MEDICINE (PSYCHIATRY & NEUROLOGY) PHYSICIAN,1
CASAC-T,Credentialed Alcoholism and Substance Abuse Counselor - Trainee,207QA0401X,ADDICTION MEDICINE (FAMILY MEDICINE) PHYSICIAN,1
CCC-SLP,Certificate of Clinical Competence in Speech-Language Pathology,207P00000X,EMERGENCY MEDICINE PHYSICIAN,1
CCC-SLP,Certificate of Clinical Competence in Speech-Language Pathology,207Q00000X,FAMILY MEDICINE PHYSICIAN,1
CCC-SLP,Certificate of Clinical Competence in Speech-Language Pathology,207RG0100X,GASTROENTEROLOGY PHYSICIAN,1
CCC-SLP,Certificate of Clinical Competence in Speech-Language Pathology,207YX0905X,OTOLARYNGOLOGY/FACIAL PLASTIC SURGERY PHYSICIAN,1
CCC-SLP,Certificate of Clinical Competence in Speech-Language Pathology,207ZP0213X,PEDIATRIC PATHOLOGY PHYSICIAN,1
CCC-SLP,Certificate of Clinical Competence in Speech-Language Pathology,2080P0006X,DEVELOPMENTAL - BEHAVIORAL PEDIATRICS PHYSICIAN,1
CCC-SLP,Certificate of Clinical Competence in Speech-Language Pathology,2084N0400X,NEUROLOGY PHYSICIAN,1
CCP,Certified Clinical Perfusionist,207Q00000X,FAMILY MEDICINE PHYSICIAN,1
CDCA,Certified Drug and Alcohol Counselor,207RA0401X,ADDICTION MEDICINE (INTERNAL MEDICINE) PHYSICIAN,1
CDCA,Certified Drug and Alcohol Counselor,2084P0802X,ADDICTION PSYCHIATRY PHYSICIAN,1
CDCES,Certified Diabetes Care and Education Specialist,207Q00000X,FAMILY MEDICINE PHYSICIAN,1
CDCES,Certified Diabetes Care and Education Specialist,207RC0000X,CARDIOVASCULAR DISEASE PHYSICIAN,1
CDCES,Certified Diabetes Care and Education Specialist,2080P0205X,PEDIATRIC ENDOCRINOLOGY PHYSICIAN,1
CDCES,Certified Diabetes Care and Education Specialist,2080P0206X,PEDIATRIC GASTROENTEROLOGY PHYSICIAN,1
CEO,Chief Executive Officer,207Q00000X,FAMILY MEDICINE PHYSICIAN,1
CER,Certificate,208600000X,SURGERY PHYSICIAN,1
CF-SLP,Clinical Fellow Speech-Language Pathologist,207R00000X,INTERNAL MEDICINE PHYSICIAN,1
CF-SLP,Clinical Fellow Speech-Language Pathologist,207ZC0006X,CLINICAL PATHOLOGY PHYSICIAN,1
CF-SLP,Clinical Fellow Speech-Language Pathologist,207ZP0213X,PEDIATRIC PATHOLOGY PHYSICIAN,1
CGC,Certified Genetic Counselor,207Q00000X,FAMILY MEDICINE PHYSICIAN,1
CGC,Certified Genetic Counselor,207SG0202X,CLINICAL BIOCHEMICAL GENETICS PHYSICIAN,1
CGC,Certified Genetic Counselor,207VM0101X,MATERNAL & FETAL MEDICINE PHYSICIAN,1
CGC,Certified Genetic Counselor,2080P0206X,PEDIATRIC GASTROENTEROLOGY PHYSICIAN,1
CGC,Certified Genetic Counselor,2080P0208X,PEDIATRIC INFECTIOUS DISEASES PHYSICIAN,1
CHW,Community Health Worker,207QA0000X,ADOLESCENT MEDICINE (FAMILY MEDICINE) PHYSICIAN,1
CHW,Community Health Worker,207VH0002X,HOSPICE AND PALLIATIVE MEDICINE (OBSTETRICS & GYNECOLOGY) PHYSICIAN,1
CHW,Community Health Worker,2080A0000X,PEDIATRIC ADOLESCENT MEDICINE PHYSICIAN,1
CHW,Community Health Worker,2083P0901X,PUBLIC HEALTH & GENERAL PREVENTIVE MEDICINE PHYSICIAN,1
CHW,Community Health Worker,2084P0800X,PSYCHIATRY PHYSICIAN,1
CIC,Certified in Infection Control,207KI0005X,CLINICAL & LABORATORY IMMUNOLOGY (ALLERGY & IMMUNOLOGY) PHYSICIAN,1
CIC,Certified in Infection Control,207ZB0001X,BLOOD BANKING & TRANSFUSION MEDICINE PHYSICIAN,1
CIC,Certified in Infection Control,207ZI0100X,IMMUNOPATHOLOGY PHYSICIAN,1
CIC,Certified in Infection Control,207ZM0300X,MEDICAL MICROBIOLOGY PHYSICIAN,1
CIC,Certified in Infection Control,207ZP0105X,CLINICAL PATHOLOGY/LABORATORY MEDICINE PHYSICIAN,1
CIC,Certified in Infection Control,2083P0901X,PUBLIC HEALTH & GENERAL PREVENTIVE MEDICINE PHYSICIAN,1
CLC,Certified Lactation Counselor,207Q00000X,FAMILY MEDICINE PHYSICIAN,1
CLC,Certified Lactation Counselor,207VX0000X,OBSTETRICS PHYSICIAN,1
CMA,Certified Medical Assistant,207R00000X,INTERNAL MEDICINE PHYSICIAN,1
CMA,Certified Medical Assistant,207RG0100X,GASTROENTEROLOGY PHYSICIAN,1
CMA,Certified Medical Assistant,207RH0002X,HOSPICE AND PALLIATIVE MEDICINE (INTERNAL MEDICINE) PHYSICIAN,1
CMA,Certified Medical Assistant,207T00000X,NEUROLOGICAL SURGERY PHYSICIAN,1
CMA,Certified Medical Assistant,2080C0008X,CHILD ABUSE PEDIATRICS PHYSICIAN,1
CMA,Certified Medical Assistant,208100000X,PHYSICAL MEDICINE & REHABILITATION PHYSICIAN,1
CMA,Certified Medical Assistant,2083A0300X,ADDICTION MEDICINE (PREVENTIVE MEDICINE) PHYSICIAN,1
CMHC,Community Mental Health Counselor,207Q00000X,FAMILY MEDICINE PHYSICIAN,1
CMT,Certified Massage Therapist,207P00000X,EMERGENCY MEDICINE PHYSICIAN,1
CMT,Certified Massage Therapist,207Q00000X,FAMILY MEDICINE PHYSICIAN,1
CMT,Certified Massage Therapist,207XX0005X,SPORTS MEDICINE (ORTHOPAEDIC SURGERY) PHYSICIAN,1
CMT,Certified Massage Therapist,208100000X,PHYSICAL MEDICINE & REHABILITATION PHYSICIAN,1
CMT,Certified Massage Therapist,2081S0010X,SPORTS MEDICINE (PHYSICAL MEDICINE & REHABILITATION) PHYSICIAN,1
CNIM,Certified Neurophysiologic Intraoperative Monitoring,2084N0400X,NEUROLOGY PHYSICIAN,1
COTA,Certified Occupational Therapy Assistant,202C00000X,INDEPENDENT MEDICAL EXAMINER PHYSICIAN,1
COTA,Certified Occupational Therapy Assistant,2080S0010X,PEDIATRIC SPORTS MEDICINE PHYSICIAN,1
COTA/L,Certified Occupational Therapy Assistant Licensed,2081N0008X,NEUROMUSCULAR MEDICINE (PHYSICAL MEDICINE & REHABILITATION) PHYSICIAN,1
CPA,Certified Public Accountant,207Q00000X,FAMILY MEDICINE PHYSICIAN,1
CPA,Certified Public Accountant,2083P0901X,PUBLIC HEALTH & GENERAL PREVENTIVE MEDICINE PHYSICIAN,1
CPC,Certified Professional Coder,207RH0003X,HEMATOLOGY & ONCOLOGY PHYSICIAN,1
CPC,Certified Professional Coder,2084A0401X,ADDICTION MEDICINE (PSYCHIATRY & NEUROLOGY) PHYSICIAN,1
CPHT,Certified Pharmacy Technician,207PE0004X,EMERGENCY MEDICAL SERVICES (EMERGENCY MEDICINE) PHYSICIAN,1
CPSS,Certified Peer Support Specialist,2084P0800X,PSYCHIATRY PHYSICIAN,1
CRT,Certified Respiratory Therapist,207RP1001X,PULMONARY DISEASE PHYSICIAN,1
CRT,Certified Respiratory Therapist,2081P0301X,BRAIN INJURY MEDICINE (PHYSICAL MEDICINE & REHABILITATION) PHYSICIAN,1
CRT,Certified Respiratory Therapist,2085B0100X,BODY IMAGING PHYSICIAN,1
CRT,Certified Respiratory Therapist,2085R0202X,DIAGNOSTIC RADIOLOGY PHYSICIAN,1
CRT,Certified Respiratory Therapist,2085U0001X,DIAGNOSTIC ULTRASOUND PHYSICIAN,1
CSFA,Certified School Food Administrator,207Q00000X,FAMILY MEDICINE PHYSICIAN,1
CSFA,Certified School Food Administrator,207VF0040X,UROGYNECOLOGY AND RECONSTRUCTIVE PELVIC SURGERY (OBSTETRICS & GYNECOLOGY) PHYSICIAN,1
CSFA,Certified School Food Administrator,207XX0801X,ORTHOPAEDIC TRAUMA PHYSICIAN,1
CSFA,Certified School Food Administrator,2086S0120X,PEDIATRIC SURGERY PHYSICIAN,1
CSFA,Certified School Food Administrator,2086S0122X,PLASTIC AND RECONSTRUCTIVE SURGERY PHYSICIAN,1
CSFA,Certified School Food Administrator,2086S0127X,TRAUMA SURGERY PHYSICIAN,1
CST,Certified Surgical Technologist,207Q00000X,FAMILY MEDICINE PHYSICIAN,1
CST,Certified Surgical Technologist,207T00000X,NEUROLOGICAL SURGERY PHYSICIAN,1
CST,Certified Surgical Technologist,208200000X,PLASTIC SURGERY PHYSICIAN,1
CST,Certified Surgical Technologist,2086S0120X,PEDIATRIC SURGERY PHYSICIAN,1
CST,Certified Surgical Technologist,2086S0127X,TRAUMA SURGERY PHYSICIAN,1
CST,Certified Surgical Technologist,2086S0129X,VASCULAR SURGERY PHYSICIAN,1
CSW,Clinical Social Worker,207R00000X,INTERNAL MEDICINE PHYSICIAN,1
CSW,Clinical Social Worker,207RA0401X,ADDICTION MEDICINE (INTERNAL MEDICINE) PHYSICIAN,1
CSW,Clinical Social Worker,207RH0003X,HEMATOLOGY & ONCOLOGY PHYSICIAN,1
CSW,Clinical Social Worker,207V00000X,OBSTETRICS & GYNECOLOGY PHYSICIAN,1
CSW,Clinical Social Worker,2080P0006X,DEVELOPMENTAL - BEHAVIORAL PEDIATRICS PHYSICIAN,1
CSW,Clinical Social Worker,2084N0400X,NEUROLOGY PHYSICIAN,1
CSW,Clinical Social Worker,2084N0600X,CLINICAL NEUROPHYSIOLOGY PHYSICIAN,1
CSW,Clinical Social Worker,2085R0202X,DIAGNOSTIC RADIOLOGY PHYSICIAN,1
CSW,Clinical Social Worker,208D00000X,GENERAL PRACTICE PHYSICIAN,1
CT,Computed Tomography Technologist,207U00000X,NUCLEAR MEDICINE PHYSICIAN,1
CT,Computed Tomography Technologist,2085B0100X,BODY IMAGING PHYSICIAN,1
CTRS,Certified Therapeutic Recreation Specialist,207ZP0102X,ANATOMIC PATHOLOGY & CLINICAL PATHOLOGY PHYSICIAN,1
CWS,Certified Wound Specialist,207RA0401X,ADDICTION MEDICINE (INTERNAL MEDICINE) PHYSICIAN,1
CWS,Certified Wound Specialist,208100000X,PHYSICAL MEDICINE & REHABILITATION PHYSICIAN,1
CWS,Certified Wound Specialist,2083P0011X,UNDERSEA AND HYPERBARIC MEDICINE (PREVENTIVE MEDICINE) PHYSICIAN,1
DACBN,Diplomate of American Chiropractic Board of Nutrition,208D00000X,GENERAL PRACTICE PHYSICIAN,1
DACVD,Diplomate of the American College of Veterinary Dermatology,207N00000X,DERMATOLOGY PHYSICIAN,1
DBA,Doctor of Business Administration,207RI0001X,CLINICAL & LABORATORY IMMUNOLOGY (INTERNAL MEDICINE) PHYSICIAN,1
DC,Doctor of Chiropractic,202C00000X,INDEPENDENT MEDICAL EXAMINER PHYSICIAN,1
DC,Doctor of Chiropractic,207KI0005X,CLINICAL & LABORATORY IMMUNOLOGY (ALLERGY & IMMUNOLOGY) PHYSICIAN,1
DC,Doctor of Chiropractic,207P00000X,EMERGENCY MEDICINE PHYSICIAN,1
DC,Doctor of Chiropractic,207QS0010X,SPORTS MEDICINE (FAMILY MEDICINE) PHYSICIAN,1
DC,Doctor of Chiropractic,207RA0401X,ADDICTION MEDICINE (INTERNAL MEDICINE) PHYSICIAN,1
DC,Doctor of Chiropractic,207RC0000X,CARDIOVASCULAR DISEASE PHYSICIAN,1
DC,Doctor of Chiropractic,207T00000X,NEUROLOGICAL SURGERY PHYSICIAN,1
DC,Doctor of Chiropractic,208000000X,PEDIATRICS PHYSICIAN,1
DC,Doctor of Chiropractic,2081H0002X,HOSPICE AND PALLIATIVE MEDICINE (PHYSICAL MEDICINE & REHABILITATION) PHYSICIAN,1
DC,Doctor of Chiropractic,2083A0300X,ADDICTION MEDICINE (PREVENTIVE MEDICINE) PHYSICIAN,1
DC,Doctor of Chiropractic,2083P0011X,UNDERSEA AND HYPERBARIC MEDICINE (PREVENTIVE MEDICINE) PHYSICIAN,1
DC,Doctor of Chiropractic,2083P0901X,PUBLIC HEALTH & GENERAL PREVENTIVE MEDICINE PHYSICIAN,1
DC,Doctor of Chiropractic,2083S0010X,SPORTS MEDICINE (PREVENTIVE MEDICINE) PHYSICIAN,1
DC,Doctor of Chiropractic,2084N0400X,NEUROLOGY PHYSICIAN,1
DC,Doctor of Chiropractic,2084N0402X,NEUROLOGY WITH SPECIAL QUALIFICATIONS IN CHILD NEUROLOGY PHYSICIAN,1
DC,Doctor of Chiropractic,2084P0800X,PSYCHIATRY PHYSICIAN,1
DDS,Doctor of Dental Surgery,207LH0002X,HOSPICE AND PALLIATIVE MEDICINE (ANESTHESIOLOGY) PHYSICIAN,1
DDS,Doctor of Dental Surgery,207LP2900X,PAIN MEDICINE (ANESTHESIOLOGY) PHYSICIAN,1
DDS,Doctor of Dental Surgery,207ND0900X,DERMATOPATHOLOGY PHYSICIAN,1
DDS,Doctor of Dental Surgery,207PE0005X,UNDERSEA AND HYPERBARIC MEDICINE (EMERGENCY MEDICINE) PHYSICIAN,1
DDS,Doctor of Dental Surgery,207QG0300X,GERIATRIC MEDICINE (FAMILY MEDICINE) PHYSICIAN,1
DDS,Doctor of Dental Surgery,207RA0000X,ADOLESCENT MEDICINE (INTERNAL MEDICINE) PHYSICIAN,1
DDS,Doctor of Dental Surgery,207RC0200X,CRITICAL CARE MEDICINE (INTERNAL MEDICINE) PHYSICIAN,1
DDS,Doctor of Dental Surgery,207RS0012X,SLEEP MEDICINE (INTERNAL MEDICINE) PHYSICIAN,1
DDS,Doctor of Dental Surgery,207ZC0006X,CLINICAL PATHOLOGY PHYSICIAN,1
DDS,Doctor of Dental Surgery,2080P0203X,PEDIATRIC CRITICAL CARE MEDICINE PHYSICIAN,1
DDS,Doctor of Dental Surgery,2083P0011X,UNDERSEA AND HYPERBARIC MEDICINE (PREVENTIVE MEDICINE) PHYSICIAN,1
DDS,Doctor of Dental Surgery,2084N0400X,NEUROLOGY PHYSICIAN,1
DDS,Doctor of Dental Surgery,2084S0012X,SLEEP MEDICINE (PSYCHIATRY & NEUROLOGY) PHYSICIAN,1
DDS,Doctor of Dental Surgery,2085R0202X,DIAGNOSTIC RADIOLOGY PHYSICIAN,1
DDS,Doctor of Dental Surgery,2086S0129X,VASCULAR SURGERY PHYSICIAN,1
DDS,Doctor of Dental Surgery,208VP0014X,INTERVENTIONAL PAIN MEDICINE PHYSICIAN,1
DMD,Doctor of Medicine in Dentistry,202C00000X,INDEPENDENT MEDICAL EXAMINER PHYSICIAN,1
DMD,Doctor of Medicine in Dentistry,207KA0200X,ALLERGY PHYSICIAN,1
DMD,Doctor of Medicine in Dentistry,207LP2900X,PAIN MEDICINE (ANESTHESIOLOGY) PHYSICIAN,1
DMD,Doctor of Medicine in Dentistry,207QG0300X,GERIATRIC MEDICINE (FAMILY MEDICINE) PHYSICIAN,1
DMD,Doctor of Medicine in Dentistry,207R00000X,INTERNAL MEDICINE PHYSICIAN,1
DMD,Doctor of Medicine in Dentistry,207RC0200X,CRITICAL CARE MEDICINE (INTERNAL MEDICINE) PHYSICIAN,1
DMD,Doctor of Medicine in Dentistry,207RI0011X,INTERVENTIONAL CARDIOLOGY PHYSICIAN,1
DMD,Doctor of Medicine in Dentistry,207Y00000X,OTOLARYNGOLOGY PHYSICIAN,1
DMD,Doctor of Medicine in Dentistry,207ZC0006X,CLINICAL PATHOLOGY PHYSICIAN,1
DMD,Doctor of Medicine in Dentistry,207ZC0500X,CYTOPATHOLOGY PHYSICIAN,1
DMD,Doctor of Medicine in Dentistry,207ZI0100X,IMMUNOPATHOLOGY PHYSICIAN,1
DMD,Doctor of Medicine in Dentistry,207ZP0213X,PEDIATRIC PATHOLOGY PHYSICIAN,1
DMD,Doctor of Medicine in Dentistry,2084N0400X,NEUROLOGY PHYSICIAN,1
DMD,Doctor of Medicine in Dentistry,2084P0800X,PSYCHIATRY PHYSICIAN,1
DMD,Doctor of Medicine in Dentistry,2084P0804X,CHILD & ADOLESCENT PSYCHIATRY PHYSICIAN,1
DMD,Doctor of Medicine in Dentistry,2084S0012X,SLEEP MEDICINE (PSYCHIATRY & NEUROLOGY) PHYSICIAN,1
DMD,Doctor of Medicine in Dentistry,2085R0202X,DIAGNOSTIC RADIOLOGY PHYSICIAN,1
DMD,Doctor of Medicine in Dentistry,2086S0120X,PEDIATRIC SURGERY PHYSICIAN,1
DMD,Doctor of Medicine in Dentistry,2086S0122X,PLASTIC AND RECONSTRUCTIVE SURGERY PHYSICIAN,1
DMD,Doctor of Medicine in Dentistry,2086X0206X,SURGICAL ONCOLOGY PHYSICIAN,1
DMD,Doctor of Medicine in Dentistry,208M00000X,HOSPITALIST PHYSICIAN,1
DPH,Doctor of Public Health,207Q00000X,FAMILY MEDICINE PHYSICIAN,1
DPH,Doctor of Public Health,2083P0901X,PUBLIC HEALTH & GENERAL PREVENTIVE MEDICINE PHYSICIAN,1
DPM,Doctor of Podiatric Medicine,204C00000X,SPORTS MEDICINE (NEUROMUSCULOSKELETAL MEDICINE) PHYSICIAN,1
DPM,Doctor of Podiatric Medicine,207P00000X,EMERGENCY MEDICINE PHYSICIAN,1
DPM,Doctor of Podiatric Medicine,207QG0300X,GERIATRIC MEDICINE (FAMILY MEDICINE) PHYSICIAN,1
DPM,Doctor of Podiatric Medicine,207T00000X,NEUROLOGICAL SURGERY PHYSICIAN,1
DPM,Doctor of Podiatric Medicine,208000000X,PEDIATRICS PHYSICIAN,1
DPM,Doctor of Podiatric Medicine,2081S0010X,SPORTS MEDICINE (PHYSICAL MEDICINE & REHABILITATION) PHYSICIAN,1
DPM,Doctor of Podiatric Medicine,208200000X,PLASTIC SURGERY PHYSICIAN,1
DPM,Doctor of Podiatric Medicine,2084P0800X,PSYCHIATRY PHYSICIAN,1
DPM,Doctor of Podiatric Medicine,2085R0202X,DIAGNOSTIC RADIOLOGY PHYSICIAN,1
DPM,Doctor of Podiatric Medicine,2085R0204X,VASCULAR & INTERVENTIONAL RADIOLOGY PHYSICIAN,1
DPM,Doctor of Podiatric Medicine,2086S0129X,VASCULAR SURGERY PHYSICIAN,1
DPM,Doctor of Podiatric Medicine,208M00000X,HOSPITALIST PHYSICIAN,1
DPT,Doctor of Physical Therapy,202D00000X,INTEGRATIVE MEDICINE PHYSICIAN,1
DPT,Doctor of Physical Therapy,207ND0900X,DERMATOPATHOLOGY PHYSICIAN,1
DPT,Doctor of Physical Therapy,207RG0100X,GASTROENTEROLOGY PHYSICIAN,1
DPT,Doctor of Physical Therapy,207RH0000X,HEMATOLOGY (INTERNAL MEDICINE) PHYSICIAN,1
DPT,Doctor of Physical Therapy,207RX0202X,MEDICAL ONCOLOGY PHYSICIAN,1
DPT,Doctor of Physical Therapy,207V00000X,OBSTETRICS & GYNECOLOGY PHYSICIAN,1
DPT,Doctor of Physical Therapy,207XS0106X,ORTHOPAEDIC HAND SURGERY PHYSICIAN,1
DPT,Doctor of Physical Therapy,207ZP0102X,ANATOMIC PATHOLOGY & CLINICAL PATHOLOGY PHYSICIAN,1
DPT,Doctor of Physical Therapy,2081P0004X,SPINAL CORD INJURY MEDICINE PHYSICIAN,1
DPT,Doctor of Physical Therapy,2083P0500X,PREVENTIVE MEDICINE/OCCUPATIONAL ENVIRONMENTAL MEDICINE PHYSICIAN,1
DPT,Doctor of Physical Therapy,2084P0804X,CHILD & ADOLESCENT PSYCHIATRY PHYSICIAN,1
DT,Dance Therapist,208100000X,PHYSICAL MEDICINE & REHABILITATION PHYSICIAN,1
DT,Dance Therapist,2081P2900X,PAIN MEDICINE (PHYSICAL MEDICINE & REHABILITATION) PHYSICIAN,1
DVM,Doctor of Veterinary Medicine,207PE0004X,EMERGENCY MEDICAL SERVICES (EMERGENCY MEDICINE) PHYSICIAN,1
DVM,Doctor of Veterinary Medicine,207PH0002X,HOSPICE AND PALLIATIVE MEDICINE (EMERGENCY MEDICINE) PHYSICIAN,1
DVM,Doctor of Veterinary Medicine,207PS0010X,SPORTS MEDICINE (EMERGENCY MEDICINE) PHYSICIAN,1
DVM,Doctor of Veterinary Medicine,207RC0000X,CARDIOVASCULAR DISEASE PHYSICIAN,1
DVM,Doctor of Veterinary Medicine,207RI0200X,INFECTIOUS DISEASE PHYSICIAN,1
DVM,Doctor of Veterinary Medicine,207XX0005X,SPORTS MEDICINE (ORTHOPAEDIC SURGERY) PHYSICIAN,1
DVM,Doctor of Veterinary Medicine,207ZM0300X,MEDICAL MICROBIOLOGY PHYSICIAN,1
DVM,Doctor of Veterinary Medicine,207ZP0105X,CLINICAL PATHOLOGY/LABORATORY MEDICINE PHYSICIAN,1
DVM,Doctor of Veterinary Medicine,2081S0010X,SPORTS MEDICINE (PHYSICAL MEDICINE & REHABILITATION) PHYSICIAN,1
DVM,Doctor of Veterinary Medicine,2083S0010X,SPORTS MEDICINE (PREVENTIVE MEDICINE) PHYSICIAN,1
DVM,Doctor of Veterinary Medicine,2084N0400X,NEUROLOGY PHYSICIAN,1
EMT,Emergency Medical Technician,2081S0010X,SPORTS MEDICINE (PHYSICAL MEDICINE & REHABILITATION) PHYSICIAN,1
EMTP,Emergency Medical Technician - Paramedic,207PE0004X,EMERGENCY MEDICAL SERVICES (EMERGENCY MEDICINE) PHYSICIAN,1
EdD,Doctor of Education,204C00000X,SPORTS MEDICINE (NEUROMUSCULOSKELETAL MEDICINE) PHYSICIAN,1
EdD,Doctor of Education,207Q00000X,FAMILY MEDICINE PHYSICIAN,1
EdD,Doctor of Education,2083S0010X,SPORTS MEDICINE (PREVENTIVE MEDICINE) PHYSICIAN,1
FAAP,Fellow of the American Academy of Pediatrics,208000000X,PEDIATRICS PHYSICIAN,1
FAAP,Fellow of the American Academy of Pediatrics,208D00000X,GENERAL PRACTICE PHYSICIAN,1
FACOG,Fellow of the American College of Obstetrics and Gynecology,207V00000X,OBSTETRICS & GYNECOLOGY PHYSICIAN,1
HHA,Home Health Aide,202K00000X,PHLEBOLOGY PHYSICIAN,1
HHA,Home Health Aide,207K00000X,ALLERGY & IMMUNOLOGY PHYSICIAN,1
HS,High School Graduate,208VP0014X,INTERVENTIONAL PAIN MEDICINE PHYSICIAN,1
IBCLC,International Board Certified Lactation Consultant,207Q00000X,FAMILY MEDICINE PHYSICIAN,1
IBCLC,International Board Certified Lactation Consultant,207V00000X,OBSTETRICS & GYNECOLOGY PHYSICIAN,1
IBCLC,International Board Certified Lactation Consultant,207VX0000X,OBSTETRICS PHYSICIAN,1
IBCLC,International Board Certified Lactation Consultant,2080A0000X,PEDIATRIC ADOLESCENT MEDICINE PHYSICIAN,1
IBCLC,International Board Certified Lactation Consultant,2080N0001X,NEONATAL-PERINATAL MEDICINE PHYSICIAN,1
IBCLC,International Board Certified Lactation Consultant,2081P0010X,PEDIATRIC REHABILITATION MEDICINE PHYSICIAN,1
IBCLC,International Board Certified Lactation Consultant,2083P0901X,PUBLIC HEALTH & GENERAL PREVENTIVE MEDICINE PHYSICIAN,1
IDC,Infection Disease Control Specialist,202C00000X,INDEPENDENT MEDICAL EXAMINER PHYSICIAN,1
JD,Juris Doctor,2084B0040X,BEHAVIORAL NEUROLOGY & NEUROPSYCHIATRY PHYSICIAN,1
JD,Juris Doctor,2084P0802X,ADDICTION PSYCHIATRY PHYSICIAN,1
JD,Juris Doctor,208D00000X,GENERAL PRACTICE PHYSICIAN,1
LAC,Licensed Acupuncturist,204C00000X,SPORTS MEDICINE (NEUROMUSCULOSKELETAL MEDICINE) PHYSICIAN,1
LAC,Licensed Acupuncturist,207KA0200X,ALLERGY PHYSICIAN,1
LAC,Licensed Acupuncturist,207N00000X,DERMATOLOGY PHYSICIAN,1
LAC,Licensed Acupuncturist,207QG0300X,GERIATRIC MEDICINE (FAMILY MEDICINE) PHYSICIAN,1
LAC,Licensed Acupuncturist,207RA0401X,ADDICTION MEDICINE (INTERNAL MEDICINE) PHYSICIAN,1
LAC,Licensed Acupuncturist,207VC0200X,CRITICAL CARE MEDICINE (OBSTETRICS & GYNECOLOGY) PHYSICIAN,1
LAC,Licensed Acupuncturist,208100000X,PHYSICAL MEDICINE & REHABILITATION PHYSICIAN,1
LAC,Licensed Acupuncturist,2081P0004X,SPINAL CORD INJURY MEDICINE PHYSICIAN,1
LAC,Licensed Acupuncturist,2083P0500X,PREVENTIVE MEDICINE/OCCUPATIONAL ENVIRONMENTAL MEDICINE PHYSICIAN,1
LAC,Licensed Acupuncturist,2083P0901X,PUBLIC HEALTH & GENERAL PREVENTIVE MEDICINE PHYSICIAN,1
LAC,Licensed Acupuncturist,2083S0010X,SPORTS MEDICINE (PREVENTIVE MEDICINE) PHYSICIAN,1
LAC,Licensed Acupuncturist,2084N0008X,NEUROMUSCULAR MEDICINE (PSYCHIATRY & NEUROLOGY) PHYSICIAN,1
LAC,Licensed Acupuncturist,2084P0804X,CHILD & ADOLESCENT PSYCHIATRY PHYSICIAN,1
LADC,Licensed Alcohol and Drug Counselor,2084A0401X,ADDICTION MEDICINE (PSYCHIATRY & NEUROLOGY) PHYSICIAN,1
LAMFT,Licensed Associate Marriage and Family Therapist,2084P0800X,PSYCHIATRY PHYSICIAN,1
LAT,Licensed Athletic Trainer,207PE0004X,EMERGENCY MEDICAL SERVICES (EMERGENCY MEDICINE) PHYSICIAN,1
LAT,Licensed Athletic Trainer,207XX0004X,ORTHOPAEDIC FOOT AND ANKLE SURGERY PHYSICIAN,1
LAT,Licensed Athletic Trainer,2081P0010X,PEDIATRIC REHABILITATION MEDICINE PHYSICIAN,1
LAT,Licensed Athletic Trainer,2084S0010X,SPORTS MEDICINE (PSYCHIATRY & NEUROLOGY) PHYSICIAN,1
LCADC,Licensed Clinical Alcohol and Drug Counselor,207RA0401X,ADDICTION MEDICINE (INTERNAL MEDICINE) PHYSICIAN,1
LCAS,Licensed Clinical Addiction Specialist,207Q00000X,FAMILY MEDICINE PHYSICIAN,1
LCAS,Licensed Clinical Addiction Specialist,207RN0300X,NEPHROLOGY PHYSICIAN,1
LCMHC,Licensed Clinical Mental Health Counselor,2084P0802X,ADDICTION PSYCHIATRY PHYSICIAN,1
LCMHCA,Licensed Clinical Mental Health Counselor Associate,2080P0006X,DEVELOPMENTAL - BEHAVIORAL PEDIATRICS PHYSICIAN,1
LCPC,Licensed Clinical Professional Counselor,207R00000X,INTERNAL MEDICINE PHYSICIAN,1
LCPC,Licensed Clinical Professional Counselor,208100000X,PHYSICAL MEDICINE & REHABILITATION PHYSICIAN,1
LCSW,Licensed Clinical Social Worker,202D00000X,INTEGRATIVE MEDICINE PHYSICIAN,1
LCSW,Licensed Clinical Social Worker,207L00000X,ANESTHESIOLOGY PHYSICIAN,1
LCSW,Licensed Clinical Social Worker,207P00000X,EMERGENCY MEDICINE PHYSICIAN,1
LCSW,Licensed Clinical Social Worker,207RC0000X,CARDIOVASCULAR DISEASE PHYSICIAN,1
LCSW,Licensed Clinical Social Worker,207RG0100X,GASTROENTEROLOGY PHYSICIAN,1
LCSW,Licensed Clinical Social Worker,207RH0003X,HEMATOLOGY & ONCOLOGY PHYSICIAN,1
LCSW,Licensed Clinical Social Worker,207RN0300X,NEPHROLOGY PHYSICIAN,1
LCSW,Licensed Clinical Social Worker,207V00000X,OBSTETRICS & GYNECOLOGY PHYSICIAN,1
LCSW,Licensed Clinical Social Worker,2080A0000X,PEDIATRIC ADOLESCENT MEDICINE PHYSICIAN,1
LCSW,Licensed Clinical Social Worker,2080C0008X,CHILD ABUSE PEDIATRICS PHYSICIAN,1
LCSW,Licensed Clinical Social Worker,2080P0207X,PEDIATRIC HEMATOLOGY & ONCOLOGY PHYSICIAN,1
LCSW,Licensed Clinical Social Worker,208200000X,PLASTIC SURGERY PHYSICIAN,1
LCSW,Licensed Clinical Social Worker,2083A0300X,ADDICTION MEDICINE (PREVENTIVE MEDICINE) PHYSICIAN,1
LCSW,Licensed Clinical Social Worker,2083P0901X,PUBLIC HEALTH & GENERAL PREVENTIVE MEDICINE PHYSICIAN,1
LCSW,Licensed Clinical Social Worker,2083X0100X,OCCUPATIONAL MEDICINE PHYSICIAN,1
LCSW,Licensed Clinical Social Worker,2084A0401X,ADDICTION MEDICINE (PSYCHIATRY & NEUROLOGY) PHYSICIAN,1
LCSW,Licensed Clinical Social Worker,2084H0002X,HOSPICE AND PALLIATIVE MEDICINE (PSYCHIATRY & NEUROLOGY) PHYSICIAN,1
LCSW,Licensed Clinical Social Worker,2084N0400X,NEUROLOGY PHYSICIAN,1
LCSW,Licensed Clinical Social Worker,2084P0802X,ADDICTION PSYCHIATRY PHYSICIAN,1
LCSW,Licensed Clinical Social Worker,2085R0202X,DIAGNOSTIC RADIOLOGY PHYSICIAN,1
LCSW,Licensed Clinical Social Worker,208600000X,SURGERY PHYSICIAN,1
LCSW-A,Licensed Clinical Social Worker Associate,207Q00000X,FAMILY MEDICINE PHYSICIAN,1
LCSW-C,Licensed Clinical Social Worker - Clinical,208D00000X,GENERAL PRACTICE PHYSICIAN,1
LCSWA,Licensed Clinical Social Worker Associate,2084P0800X,PSYCHIATRY PHYSICIAN,1
LCSWA,Licensed Clinical Social Worker Associate,2084P0802X,ADDICTION PSYCHIATRY PHYSICIAN,1
LDO,Licensed Dispensing Optician,207W00000X,OPHTHALMOLOGY PHYSICIAN,1
LGSW,Licensed Graduate Social Worker,2084P0804X,CHILD & ADOLESCENT PSYCHIATRY PHYSICIAN,1
LGSW,Licensed Graduate Social Worker,208M00000X,HOSPITALIST PHYSICIAN,1
LICSW,Licensed Independent Clinical Social Worker,207RG0300X,GERIATRIC MEDICINE (INTERNAL MEDICINE) PHYSICIAN,1
LICSW,Licensed Independent Clinical Social Worker,208000000X,PEDIATRICS PHYSICIAN,1
LICSW,Licensed Independent Clinical Social Worker,2083P0901X,PUBLIC HEALTH & GENERAL PREVENTIVE MEDICINE PHYSICIAN,1
LICSW,Licensed Independent Clinical Social Worker,2084P0804X,CHILD & ADOLESCENT PSYCHIATRY PHYSICIAN,1
LICSW,Licensed Independent Clinical Social Worker,208D00000X,GENERAL PRACTICE PHYSICIAN,1
LISW,Licensed Independent Social Worker,207P00000X,EMERGENCY MEDICINE PHYSICIAN,1
LISW,Licensed Independent Social Worker,207Q00000X,FAMILY MEDICINE PHYSICIAN,1
LISW,Licensed Independent Social Worker,2080A0000X,PEDIATRIC ADOLESCENT MEDICINE PHYSICIAN,1
LISW-CP,Licensed Independent Social Worker - Clinical Practice,2084P0800X,PSYCHIATRY PHYSICIAN,1
LL,Laymens League,202K00000X,PHLEBOLOGY PHYSICIAN,1
LMBT,Licensed Massage and Bodywork Therapist,204C00000X,SPORTS MEDICINE (NEUROMUSCULOSKELETAL MEDICINE) PHYSICIAN,1
LMBT,Licensed Massage and Bodywork Therapist,208100000X,PHYSICAL MEDICINE & REHABILITATION PHYSICIAN,1
LMBT,Licensed Massage and Bodywork Therapist,2081P2900X,PAIN MEDICINE (PHYSICAL MEDICINE & REHABILITATION) PHYSICIAN,1
LMBT,Licensed Massage and Bodywork Therapist,2081S0010X,SPORTS MEDICINE (PHYSICAL MEDICINE & REHABILITATION) PHYSICIAN,1
LMFT,Licensed Marriage and Family Therapist,204D00000X,NEUROMUSCULOSKELETAL MEDICINE & OMM PHYSICIAN,1
LMFT,Licensed Marriage and Family Therapist,2084P0804X,CHILD & ADOLESCENT PSYCHIATRY PHYSICIAN,1
LMHC,Licensed Mental Health Counselor,2080P0006X,DEVELOPMENTAL - BEHAVIORAL PEDIATRICS PHYSICIAN,1
LMHC,Licensed Mental Health Counselor,2080P0008X,PEDIATRIC NEURODEVELOPMENTAL DISABILITIES PHYSICIAN,1
LMHC,Licensed Mental Health Counselor,2083A0300X,ADDICTION MEDICINE (PREVENTIVE MEDICINE) PHYSICIAN,1
LMHC,Licensed Mental Health Counselor,208D00000X,GENERAL PRACTICE PHYSICIAN,1
LMHCA,Licensed Mental Health Counselor Associate,2080P0008X,PEDIATRIC NEURODEVELOPMENTAL DISABILITIES PHYSICIAN,1
LMHP,Licensed Mental Health Practitioner,2084A0401X,ADDICTION MEDICINE (PSYCHIATRY & NEUROLOGY) PHYSICIAN,1
LMP,Licensed Massage Practitioner,2081N0008X,NEUROMUSCULAR MEDICINE (PHYSICAL MEDICINE & REHABILITATION) PHYSICIAN,1
LMP,Licensed Massage Practitioner,2083P0901X,PUBLIC HEALTH & GENERAL PREVENTIVE MEDICINE PHYSICIAN,1
LMP,Licensed Massage Practitioner,2083T0002X,MEDICAL TOXICOLOGY (PREVENTIVE MEDICINE) PHYSICIAN,1
LMP,Licensed Massage Practitioner,208D00000X,GENERAL PRACTICE PHYSICIAN,1
LMT,Licensed Massage Therapist,207N00000X,DERMATOLOGY PHYSICIAN,1
LMT,Licensed Massage Therapist,207P00000X,EMERGENCY MEDICINE PHYSICIAN,1
LMT,Licensed Massage Therapist,207VE0102X,REPRODUCTIVE ENDOCRINOLOGY PHYSICIAN,1
LMT,Licensed Massage Therapist,207XX0005X,SPORTS MEDICINE (ORTHOPAEDIC SURGERY) PHYSICIAN,1
LMT,Licensed Massage Therapist,2081H0002X,HOSPICE AND PALLIATIVE MEDICINE (PHYSICAL MEDICINE & REHABILITATION) PHYSICIAN,1
LMT,Licensed Massage Therapist,2083B0002X,OBESITY MEDICINE (PREVENTIVE MEDICINE) PHYSICIAN,1
LMT,Licensed Massage Therapist,2083X0100X,OCCUPATIONAL MEDICINE PHYSICIAN,1
LMT,Licensed Massage Therapist,2084N0008X,NEUROMUSCULAR MEDICINE (PSYCHIATRY & NEUROLOGY) PHYSICIAN,1
LMT,Licensed Massage Therapist,2085R0203X,THERAPEUTIC RADIOLOGY PHYSICIAN,1
LMT,Licensed Massage Therapist,208600000X,SURGERY PHYSICIAN,1
LMT,Licensed Massage Therapist,208VP0014X,INTERVENTIONAL PAIN MEDICINE PHYSICIAN,1
LOTR,Licensed Occupational Therapist Registered,208100000X,PHYSICAL MEDICINE & REHABILITATION PHYSICIAN,1
LOTR,Licensed Occupational Therapist Registered,2081N0008X,NEUROMUSCULAR MEDICINE (PHYSICAL MEDICINE & REHABILITATION) PHYSICIAN,1
LP,Licensed Psychologist,202C00000X,INDEPENDENT MEDICAL EXAMINER PHYSICIAN,1
LP,Licensed Psychologist,208100000X,PHYSICAL MEDICINE & REHABILITATION PHYSICIAN,1
LP,Licensed Psychologist,2083P0901X,PUBLIC HEALTH & GENERAL PREVENTIVE MEDICINE PHYSICIAN,1
LP,Licensed Psychologist,2084A0401X,ADDICTION MEDICINE (PSYCHIATRY & NEUROLOGY) PHYSICIAN,1
LP,Licensed Psychologist,2084P0005X,NEURODEVELOPMENTAL DISABILITIES PHYSICIAN,1
LPA,Licensed Psychological Associate,208100000X,PHYSICAL MEDICINE & REHABILITATION PHYSICIAN,1
LPC,Licensed Professional Counselor,207P00000X,EMERGENCY MEDICINE PHYSICIAN,1
LPC,Licensed Professional Counselor,207PE0004X,EMERGENCY MEDICAL SERVICES (EMERGENCY MEDICINE) PHYSICIAN,1
LPC,Licensed Professional Counselor,207RC0000X,CARDIOVASCULAR DISEASE PHYSICIAN,1
LPC,Licensed Professional Counselor,207RH0003X,HEMATOLOGY & ONCOLOGY PHYSICIAN,1
LPC,Licensed Professional Counselor,207V00000X,OBSTETRICS & GYNECOLOGY PHYSICIAN,1
LPC,Licensed Professional Counselor,2080C0008X,CHILD ABUSE PEDIATRICS PHYSICIAN,1
LPC,Licensed Professional Counselor,2080P0206X,PEDIATRIC GASTROENTEROLOGY PHYSICIAN,1
LPC,Licensed Professional Counselor,2083A0300X,ADDICTION MEDICINE (PREVENTIVE MEDICINE) PHYSICIAN,1
LPC,Licensed Professional Counselor,2083P0500X,PREVENTIVE MEDICINE/OCCUPATIONAL ENVIRONMENTAL MEDICINE PHYSICIAN,1
LPC,Licensed Professional Counselor,208600000X,SURGERY PHYSICIAN,1
LPC,Licensed Professional Counselor,2086S0102X,SURGICAL CRITICAL CARE PHYSICIAN,1
LPC,Licensed Professional Counselor,2086S0122X,PLASTIC AND RECONSTRUCTIVE SURGERY PHYSICIAN,1
LPCC,Licensed Professional Clinical Counselor,207L00000X,ANESTHESIOLOGY PHYSICIAN,1
LPCC,Licensed Professional Clinical Counselor,207Q00000X,FAMILY MEDICINE PHYSICIAN,1
LPCC,Licensed Professional Clinical Counselor,207QA0401X,ADDICTION MEDICINE (FAMILY MEDICINE) PHYSICIAN,1
LPCC,Licensed Professional Clinical Counselor,207RH0003X,HEMATOLOGY & ONCOLOGY PHYSICIAN,1
LPCC,Licensed Professional Clinical Counselor,2083P0500X,PREVENTIVE MEDICINE/OCCUPATIONAL ENVIRONMENTAL MEDICINE PHYSICIAN,1
LPCC,Licensed Professional Clinical Counselor,2084N0600X,CLINICAL NEUROPHYSIOLOGY PHYSICIAN,1
LPCC,Licensed Professional Clinical Counselor,2084P0804X,CHILD & ADOLESCENT PSYCHIATRY PHYSICIAN,1
LPCC,Licensed Professional Clinical Counselor,208D00000X,GENERAL PRACTICE PHYSICIAN,1
LPCC-S,Licensed Professional Clinical Counselor - Supervisor,207P00000X,EMERGENCY MEDICINE PHYSICIAN,1
LPCC-S,Licensed Professional Clinical Counselor - Supervisor,2084P0800X,PSYCHIATRY PHYSICIAN,1
LPT,Licensed Physical Therapist,2081P0010X,PEDIATRIC REHABILITATION MEDICINE PHYSICIAN,1
LPT,Licensed Physical Therapist,2081P2900X,PAIN MEDICINE (PHYSICAL MEDICINE & REHABILITATION) PHYSICIAN,1
LPT,Licensed Physical Therapist,2081S0010X,SPORTS MEDICINE (PHYSICAL MEDICINE & REHABILITATION) PHYSICIAN,1
LPTA,Licensed Physical Therapist Assistant,2081P0010X,PEDIATRIC REHABILITATION MEDICINE PHYSICIAN,1
LSW,Licensed Social Worker,207QA0401X,ADDICTION MEDICINE (FAMILY MEDICINE) PHYSICIAN,1
LSW,Licensed Social Worker,207QB0002X,OBESITY MEDICINE (FAMILY MEDICINE) PHYSICIAN,1
LSW,Licensed Social Worker,207R00000X,INTERNAL MEDICINE PHYSICIAN,1
LSW,Licensed Social Worker,207RA0401X,ADDICTION MEDICINE (INTERNAL MEDICINE) PHYSICIAN,1
LSW,Licensed Social Worker,207RE0101X,"ENDOCRINOLOGY, DIABETES & METABOLISM PHYSICIAN",1
LSW,Licensed Social Worker,207RH0002X,HOSPICE AND PALLIATIVE MEDICINE (INTERNAL MEDICINE) PHYSICIAN,1
LSW,Licensed Social Worker,2080P0006X,DEVELOPMENTAL - BEHAVIORAL PEDIATRICS PHYSICIAN,1
LSW,Licensed Social Worker,2084P0015X,PSYCHOSOMATIC MEDICINE PHYSICIAN,1
LSW,Licensed Social Worker,2084P0804X,CHILD & ADOLESCENT PSYCHIATRY PHYSICIAN,1
LicAc,Licensed Acupuncturist,202D00000X,INTEGRATIVE MEDICINE PHYSICIAN,1
MD(H),Homeopathic Medical Doctor (Arizona),208000000X,PEDIATRICS PHYSICIAN,1
MDA,Medical Assistant,207L00000X,ANESTHESIOLOGY PHYSICIAN,1
MDA,Medical Assistant,207R00000X,INTERNAL MEDICINE PHYSICIAN,1
MFT,Marriage and Family Therapist,2084P0804X,CHILD & ADOLESCENT PSYCHIATRY PHYSICIAN,1
MFT,Marriage and Family Therapist,208D00000X,GENERAL PRACTICE PHYSICIAN,1
MFTI,Marriage and Family Therapist Intern,2084P0800X,PSYCHIATRY PHYSICIAN,1
MHC,Mental Health Counselor,207L00000X,ANESTHESIOLOGY PHYSICIAN,1
MHC,Mental Health Counselor,207Q00000X,FAMILY MEDICINE PHYSICIAN,1
MHC,Mental Health Counselor,207R00000X,INTERNAL MEDICINE PHYSICIAN,1
MHC,Mental Health Counselor,208100000X,PHYSICAL MEDICINE & REHABILITATION PHYSICIAN,1
MHC,Mental Health Counselor,2083A0300X,ADDICTION MEDICINE (PREVENTIVE MEDICINE) PHYSICIAN,1
MHC,Mental Health Counselor,2086S0122X,PLASTIC AND RECONSTRUCTIVE SURGERY PHYSICIAN,1
MHC,Mental Health Counselor,208D00000X,GENERAL PRACTICE PHYSICIAN,1
MHP,Mental Health Professional,207X00000X,ORTHOPAEDIC SURGERY PHYSICIAN,1
NBC-HWC,National Board Certified Health and Wellness Coach,2083P0901X,PUBLIC HEALTH & GENERAL PREVENTIVE MEDICINE PHYSICIAN,1
ND,Doctor of Naturopathic Medicine,207K00000X,ALLERGY & IMMUNOLOGY PHYSICIAN,1
ND,Doctor of Naturopathic Medicine,207KA0200X,ALLERGY PHYSICIAN,1
ND,Doctor of Naturopathic Medicine,207LP2900X,PAIN MEDICINE (ANESTHESIOLOGY) PHYSICIAN,1
ND,Doctor of Naturopathic Medicine,207N00000X,DERMATOLOGY PHYSICIAN,1
ND,Doctor of Naturopathic Medicine,207PH0002X,HOSPICE AND PALLIATIVE MEDICINE (EMERGENCY MEDICINE) PHYSICIAN,1
ND,Doctor of Naturopathic Medicine,207QA0401X,ADDICTION MEDICINE (FAMILY MEDICINE) PHYSICIAN,1
ND,Doctor of Naturopathic Medicine,207RG0100X,GASTROENTEROLOGY PHYSICIAN,1
ND,Doctor of Naturopathic Medicine,207RH0003X,HEMATOLOGY & ONCOLOGY PHYSICIAN,1
ND,Doctor of Naturopathic Medicine,207RN0300X,NEPHROLOGY PHYSICIAN,1
ND,Doctor of Naturopathic Medicine,207SG0205X,PH.D. MEDICAL GENETICS PHYSICIAN,1
ND,Doctor of Naturopathic Medicine,207W00000X,OPHTHALMOLOGY PHYSICIAN,1
ND,Doctor of Naturopathic Medicine,208000000X,PEDIATRICS PHYSICIAN,1
ND,Doctor of Naturopathic Medicine,2080P0006X,DEVELOPMENTAL - BEHAVIORAL PEDIATRICS PHYSICIAN,1
ND,Doctor of Naturopathic Medicine,2084A0401X,ADDICTION MEDICINE (PSYCHIATRY & NEUROLOGY) PHYSICIAN,1
ND,Doctor of Naturopathic Medicine,2084N0008X,NEUROMUSCULAR MEDICINE (PSYCHIATRY & NEUROLOGY) PHYSICIAN,1
ND,Doctor of Naturopathic Medicine,2084P0800X,PSYCHIATRY PHYSICIAN,1
NMD,Doctor of Naturopathic Medicine,204C00000X,SPORTS MEDICINE (NEUROMUSCULOSKELETAL MEDICINE) PHYSICIAN,1
NMD,Doctor of Naturopathic Medicine,204D00000X,NEUROMUSCULOSKELETAL MEDICINE & OMM PHYSICIAN,1
NMD,Doctor of Naturopathic Medicine,207KA0200X,ALLERGY PHYSICIAN,1
NMD,Doctor of Naturopathic Medicine,207QG0300X,GERIATRIC MEDICINE (FAMILY MEDICINE) PHYSICIAN,1
NMD,Doctor of Naturopathic Medicine,207R00000X,INTERNAL MEDICINE PHYSICIAN,1
NMD,Doctor of Naturopathic Medicine,207RA0401X,ADDICTION MEDICINE (INTERNAL MEDICINE) PHYSICIAN,1
NMD,Doctor of Naturopathic Medicine,207RC0000X,CARDIOVASCULAR DISEASE PHYSICIAN,1
NMD,Doctor of Naturopathic Medicine,207RE0101X,"ENDOCRINOLOGY, DIABETES & METABOLISM PHYSICIAN",1
NMD,Doctor of Naturopathic Medicine,207VC0200X,CRITICAL CARE MEDICINE (OBSTETRICS & GYNECOLOGY) PHYSICIAN,1
NMD,Doctor of Naturopathic Medicine,2081P2900X,PAIN MEDICINE (PHYSICAL MEDICINE & REHABILITATION) PHYSICIAN,1
NMD,Doctor of Naturopathic Medicine,2083B0002X,OBESITY MEDICINE (PREVENTIVE MEDICINE) PHYSICIAN,1
NMD,Doctor of Naturopathic Medicine,2083X0100X,OCCUPATIONAL MEDICINE PHYSICIAN,1
NMD,Doctor of Naturopathic Medicine,2084N0008X,NEUROMUSCULAR MEDICINE (PSYCHIATRY & NEUROLOGY) PHYSICIAN,1
OD,Doctor of Optometry,207L00000X,ANESTHESIOLOGY PHYSICIAN,1
OD,Doctor of Optometry,207P00000X,EMERGENCY MEDICINE PHYSICIAN,1
OD,Doctor of Optometry,207RC0200X,CRITICAL CARE MEDICINE (INTERNAL MEDICINE) PHYSICIAN,1
OD,Doctor of Optometry,207RG0100X,GASTROENTEROLOGY PHYSICIAN,1
OD,Doctor of Optometry,207RP1001X,PULMONARY DISEASE PHYSICIAN,1
OD,Doctor of Optometry,207WX0108X,UVEITIS AND OCULAR INFLAMMATORY DISEASE (OPHTHALMOLOGY) PHYSICIAN,1
OD,Doctor of Optometry,207X00000X,ORTHOPAEDIC SURGERY PHYSICIAN,1
OD,Doctor of Optometry,208000000X,PEDIATRICS PHYSICIAN,1
OD,Doctor of Optometry,2084P0005X,NEURODEVELOPMENTAL DISABILITIES PHYSICIAN,1
OD,Doctor of Optometry,208600000X,SURGERY PHYSICIAN,1
OMD,Oriental Medicine Doctor,204C00000X,SPORTS MEDICINE (NEUROMUSCULOSKELETAL MEDICINE) PHYSICIAN,1
OMD,Oriental Medicine Doctor,207Q00000X,FAMILY MEDICINE PHYSICIAN,1
OMD,Oriental Medicine Doctor,2081S0010X,SPORTS MEDICINE (PHYSICAL MEDICINE & REHABILITATION) PHYSICIAN,1
OMS,Ostomy Management Specialist,204E00000X,ORAL & MAXILLOFACIAL SURGERY (D.M.D.),1
OPTICIAN,Licensed Optician,207W00000X,OPHTHALMOLOGY PHYSICIAN,1
OT,Occupational Therapist,207RC0000X,CARDIOVASCULAR DISEASE PHYSICIAN,1
OT,Occupational Therapist,207RC0001X,CLINICAL CARDIAC ELECTROPHYSIOLOGY PHYSICIAN,1
OT,Occupational Therapist,207RG0300X,GERIATRIC MEDICINE (INTERNAL MEDICINE) PHYSICIAN,1
OT,Occupational Therapist,2081N0008X,NEUROMUSCULAR MEDICINE (PHYSICAL MEDICINE & REHABILITATION) PHYSICIAN,1
OT,Occupational Therapist,2085R0202X,DIAGNOSTIC RADIOLOGY PHYSICIAN,1
OT/L,Occupational Therapist Licensed,2083X0100X,OCCUPATIONAL MEDICINE PHYSICIAN,1
OTA,Occupational Therapy Assistant,207X00000X,ORTHOPAEDIC SURGERY PHYSICIAN,1
OTA,Occupational Therapy Assistant,208000000X,PEDIATRICS PHYSICIAN,1
OTA,Occupational Therapy Assistant,2081N0008X,NEUROMUSCULAR MEDICINE (PHYSICAL MEDICINE & REHABILITATION) PHYSICIAN,1
OTA,Occupational Therapy Assistant,2081P0010X,PEDIATRIC REHABILITATION MEDICINE PHYSICIAN,1
OTA,Occupational Therapy Assistant,2081S0010X,SPORTS MEDICINE (PHYSICAL MEDICINE & REHABILITATION) PHYSICIAN,1
OTA,Occupational Therapy Assistant,2083X0100X,OCCUPATIONAL MEDICINE PHYSICIAN,1
OTD,Doctor of Occupational Therapy,2080P0008X,PEDIATRIC NEURODEVELOPMENTAL DISABILITIES PHYSICIAN,1
OTD,Doctor of Occupational Therapy,2081P0010X,PEDIATRIC REHABILITATION MEDICINE PHYSICIAN,1
OTD,Doctor of Occupational Therapy,2084N0402X,NEUROLOGY WITH SPECIAL QUALIFICATIONS IN CHILD NEUROLOGY PHYSICIAN,1
OTR,Occupational Therapist Registered,207QA0000X,ADOLESCENT MEDICINE (FAMILY MEDICINE) PHYSICIAN,1
OTR,Occupational Therapist Registered,207RC0000X,CARDIOVASCULAR DISEASE PHYSICIAN,1
OTR,Occupational Therapist Registered,207RC0001X,CLINICAL CARDIAC ELECTROPHYSIOLOGY PHYSICIAN,1
OTR,Occupational Therapist Registered,207X00000X,ORTHOPAEDIC SURGERY PHYSICIAN,1
OTR,Occupational Therapist Registered,2083P0901X,PUBLIC HEALTH & GENERAL PREVENTIVE MEDICINE PHYSICIAN,1
OTR,Occupational Therapist Registered,2084N0402X,NEUROLOGY WITH SPECIAL QUALIFICATIONS IN CHILD NEUROLOGY PHYSICIAN,1
OTR,Occupational Therapist Registered,2084P0800X,PSYCHIATRY PHYSICIAN,1
OTR,Occupational Therapist Registered,208VP0014X,INTERVENTIONAL PAIN MEDICINE PHYSICIAN,1
OTR/L,Occupational Therapist Registered/Licensed,204C00000X,SPORTS MEDICINE (NEUROMUSCULOSKELETAL MEDICINE) PHYSICIAN,1
OTR/L,Occupational Therapist Registered/Licensed,207QA0000X,ADOLESCENT MEDICINE (FAMILY MEDICINE) PHYSICIAN,1
OTR/L,Occupational Therapist Registered/Licensed,207RC0000X,CARDIOVASCULAR DISEASE PHYSICIAN,1
OTR/L,Occupational Therapist Registered/Licensed,207RC0001X,CLINICAL CARDIAC ELECTROPHYSIOLOGY PHYSICIAN,1
OTR/L,Occupational Therapist Registered/Licensed,207X00000X,ORTHOPAEDIC SURGERY PHYSICIAN,1
OTR/L,Occupational Therapist Registered/Licensed,2083P0500X,PREVENTIVE MEDICINE/OCCUPATIONAL ENVIRONMENTAL MEDICINE PHYSICIAN,1
OTR/L,Occupational Therapist Registered/Licensed,2083P0901X,PUBLIC HEALTH & GENERAL PREVENTIVE MEDICINE PHYSICIAN,1
OTR/L,Occupational Therapist Registered/Licensed,2084P0800X,PSYCHIATRY PHYSICIAN,1
OTR/L,Occupational Therapist Registered/Licensed,208M00000X,HOSPITALIST PHYSICIAN,1
OTRL,Occupational Therapist Registered Licensed,207R00000X,INTERNAL MEDICINE PHYSICIAN,1
OTRL,Occupational Therapist Registered Licensed,2081P0010X,PEDIATRIC REHABILITATION MEDICINE PHYSICIAN,1
OTRL,Occupational Therapist Registered Licensed,2084N0402X,NEUROLOGY WITH SPECIAL QUALIFICATIONS IN CHILD NEUROLOGY PHYSICIAN,1
PC,Pharmacist Clinician,204E00000X,ORAL & MAXILLOFACIAL SURGERY (D.M.D.),1
PC,Pharmacist Clinician,207R00000X,INTERNAL MEDICINE PHYSICIAN,1
PC,Pharmacist Clinician,207W00000X,OPHTHALMOLOGY PHYSICIAN,1
PC,Pharmacist Clinician,2080P0006X,DEVELOPMENTAL - BEHAVIORAL PEDIATRICS PHYSICIAN,1
PC,Pharmacist Clinician,2080P0202X,PEDIATRIC CARDIOLOGY PHYSICIAN,1
PC,Pharmacist Clinician,2080P0204X,PEDIATRIC EMERGENCY MEDICINE (PEDIATRICS) PHYSICIAN,1
PC,Pharmacist Clinician,2080P0206X,PEDIATRIC GASTROENTEROLOGY PHYSICIAN,1
PC,Pharmacist Clinician,2084P0800X,PSYCHIATRY PHYSICIAN,1
PHD,Doctor of Philosophy,204D00000X,NEUROMUSCULOSKELETAL MEDICINE & OMM PHYSICIAN,1
PHD,Doctor of Philosophy,207LA0401X,ADDICTION MEDICINE (ANESTHESIOLOGY) PHYSICIAN,1
PHD,Doctor of Philosophy,207N00000X,DERMATOLOGY PHYSICIAN,1
PHD,Doctor of Philosophy,207PE0004X,EMERGENCY MEDICAL SERVICES (EMERGENCY MEDICINE) PHYSICIAN,1
PHD,Doctor of Philosophy,207PT0002X,MEDICAL TOXICOLOGY (EMERGENCY MEDICINE) PHYSICIAN,1
PHD,Doctor of Philosophy,207QA0505X,ADULT MEDICINE PHYSICIAN,1
PHD,Doctor of Philosophy,207QB0002X,OBESITY MEDICINE (FAMILY MEDICINE) PHYSICIAN,1
PHD,Doctor of Philosophy,207RH0002X,HOSPICE AND PALLIATIVE MEDICINE (INTERNAL MEDICINE) PHYSICIAN,1
PHD,Doctor of Philosophy,207RH0003X,HEMATOLOGY & ONCOLOGY PHYSICIAN,1
PHD,Doctor of Philosophy,207RN0300X,NEPHROLOGY PHYSICIAN,1
PHD,Doctor of Philosophy,207RX0202X,MEDICAL ONCOLOGY PHYSICIAN,1
PHD,Doctor of Philosophy,207VE0102X,REPRODUCTIVE ENDOCRINOLOGY PHYSICIAN,1
PHD,Doctor of Philosophy,207W00000X,OPHTHALMOLOGY PHYSICIAN,1
PHD,Doctor of Philosophy,207YX0905X,OTOLARYNGOLOGY/FACIAL PLASTIC SURGERY PHYSICIAN,1
PHD,Doctor of Philosophy,207ZH0000X,HEMATOLOGY (PATHOLOGY) PHYSICIAN,1
PHD,Doctor of Philosophy,207ZP0213X,PEDIATRIC PATHOLOGY PHYSICIAN,1
PHD,Doctor of Philosophy,2080A0000X,PEDIATRIC ADOLESCENT MEDICINE PHYSICIAN,1
PHD,Doctor of Philosophy,2080C0008X,CHILD ABUSE PEDIATRICS PHYSICIAN,1
PHD,Doctor of Philosophy,2080N0001X,NEONATAL-PERINATAL MEDICINE PHYSICIAN,1
PHD,Doctor of Philosophy,2080P0201X,PEDIATRIC ALLERGY/IMMUNOLOGY PHYSICIAN,1
PHD,Doctor of Philosophy,2080P0205X,PEDIATRIC ENDOCRINOLOGY PHYSICIAN,1
PHD,Doctor of Philosophy,2080P0207X,PEDIATRIC HEMATOLOGY & ONCOLOGY PHYSICIAN,1
PHD,Doctor of Philosophy,2080P0210X,PEDIATRIC NEPHROLOGY PHYSICIAN,1
PHD,Doctor of Philosophy,2080P0214X,PEDIATRIC PULMONOLOGY PHYSICIAN,1
PHD,Doctor of Philosophy,2081N0008X,NEUROMUSCULAR MEDICINE (PHYSICAL MEDICINE & REHABILITATION) PHYSICIAN,1
PHD,Doctor of Philosophy,2081P0010X,PEDIATRIC REHABILITATION MEDICINE PHYSICIAN,1
PHD,Doctor of Philosophy,208200000X,PLASTIC SURGERY PHYSICIAN,1
PHD,Doctor of Philosophy,2083P0011X,UNDERSEA AND HYPERBARIC MEDICINE (PREVENTIVE MEDICINE) PHYSICIAN,1
PHD,Doctor of Philosophy,2083P0500X,PREVENTIVE MEDICINE/OCCUPATIONAL ENVIRONMENTAL MEDICINE PHYSICIAN,1
PHD,Doctor of Philosophy,2083T0002X,MEDICAL TOXICOLOGY (PREVENTIVE MEDICINE) PHYSICIAN,1
PHD,Doctor of Philosophy,2084P0015X,PSYCHOSOMATIC MEDICINE PHYSICIAN,1
PHD,Doctor of Philosophy,2084S0010X,SPORTS MEDICINE (PSYCHIATRY & NEUROLOGY) PHYSICIAN,1
PHD,Doctor of Philosophy,2085N0700X,NEURORADIOLOGY PHYSICIAN,1
PHD,Doctor of Philosophy,2086S0129X,VASCULAR SURGERY PHYSICIAN,1
PHD,Doctor of Philosophy,208C00000X,COLON & RECTAL SURGERY PHYSICIAN,1
PHD,Doctor of Philosophy,208M00000X,HOSPITALIST PHYSICIAN,1
PHD,Doctor of Philosophy,208U00000X,CLINICAL PHARMACOLOGY PHYSICIAN,1
PMHS,Pediatric Primary Care Mental Health Specialist,208000000X,PEDIATRICS PHYSICIAN,1
PMHS,Pediatric Primary Care Mental Health Specialist,2080P0008X,PEDIATRIC NEURODEVELOPMENTAL DISABILITIES PHYSICIAN,1
PPS,Peer Support Specialist,2084P0800X,PSYCHIATRY PHYSICIAN,1
PSS,Peer Support Specialist,207PE0004X,EMERGENCY MEDICAL SERVICES (EMERGENCY MEDICINE) PHYSICIAN,1
PT,Physical Therapist,202D00000X,INTEGRATIVE MEDICINE PHYSICIAN,1
PT,Physical Therapist,204R00000X,ELECTRODIAGNOSTIC MEDICINE PHYSICIAN,1
PT,Physical Therapist,207ND0900X,DERMATOPATHOLOGY PHYSICIAN,1
PT,Physical Therapist,207PE0004X,EMERGENCY MEDICAL SERVICES (EMERGENCY MEDICINE) PHYSICIAN,1
PT,Physical Therapist,207PS0010X,SPORTS MEDICINE (EMERGENCY MEDICINE) PHYSICIAN,1
PT,Physical Therapist,207QG0300X,GERIATRIC MEDICINE (FAMILY MEDICINE) PHYSICIAN,1
PT,Physical Therapist,207RC0000X,CARDIOVASCULAR DISEASE PHYSICIAN,1
PT,Physical Therapist,207RH0000X,HEMATOLOGY (INTERNAL MEDICINE) PHYSICIAN,1
PT,Physical Therapist,207RS0010X,SPORTS MEDICINE (INTERNAL MEDICINE) PHYSICIAN,1
PT,Physical Therapist,207RX0202X,MEDICAL ONCOLOGY PHYSICIAN,1
PT,Physical Therapist,207T00000X,NEUROLOGICAL SURGERY PHYSICIAN,1
PT,Physical Therapist,207W00000X,OPHTHALMOLOGY PHYSICIAN,1
PT,Physical Therapist,207XS0106X,ORTHOPAEDIC HAND SURGERY PHYSICIAN,1
PT,Physical Therapist,207XX0005X,SPORTS MEDICINE (ORTHOPAEDIC SURGERY) PHYSICIAN,1
PT,Physical Therapist,207ZP0102X,ANATOMIC PATHOLOGY & CLINICAL PATHOLOGY PHYSICIAN,1
PT,Physical Therapist,2084S0012X,SLEEP MEDICINE (PSYCHIATRY & NEUROLOGY) PHYSICIAN,1
PT,Physical Therapist,2085N0904X,NUCLEAR RADIOLOGY PHYSICIAN,1
PT,Physical Therapist,208800000X,UROLOGY PHYSICIAN,1
PT,Physical Therapist,208VP0000X,PAIN MEDICINE PHYSICIAN,1
PTA,Physical Therapist Assistant,202C00000X,INDEPENDENT MEDICAL EXAMINER PHYSICIAN,1
PTA,Physical Therapist Assistant,207PS0010X,SPORTS MEDICINE (EMERGENCY MEDICINE) PHYSICIAN,1
PTA,Physical Therapist Assistant,207X00000X,ORTHOPAEDIC SURGERY PHYSICIAN,1
PTA,Physical Therapist Assistant,208000000X,PEDIATRICS PHYSICIAN,1
PTA,Physical Therapist Assistant,2081P0004X,SPINAL CORD INJURY MEDICINE PHYSICIAN,1
PTA,Physical Therapist Assistant,2083A0100X,AEROSPACE MEDICINE PHYSICIAN,1
PTA,Physical Therapist Assistant,2084A2900X,NEUROCRITICAL CARE PHYSICIAN,1
PTA,Physical Therapist Assistant,2086S0102X,SURGICAL CRITICAL CARE PHYSICIAN,1
PharmD,Doctor of Pharmacy,204C00000X,SPORTS MEDICINE (NEUROMUSCULOSKELETAL MEDICINE) PHYSICIAN,1
PharmD,Doctor of Pharmacy,207L00000X,ANESTHESIOLOGY PHYSICIAN,1
PharmD,Doctor of Pharmacy,207N00000X,DERMATOLOGY PHYSICIAN,1
PharmD,Doctor of Pharmacy,207PT0002X,MEDICAL TOXICOLOGY (EMERGENCY MEDICINE) PHYSICIAN,1
PharmD,Doctor of Pharmacy,207RA0001X,ADVANCED HEART FAILURE AND TRANSPLANT CARDIOLOGY PHYSICIAN,1
PharmD,Doctor of Pharmacy,207RA0201X,ALLERGY & IMMUNOLOGY (INTERNAL MEDICINE) PHYSICIAN,1
PharmD,Doctor of Pharmacy,207RH0003X,HEMATOLOGY & ONCOLOGY PHYSICIAN,1
PharmD,Doctor of Pharmacy,207RI0008X,HEPATOLOGY PHYSICIAN,1
PharmD,Doctor of Pharmacy,2080P0207X,PEDIATRIC HEMATOLOGY & ONCOLOGY PHYSICIAN,1
PharmD,Doctor of Pharmacy,208100000X,PHYSICAL MEDICINE & REHABILITATION PHYSICIAN,1
PharmD,Doctor of Pharmacy,2081N0008X,NEUROMUSCULAR MEDICINE (PHYSICAL MEDICINE & REHABILITATION) PHYSICIAN,1
PharmD,Doctor of Pharmacy,2081P2900X,PAIN MEDICINE (PHYSICAL MEDICINE & REHABILITATION) PHYSICIAN,1
PharmD,Doctor of Pharmacy,2081S0010X,SPORTS MEDICINE (PHYSICAL MEDICINE & REHABILITATION) PHYSICIAN,1
PharmD,Doctor of Pharmacy,2084B0040X,BEHAVIORAL NEUROLOGY & NEUROPSYCHIATRY PHYSICIAN,1
PharmD,Doctor of Pharmacy,2084N0400X,NEUROLOGY PHYSICIAN,1
PharmD,Doctor of Pharmacy,2085R0001X,RADIATION ONCOLOGY PHYSICIAN,1
PharmD,Doctor of Pharmacy,208600000X,SURGERY PHYSICIAN,1
PharmD,Doctor of Pharmacy,208M00000X,HOSPITALIST PHYSICIAN,1
PharmD,Doctor of Pharmacy,208VP0000X,PAIN MEDICINE PHYSICIAN,1
PharmD,Doctor of Pharmacy,209800000X,LEGAL MEDICINE (M.D./D.O.) PHYSICIAN,1
PsyD,Doctor of Psychology,207L00000X,ANESTHESIOLOGY PHYSICIAN,1
PsyD,Doctor of Psychology,207QS0010X,SPORTS MEDICINE (FAMILY MEDICINE) PHYSICIAN,1
PsyD,Doctor of Psychology,207RA0401X,ADDICTION MEDICINE (INTERNAL MEDICINE) PHYSICIAN,1
PsyD,Doctor of Psychology,207RG0100X,GASTROENTEROLOGY PHYSICIAN,1
PsyD,Doctor of Psychology,207RI0200X,INFECTIOUS DISEASE PHYSICIAN,1
PsyD,Doctor of Psychology,207VE0102X,REPRODUCTIVE ENDOCRINOLOGY PHYSICIAN,1
PsyD,Doctor of Psychology,2080P0207X,PEDIATRIC HEMATOLOGY & ONCOLOGY PHYSICIAN,1
PsyD,Doctor of Psychology,2081P0010X,PEDIATRIC REHABILITATION MEDICINE PHYSICIAN,1
PsyD,Doctor of Psychology,2083B0002X,OBESITY MEDICINE (PREVENTIVE MEDICINE) PHYSICIAN,1
PsyD,Doctor of Psychology,2083P0901X,PUBLIC HEALTH & GENERAL PREVENTIVE MEDICINE PHYSICIAN,1
PsyD,Doctor of Psychology,2084A0401X,ADDICTION MEDICINE (PSYCHIATRY & NEUROLOGY) PHYSICIAN,1
PsyD,Doctor of Psychology,2084N0402X,NEUROLOGY WITH SPECIAL QUALIFICATIONS IN CHILD NEUROLOGY PHYSICIAN,1
PsyD,Doctor of Psychology,2084P0015X,PSYCHOSOMATIC MEDICINE PHYSICIAN,1
PsyD,Doctor of Psychology,2084P0802X,ADDICTION PSYCHIATRY PHYSICIAN,1
PsyD,Doctor of Psychology,2084P0805X,GERIATRIC PSYCHIATRY PHYSICIAN,1
PsyD,Doctor of Psychology,208600000X,SURGERY PHYSICIAN,1
PsyD,Doctor of Psychology,208M00000X,HOSPITALIST PHYSICIAN,1
PsyD,Doctor of Psychology,208VP0014X,INTERVENTIONAL PAIN MEDICINE PHYSICIAN,1
QMHA,Qualified Mental Health Associate,2085R0202X,DIAGNOSTIC RADIOLOGY PHYSICIAN,1
RADT,Registered Radiologic Technologist,2083A0300X,ADDICTION MEDICINE (PREVENTIVE MEDICINE) PHYSICIAN,1
RCP,Respiratory Care Practitioner,207QS1201X,SLEEP MEDICINE (FAMILY MEDICINE) PHYSICIAN,1
RD,Registered Dietitian,202C00000X,INDEPENDENT MEDICAL EXAMINER PHYSICIAN,1
RD,Registered Dietitian,207N00000X,DERMATOLOGY PHYSICIAN,1
RD,Registered Dietitian,207QA0401X,ADDICTION MEDICINE (FAMILY MEDICINE) PHYSICIAN,1
RD,Registered Dietitian,207QA0505X,ADULT MEDICINE PHYSICIAN,1
RD,Registered Dietitian,207QS0010X,SPORTS MEDICINE (FAMILY MEDICINE) PHYSICIAN,1
RD,Registered Dietitian,207RC0000X,CARDIOVASCULAR DISEASE PHYSICIAN,1
RD,Registered Dietitian,207RH0003X,HEMATOLOGY & ONCOLOGY PHYSICIAN,1
RD,Registered Dietitian,2080B0002X,PEDIATRIC OBESITY MEDICINE PHYSICIAN,1
RD,Registered Dietitian,2080N0001X,NEONATAL-PERINATAL MEDICINE PHYSICIAN,1
RD,Registered Dietitian,2083P0901X,PUBLIC HEALTH & GENERAL PREVENTIVE MEDICINE PHYSICIAN,1
RD,Registered Dietitian,2083S0010X,SPORTS MEDICINE (PREVENTIVE MEDICINE) PHYSICIAN,1
RD,Registered Dietitian,2085R0202X,DIAGNOSTIC RADIOLOGY PHYSICIAN,1
RD,Registered Dietitian,2086S0122X,PLASTIC AND RECONSTRUCTIVE SURGERY PHYSICIAN,1
RD,Registered Dietitian,208M00000X,HOSPITALIST PHYSICIAN,1
RDA,Registered Dental Assistant,202D00000X,INTEGRATIVE MEDICINE PHYSICIAN,1
RDCS,Registered Diagnostic Cardiac Sonographer,207V00000X,OBSTETRICS & GYNECOLOGY PHYSICIAN,1
RDCS,Registered Diagnostic Cardiac Sonographer,208000000X,PEDIATRICS PHYSICIAN,1
RDCS,Registered Diagnostic Cardiac Sonographer,2085R0204X,VASCULAR & INTERVENTIONAL RADIOLOGY PHYSICIAN,1
RDH,Registered Dental Hygienist,202K00000X,PHLEBOLOGY PHYSICIAN,1
RDH,Registered Dental Hygienist,207Q00000X,FAMILY MEDICINE PHYSICIAN,1
RDH,Registered Dental Hygienist,2083P0901X,PUBLIC HEALTH & GENERAL PREVENTIVE MEDICINE PHYSICIAN,1
RDMS,Registered Diagnostic Medical Sonographer,207RN0300X,NEPHROLOGY PHYSICIAN,1
RDMS,Registered Diagnostic Medical Sonographer,207V00000X,OBSTETRICS & GYNECOLOGY PHYSICIAN,1
RDMS,Registered Diagnostic Medical Sonographer,207VE0102X,REPRODUCTIVE ENDOCRINOLOGY PHYSICIAN,1
RDN,Registered Dietitian Nutritionist,207K00000X,ALLERGY & IMMUNOLOGY PHYSICIAN,1
RDN,Registered Dietitian Nutritionist,207N00000X,DERMATOLOGY PHYSICIAN,1
RDN,Registered Dietitian Nutritionist,207Q00000X,FAMILY MEDICINE PHYSICIAN,1
RDN,Registered Dietitian Nutritionist,207RG0100X,GASTROENTEROLOGY PHYSICIAN,1
RDN,Registered Dietitian Nutritionist,207V00000X,OBSTETRICS & GYNECOLOGY PHYSICIAN,1
RDN,Registered Dietitian Nutritionist,208000000X,PEDIATRICS PHYSICIAN,1
RDN,Registered Dietitian Nutritionist,2085R0202X,DIAGNOSTIC RADIOLOGY PHYSICIAN,1
RDN,Registered Dietitian Nutritionist,2086S0122X,PLASTIC AND RECONSTRUCTIVE SURGERY PHYSICIAN,1
RDN,Registered Dietitian Nutritionist,208M00000X,HOSPITALIST PHYSICIAN,1
RMA,Registered Medical Assistant,202C00000X,INDEPENDENT MEDICAL EXAMINER PHYSICIAN,1
RMA,Registered Medical Assistant,207Q00000X,FAMILY MEDICINE PHYSICIAN,1
RMA,Registered Medical Assistant,207QA0401X,ADDICTION MEDICINE (FAMILY MEDICINE) PHYSICIAN,1
RMA,Registered Medical Assistant,207VX0000X,OBSTETRICS PHYSICIAN,1
RMA,Registered Medical Assistant,208000000X,PEDIATRICS PHYSICIAN,1
RMA,Registered Medical Assistant,208200000X,PLASTIC SURGERY PHYSICIAN,1
RPH,Registered Pharmacist,202C00000X,INDEPENDENT MEDICAL EXAMINER PHYSICIAN,1
RPH,Registered Pharmacist,202D00000X,INTEGRATIVE MEDICINE PHYSICIAN,1
RPH,Registered Pharmacist,207KI0005X,CLINICAL & LABORATORY IMMUNOLOGY (ALLERGY & IMMUNOLOGY) PHYSICIAN,1
RPH,Registered Pharmacist,207PH0002X,HOSPICE AND PALLIATIVE MEDICINE (EMERGENCY MEDICINE) PHYSICIAN,1
RPH,Registered Pharmacist,207RA0201X,ALLERGY & IMMUNOLOGY (INTERNAL MEDICINE) PHYSICIAN,1
RPH,Registered Pharmacist,207RX0202X,MEDICAL ONCOLOGY PHYSICIAN,1
RPH,Registered Pharmacist,207VM0101X,MATERNAL & FETAL MEDICINE PHYSICIAN,1
RPH,Registered Pharmacist,2083P0901X,PUBLIC HEALTH & GENERAL PREVENTIVE MEDICINE PHYSICIAN,1
RPT,Registered Physical Therapist,207X00000X,ORTHOPAEDIC SURGERY PHYSICIAN,1
RPT,Registered Physical Therapist,2081P0010X,PEDIATRIC REHABILITATION MEDICINE PHYSICIAN,1
RPT,Registered Physical Therapist,2081P2900X,PAIN MEDICINE (PHYSICAL MEDICINE & REHABILITATION) PHYSICIAN,1
RPT,Registered Physical Therapist,2083X0100X,OCCUPATIONAL MEDICINE PHYSICIAN,1
RRT,Registered Respiratory Therapist,207PE0004X,EMERGENCY MEDICAL SERVICES (EMERGENCY MEDICINE) PHYSICIAN,1
RRT,Registered Respiratory Therapist,207QG0300X,GERIATRIC MEDICINE (FAMILY MEDICINE) PHYSICIAN,1
RRT,Registered Respiratory Therapist,207RP1001X,PULMONARY DISEASE PHYSICIAN,1
RRT,Registered Respiratory Therapist,2083P0901X,PUBLIC HEALTH & GENERAL PREVENTIVE MEDICINE PHYSICIAN,1
RRT,Registered Respiratory Therapist,2085B0100X,BODY IMAGING PHYSICIAN,1
RRT,Registered Respiratory Therapist,2085U0001X,DIAGNOSTIC ULTRASOUND PHYSICIAN,1
RRT,Registered Respiratory Therapist,208G00000X,THORACIC SURGERY (CARDIOTHORACIC VASCULAR SURGERY) PHYSICIAN,1
RT,Respiratory Therapist,207UN0901X,NUCLEAR CARDIOLOGY PHYSICIAN,1
RT,Respiratory Therapist,207V00000X,OBSTETRICS & GYNECOLOGY PHYSICIAN,1
RT,Respiratory Therapist,207X00000X,ORTHOPAEDIC SURGERY PHYSICIAN,1
RT,Respiratory Therapist,208000000X,PEDIATRICS PHYSICIAN,1
RT,Respiratory Therapist,2085R0203X,THERAPEUTIC RADIOLOGY PHYSICIAN,1
SA-C,Substance Abuse Counselor Certified,207R00000X,INTERNAL MEDICINE PHYSICIAN,1
SLP,Speech-Language Pathologist,207L00000X,ANESTHESIOLOGY PHYSICIAN,1
SLP,Speech-Language Pathologist,207Q00000X,FAMILY MEDICINE PHYSICIAN,1
SLP,Speech-Language Pathologist,207RG0100X,GASTROENTEROLOGY PHYSICIAN,1
SLP,Speech-Language Pathologist,207YX0007X,PLASTIC SURGERY WITHIN THE HEAD & NECK (OTOLARYNGOLOGY) PHYSICIAN,1
SLP,Speech-Language Pathologist,2081H0002X,HOSPICE AND PALLIATIVE MEDICINE (PHYSICAL MEDICINE & REHABILITATION) PHYSICIAN,1
SLP,Speech-Language Pathologist,2084N0400X,NEUROLOGY PHYSICIAN,1
SLPA,Speech-Language Pathology Assistant,207ZP0105X,CLINICAL PATHOLOGY/LABORATORY MEDICINE PHYSICIAN,1
SLPA,Speech-Language Pathology Assistant,208100000X,PHYSICAL MEDICINE & REHABILITATION PHYSICIAN,1
ST,Speech Therapist,207Y00000X,OTOLARYNGOLOGY PHYSICIAN,1
ST,Speech Therapist,207YX0007X,PLASTIC SURGERY WITHIN THE HEAD & NECK (OTOLARYNGOLOGY) PHYSICIAN,1
STUDENT,Student,207L00000X,ANESTHESIOLOGY PHYSICIAN,1
STUDENT,Student,207QS0010X,SPORTS MEDICINE (FAMILY MEDICINE) PHYSICIAN,1
STUDENT,Student,207RC0200X,CRITICAL CARE MEDICINE (INTERNAL MEDICINE) PHYSICIAN,1
STUDENT,Student,207RH0003X,HEMATOLOGY & ONCOLOGY PHYSICIAN,1
STUDENT,Student,207V00000X,OBSTETRICS & GYNECOLOGY PHYSICIAN,1
STUDENT,Student,207X00000X,ORTHOPAEDIC SURGERY PHYSICIAN,1
STUDENT,Student,207XS0117X,ORTHOPAEDIC SURGERY OF THE SPINE PHYSICIAN,1
STUDENT,Student,2080N0001X,NEONATAL-PERINATAL MEDICINE PHYSICIAN,1
STUDENT,Student,2080P0204X,PEDIATRIC EMERGENCY MEDICINE (PEDIATRICS) PHYSICIAN,1
STUDENT,Student,2081S0010X,SPORTS MEDICINE (PHYSICAL MEDICINE & REHABILITATION) PHYSICIAN,1
STUDENT,Student,2084N0400X,NEUROLOGY PHYSICIAN,1
STUDENT,Student,2085R0202X,DIAGNOSTIC RADIOLOGY PHYSICIAN,1
STUDENT,Student,208800000X,UROLOGY PHYSICIAN,1
SW,Social Worker,2080P0006X,DEVELOPMENTAL - BEHAVIORAL PEDIATRICS PHYSICIAN,1
VMD,Doctor of Veterinary Medicine,207N00000X,DERMATOLOGY PHYSICIAN,1
VMD,Doctor of Veterinary Medicine,207P00000X,EMERGENCY MEDICINE PHYSICIAN,1
WCC,Wound Care Certified,207Q00000X,FAMILY MEDICINE PHYSICIAN,1
WCC,Wound Care Certified,208100000X,PHYSICAL MEDICINE & REHABILITATION PHYSICIAN,1
WCC,Wound Care Certified,2083P0011X,UNDERSEA AND HYPERBARIC MEDICINE (PREVENTIVE MEDICINE) PHYSICIAN,1
