﻿"facetCredentialCode","facetCredentialName","chosenTaxonomyCode","chosenTaxonomyDescription","providerCount"
"NP","Nurse Practitioner","207Q00000X","FAMILY MEDICINE PHYSICIAN","5481"
"FNP","Family Nurse Practitioner","207Q00000X","FAMILY MEDICINE PHYSICIAN","2503"
"PT","Physical Therapist","208100000X","PHYSICAL MEDICINE & REHABILITATION PHYSICIAN","2400"
"PA","Physician Assistant","207Q00000X","FAMILY MEDICINE PHYSICIAN","2359"
"CRNA","Certified Registered Nurse Anesthetist","207L00000X","ANESTHESIOLOGY PHYSICIAN","2171"
"DPT","Doctor of Physical Therapy","208100000X","PHYSICAL MEDICINE & REHABILITATION PHYSICIAN","1685"
"PA-C","Physician Assistant Certified","207Q00000X","FAMILY MEDICINE PHYSICIAN","1546"
"FNP-C","Family Nurse Practitioner","207Q00000X","FAMILY MEDICINE PHYSICIAN","1323"
"PA","Physician Assistant","207P00000X","EMERGENCY MEDICINE PHYSICIAN","1063"
"NP","Nurse Practitioner","208000000X","PEDIATRICS PHYSICIAN","861"
"NP","Nurse Practitioner","207R00000X","INTERNAL MEDICINE PHYSICIAN","849"
"NP","Nurse Practitioner","2084P0800X","PSYCHIATRY PHYSICIAN","776"
"PTA","Physical Therapist Assistant","208100000X","PHYSICAL MEDICINE & REHABILITATION PHYSICIAN","733"
"CNA","Certified Nursing Assistant","207L00000X","ANESTHESIOLOGY PHYSICIAN","646"
"DDS","Doctor of Dental Surgery","204E00000X","ORAL & MAXILLOFACIAL SURGERY (D.M.D.)","641"
"PA","Physician Assistant","207N00000X","DERMATOLOGY PHYSICIAN","625"
"PA","Physician Assistant","207R00000X","INTERNAL MEDICINE PHYSICIAN","597"
"FNP-BC","Family Nurse Practitioner Board Certified","207Q00000X","FAMILY MEDICINE PHYSICIAN","585"
"PA","Physician Assistant","207X00000X","ORTHOPAEDIC SURGERY PHYSICIAN","569"
"PA-C","Physician Assistant Certified","207P00000X","EMERGENCY MEDICINE PHYSICIAN","546"
"NP","Nurse Practitioner","207P00000X","EMERGENCY MEDICINE PHYSICIAN","453"
"NP","Nurse Practitioner","208M00000X","HOSPITALIST PHYSICIAN","441"
"PA-C","Physician Assistant Certified","207N00000X","DERMATOLOGY PHYSICIAN","438"
"DMD","Doctor of Medicine in Dentistry","204E00000X","ORAL & MAXILLOFACIAL SURGERY (D.M.D.)","419"
"PA-C","Physician Assistant Certified","207R00000X","INTERNAL MEDICINE PHYSICIAN","394"
"NP","Nurse Practitioner","207V00000X","OBSTETRICS & GYNECOLOGY PHYSICIAN","370"
"ARNP","Advanced Registered Nurse Practitioner","207Q00000X","FAMILY MEDICINE PHYSICIAN","360"
"CRNP","Certified Registered Nurse Practitioner","207Q00000X","FAMILY MEDICINE PHYSICIAN","355"
"CNM","Certified Nurse Midwife","207V00000X","OBSTETRICS & GYNECOLOGY PHYSICIAN","344"
"NP","Nurse Practitioner","207QA0505X","ADULT MEDICINE PHYSICIAN","342"
"PA-C","Physician Assistant Certified","207X00000X","ORTHOPAEDIC SURGERY PHYSICIAN","339"
"PMHNP","Psychiatric Mental Health Nurse Practitioner","2084P0800X","PSYCHIATRY PHYSICIAN","335"
"DNP","Doctor of Nursing Practice","207Q00000X","FAMILY MEDICINE PHYSICIAN","333"
"MSN","Master of Science in Nursing","207Q00000X","FAMILY MEDICINE PHYSICIAN","320"
"ATC","Athletic Trainer Certified","2081S0010X","SPORTS MEDICINE (PHYSICAL MEDICINE & REHABILITATION) PHYSICIAN","315"
"NP-C","Nurse Practitioner Certified","207Q00000X","FAMILY MEDICINE PHYSICIAN","314"
"PA","Physician Assistant","208M00000X","HOSPITALIST PHYSICIAN","312"
"NP","Nurse Practitioner","207RC0000X","CARDIOVASCULAR DISEASE PHYSICIAN","309"
"PMHNP-BC","Psychiatric Mental Health Nurse Practitioner Board Certified","2084P0800X","PSYCHIATRY PHYSICIAN","299"
"PA","Physician Assistant","208600000X","SURGERY PHYSICIAN","295"
"CNP","Certified Nurse Practitioner","207Q00000X","FAMILY MEDICINE PHYSICIAN","292"
"NP","Nurse Practitioner","207N00000X","DERMATOLOGY PHYSICIAN","250"
"PA","Physician Assistant","208000000X","PEDIATRICS PHYSICIAN","246"
"PT","Physical Therapist","2081S0010X","SPORTS MEDICINE (PHYSICAL MEDICINE & REHABILITATION) PHYSICIAN","245"
"PHD","Doctor of Philosophy","2084P0800X","PSYCHIATRY PHYSICIAN","243"
"NP","Nurse Practitioner","208D00000X","GENERAL PRACTICE PHYSICIAN","229"
"NP","Nurse Practitioner","207RH0003X","HEMATOLOGY & ONCOLOGY PHYSICIAN","227"
"PAC","Physician Assistant Certified","207Q00000X","FAMILY MEDICINE PHYSICIAN","210"
"FNP","Family Nurse Practitioner","207R00000X","INTERNAL MEDICINE PHYSICIAN","200"
"CPNP","Certified Pediatric Nurse Practitioner","208000000X","PEDIATRICS PHYSICIAN","198"
"DPT","Doctor of Physical Therapy","2081S0010X","SPORTS MEDICINE (PHYSICAL MEDICINE & REHABILITATION) PHYSICIAN","197"
"NP","Nurse Practitioner","2084N0400X","NEUROLOGY PHYSICIAN","196"
"RN","Registered Nurse","207Q00000X","FAMILY MEDICINE PHYSICIAN","192"
"PA-C","Physician Assistant Certified","208600000X","SURGERY PHYSICIAN","189"
"PA-C","Physician Assistant Certified","208M00000X","HOSPITALIST PHYSICIAN","186"
"PA","Physician Assistant","2084P0800X","PSYCHIATRY PHYSICIAN","173"
"NP","Nurse Practitioner","2080N0001X","NEONATAL-PERINATAL MEDICINE PHYSICIAN","164"
"PA","Physician Assistant","208800000X","UROLOGY PHYSICIAN","163"
"FNP","Family Nurse Practitioner","207P00000X","EMERGENCY MEDICINE PHYSICIAN","161"
"NP","Nurse Practitioner","207RN0300X","NEPHROLOGY PHYSICIAN","158"
"PA","Physician Assistant","208G00000X","THORACIC SURGERY (CARDIOTHORACIC VASCULAR SURGERY) PHYSICIAN","152"
"PA","Physician Assistant","207T00000X","NEUROLOGICAL SURGERY PHYSICIAN","147"
"PA","Physician Assistant","207V00000X","OBSTETRICS & GYNECOLOGY PHYSICIAN","147"
"PA","Physician Assistant","207RC0000X","CARDIOVASCULAR DISEASE PHYSICIAN","146"
"PA-C","Physician Assistant Certified","208000000X","PEDIATRICS PHYSICIAN","146"
"PA-C","Physician Assistant Certified","2084P0800X","PSYCHIATRY PHYSICIAN","145"
"CPNP-PC","Certified Pediatric Nurse Practitioner Primary Care","208000000X","PEDIATRICS PHYSICIAN","144"
"NP","Nurse Practitioner","207RG0100X","GASTROENTEROLOGY PHYSICIAN","144"
"APN","Advanced Practice Nurse","207Q00000X","FAMILY MEDICINE PHYSICIAN","143"
"NP","Nurse Practitioner","208VP0000X","PAIN MEDICINE PHYSICIAN","143"
"ATC","Athletic Trainer Certified","207PS0010X","SPORTS MEDICINE (EMERGENCY MEDICINE) PHYSICIAN","142"
"AA","Associate of Arts","207L00000X","ANESTHESIOLOGY PHYSICIAN","141"
"LAT","Licensed Athletic Trainer","2081S0010X","SPORTS MEDICINE (PHYSICAL MEDICINE & REHABILITATION) PHYSICIAN","141"
"NP","Nurse Practitioner","207RP1001X","PULMONARY DISEASE PHYSICIAN","136"
"PNP","Pediatric Nurse Practitioner","208000000X","PEDIATRICS PHYSICIAN","136"
"PA","Physician Assistant","207RG0100X","GASTROENTEROLOGY PHYSICIAN","135"
"NP","Nurse Practitioner","207RE0101X","ENDOCRINOLOGY, DIABETES & METABOLISM PHYSICIAN","133"
"NP","Nurse Practitioner","208600000X","SURGERY PHYSICIAN","132"
"NP","Nurse Practitioner","207QG0300X","GERIATRIC MEDICINE (FAMILY MEDICINE) PHYSICIAN","129"
"NP","Nurse Practitioner","208800000X","UROLOGY PHYSICIAN","128"
"OD","Doctor of Optometry","207W00000X","OPHTHALMOLOGY PHYSICIAN","127"
"NP","Nurse Practitioner","207RI0011X","INTERVENTIONAL CARDIOLOGY PHYSICIAN","126"
"RDMS","Registered Diagnostic Medical Sonographer","2085U0001X","DIAGNOSTIC ULTRASOUND PHYSICIAN","123"
"NP","Nurse Practitioner","207RG0300X","GERIATRIC MEDICINE (INTERNAL MEDICINE) PHYSICIAN","117"
"OTR","Occupational Therapist Registered","208100000X","PHYSICAL MEDICINE & REHABILITATION PHYSICIAN","117"
"NP","Nurse Practitioner","207X00000X","ORTHOPAEDIC SURGERY PHYSICIAN","116"
"NP","Nurse Practitioner","207T00000X","NEUROLOGICAL SURGERY PHYSICIAN","115"
"NP","Nurse Practitioner","207RH0002X","HOSPICE AND PALLIATIVE MEDICINE (INTERNAL MEDICINE) PHYSICIAN","112"
"PA-C","Physician Assistant Certified","208800000X","UROLOGY PHYSICIAN","111"
"FNP","Family Nurse Practitioner","207QA0505X","ADULT MEDICINE PHYSICIAN","109"
"LCSW","Licensed Clinical Social Worker","2084P0800X","PSYCHIATRY PHYSICIAN","109"
"RN","Registered Nurse","2084P0800X","PSYCHIATRY PHYSICIAN","109"
"FNP-C","Family Nurse Practitioner","207R00000X","INTERNAL MEDICINE PHYSICIAN","108"
"PA","Physician Assistant","207RH0003X","HEMATOLOGY & ONCOLOGY PHYSICIAN","108"
"PAC","Physician Assistant Certified","207P00000X","EMERGENCY MEDICINE PHYSICIAN","107"
"NP","Nurse Practitioner","208100000X","PHYSICAL MEDICINE & REHABILITATION PHYSICIAN","105"
"NURSE","Nurse","207Q00000X","FAMILY MEDICINE PHYSICIAN","105"
"PA","Physician Assistant","207PE0004X","EMERGENCY MEDICAL SERVICES (EMERGENCY MEDICINE) PHYSICIAN","105"
"PA","Physician Assistant","208D00000X","GENERAL PRACTICE PHYSICIAN","104"
"PA","Physician Assistant","2084N0400X","NEUROLOGY PHYSICIAN","102"
"PA","Physician Assistant","207Y00000X","OTOLARYNGOLOGY PHYSICIAN","100"
"ATC","Athletic Trainer Certified","2083S0010X","SPORTS MEDICINE (PREVENTIVE MEDICINE) PHYSICIAN","96"
"LMFT","Licensed Marriage and Family Therapist","2084P0800X","PSYCHIATRY PHYSICIAN","95"
"PA-C","Physician Assistant Certified","207RG0100X","GASTROENTEROLOGY PHYSICIAN","95"
"NP","Nurse Practitioner","207RX0202X","MEDICAL ONCOLOGY PHYSICIAN","93"
"PA-C","Physician Assistant Certified","207T00000X","NEUROLOGICAL SURGERY PHYSICIAN","93"
"PA-C","Physician Assistant Certified","208G00000X","THORACIC SURGERY (CARDIOTHORACIC VASCULAR SURGERY) PHYSICIAN","93"
"PHD","Doctor of Philosophy","207SG0203X","CLINICAL MOLECULAR GENETICS PHYSICIAN","93"
"PHD","Doctor of Philosophy","2084P0804X","CHILD & ADOLESCENT PSYCHIATRY PHYSICIAN","92"
"PsyD","Doctor of Psychology","2084P0800X","PSYCHIATRY PHYSICIAN","92"
"NP","Nurse Practitioner","207RI0200X","INFECTIOUS DISEASE PHYSICIAN","91"
"FNP","Family Nurse Practitioner","208000000X","PEDIATRICS PHYSICIAN","89"
"PA-C","Physician Assistant Certified","207V00000X","OBSTETRICS & GYNECOLOGY PHYSICIAN","89"
"OT","Occupational Therapist","208100000X","PHYSICAL MEDICINE & REHABILITATION PHYSICIAN","88"
"RN","Registered Nurse","208000000X","PEDIATRICS PHYSICIAN","88"
"PA","Physician Assistant","208VP0000X","PAIN MEDICINE PHYSICIAN","87"
"PharmD","Doctor of Pharmacy","208U00000X","CLINICAL PHARMACOLOGY PHYSICIAN","87"
"NP","Nurse Practitioner","207QH0002X","HOSPICE AND PALLIATIVE MEDICINE (FAMILY MEDICINE) PHYSICIAN","86"
"DNP","Doctor of Nursing Practice","207L00000X","ANESTHESIOLOGY PHYSICIAN","85"
"FNP","Family Nurse Practitioner","207N00000X","DERMATOLOGY PHYSICIAN","85"
"PHD","Doctor of Philosophy","207SC0300X","CLINICAL CYTOGENETICS PHYSICIAN","85"
"DNP","Doctor of Nursing Practice","2084P0800X","PSYCHIATRY PHYSICIAN","84"
"NP","Nurse Practitioner","207L00000X","ANESTHESIOLOGY PHYSICIAN","84"
"FNP","Family Nurse Practitioner","208M00000X","HOSPITALIST PHYSICIAN","83"
"NP","Nurse Practitioner","208VP0014X","INTERVENTIONAL PAIN MEDICINE PHYSICIAN","83"
"FNP","Family Nurse Practitioner","208D00000X","GENERAL PRACTICE PHYSICIAN","82"
"CAA","Certified Audiologist Assistant","207L00000X","ANESTHESIOLOGY PHYSICIAN","81"
"NP","Nurse Practitioner","208G00000X","THORACIC SURGERY (CARDIOTHORACIC VASCULAR SURGERY) PHYSICIAN","81"
"OTR/L","Occupational Therapist Registered/Licensed","208100000X","PHYSICAL MEDICINE & REHABILITATION PHYSICIAN","80"
"PA","Physician Assistant","207RE0101X","ENDOCRINOLOGY, DIABETES & METABOLISM PHYSICIAN","80"
"PTA","Physical Therapist Assistant","2081S0010X","SPORTS MEDICINE (PHYSICAL MEDICINE & REHABILITATION) PHYSICIAN","79"
"NP","Nurse Practitioner","207RC0200X","CRITICAL CARE MEDICINE (INTERNAL MEDICINE) PHYSICIAN","78"
"DNP","Doctor of Nursing Practice","208000000X","PEDIATRICS PHYSICIAN","77"
"PA-C","Physician Assistant Certified","2084N0400X","NEUROLOGY PHYSICIAN","77"
"CSFA","Certified School Food Administrator","208600000X","SURGERY PHYSICIAN","75"
"NP","Nurse Practitioner","2084P0804X","CHILD & ADOLESCENT PSYCHIATRY PHYSICIAN","75"
"DPM","Doctor of Podiatric Medicine","207XX0004X","ORTHOPAEDIC FOOT AND ANKLE SURGERY PHYSICIAN","74"
"FNP-C","Family Nurse Practitioner","207QA0505X","ADULT MEDICINE PHYSICIAN","74"
"ND","Doctor of Naturopathic Medicine","207Q00000X","FAMILY MEDICINE PHYSICIAN","74"
"MPT","Master of Physical Therapy","208100000X","PHYSICAL MEDICINE & REHABILITATION PHYSICIAN","73"
"PA","Physician Assistant","207XX0005X","SPORTS MEDICINE (ORTHOPAEDIC SURGERY) PHYSICIAN","72"
"MSN","Master of Science in Nursing","208000000X","PEDIATRICS PHYSICIAN","71"
"NP","Nurse Practitioner","2080P0207X","PEDIATRIC HEMATOLOGY & ONCOLOGY PHYSICIAN","71"
"CRNP","Certified Registered Nurse Practitioner","208000000X","PEDIATRICS PHYSICIAN","70"
"PA","Physician Assistant","207RC0200X","CRITICAL CARE MEDICINE (INTERNAL MEDICINE) PHYSICIAN","70"
"PA","Physician Assistant","207QA0505X","ADULT MEDICINE PHYSICIAN","69"
"PA","Physician Assistant","208100000X","PHYSICAL MEDICINE & REHABILITATION PHYSICIAN","69"
"NP","Nurse Practitioner","207PE0004X","EMERGENCY MEDICAL SERVICES (EMERGENCY MEDICINE) PHYSICIAN","68"
"NP","Nurse Practitioner","207VG0400X","GYNECOLOGY PHYSICIAN","68"
"PA-C","Physician Assistant Certified","207RC0000X","CARDIOVASCULAR DISEASE PHYSICIAN","68"
"RN","Registered Nurse","207R00000X","INTERNAL MEDICINE PHYSICIAN","68"
"NNP","Neonatal Nurse Practitioner","2080N0001X","NEONATAL-PERINATAL MEDICINE PHYSICIAN","67"
"PA","Physician Assistant","2085R0202X","DIAGNOSTIC RADIOLOGY PHYSICIAN","67"
"PT","Physical Therapist","2081P0010X","PEDIATRIC REHABILITATION MEDICINE PHYSICIAN","67"
"RN","Registered Nurse","2083P0901X","PUBLIC HEALTH & GENERAL PREVENTIVE MEDICINE PHYSICIAN","67"
"RPT","Registered Physical Therapist","208100000X","PHYSICAL MEDICINE & REHABILITATION PHYSICIAN","67"
"LAT","Licensed Athletic Trainer","207PS0010X","SPORTS MEDICINE (EMERGENCY MEDICINE) PHYSICIAN","66"
"PA","Physician Assistant","207RI0011X","INTERVENTIONAL CARDIOLOGY PHYSICIAN","66"
"MS","Master of Science","207Q00000X","FAMILY MEDICINE PHYSICIAN","65"
"PA-C","Physician Assistant Certified","207RH0003X","HEMATOLOGY & ONCOLOGY PHYSICIAN","65"
"PA-C","Physician Assistant Certified","208VP0000X","PAIN MEDICINE PHYSICIAN","65"
"FNP","Family Nurse Practitioner","207V00000X","OBSTETRICS & GYNECOLOGY PHYSICIAN","64"
"NP","Nurse Practitioner","2080P0203X","PEDIATRIC CRITICAL CARE MEDICINE PHYSICIAN","64"
"MSN","Master of Science in Nursing","2084P0800X","PSYCHIATRY PHYSICIAN","63"
"MA","Master of Arts","2084P0800X","PSYCHIATRY PHYSICIAN","61"
"NP","Nurse Practitioner","2080P0204X","PEDIATRIC EMERGENCY MEDICINE (PEDIATRICS) PHYSICIAN","61"
"MFT","Marriage and Family Therapist","2084P0800X","PSYCHIATRY PHYSICIAN","60"
"PAC","Physician Assistant Certified","207N00000X","DERMATOLOGY PHYSICIAN","60"
"ATC","Athletic Trainer Certified","208100000X","PHYSICAL MEDICINE & REHABILITATION PHYSICIAN","59"
"PA","Physician Assistant","208200000X","PLASTIC SURGERY PHYSICIAN","59"
"WHNP","Womens Health Nurse Practitioner","207V00000X","OBSTETRICS & GYNECOLOGY PHYSICIAN","59"
"APRN-CNP","Advanced Practice Registered Nurse - Certified Nurse Practitioner","207Q00000X","FAMILY MEDICINE PHYSICIAN","58"
"PA","Physician Assistant","2085R0204X","VASCULAR & INTERVENTIONAL RADIOLOGY PHYSICIAN","58"
"PA-C","Physician Assistant Certified","207RE0101X","ENDOCRINOLOGY, DIABETES & METABOLISM PHYSICIAN","58"
"CNM","Certified Nurse Midwife","207VX0000X","OBSTETRICS PHYSICIAN","57"
"PA-C","Physician Assistant Certified","208200000X","PLASTIC SURGERY PHYSICIAN","57"
"PA-C","Physician Assistant Certified","208D00000X","GENERAL PRACTICE PHYSICIAN","57"
"ARNP","Advanced Registered Nurse Practitioner","207R00000X","INTERNAL MEDICINE PHYSICIAN","56"
"MS","Master of Science","2084P0800X","PSYCHIATRY PHYSICIAN","56"
"PA","Physician Assistant","2086S0129X","VASCULAR SURGERY PHYSICIAN","56"
"PA-C","Physician Assistant Certified","207Y00000X","OTOLARYNGOLOGY PHYSICIAN","56"
"PAC","Physician Assistant Certified","207R00000X","INTERNAL MEDICINE PHYSICIAN","56"
"NP","Nurse Practitioner","207QA0401X","ADDICTION MEDICINE (FAMILY MEDICINE) PHYSICIAN","55"
"WHNP-BC","Womens Health Nurse Practitioner Board Certified","207V00000X","OBSTETRICS & GYNECOLOGY PHYSICIAN","55"
"FNP-C","Family Nurse Practitioner","208D00000X","GENERAL PRACTICE PHYSICIAN","54"
"MS","Master of Science","2081S0010X","SPORTS MEDICINE (PHYSICAL MEDICINE & REHABILITATION) PHYSICIAN","54"
"NNP-BC","Neonatal Nurse Practitioner Board Certified","2080N0001X","NEONATAL-PERINATAL MEDICINE PHYSICIAN","54"
"PA","Physician Assistant","207RX0202X","MEDICAL ONCOLOGY PHYSICIAN","54"
"CNP","Certified Nurse Practitioner","207R00000X","INTERNAL MEDICINE PHYSICIAN","53"
"DPT","Doctor of Physical Therapy","2081P0010X","PEDIATRIC REHABILITATION MEDICINE PHYSICIAN","53"
"FNP","Family Nurse Practitioner","207RC0000X","CARDIOVASCULAR DISEASE PHYSICIAN","53"
"NP","Nurse Practitioner","207Y00000X","OTOLARYNGOLOGY PHYSICIAN","53"
"PA","Physician Assistant","2086S0122X","PLASTIC AND RECONSTRUCTIVE SURGERY PHYSICIAN","53"
"PA-C","Physician Assistant Certified","207QA0505X","ADULT MEDICINE PHYSICIAN","53"
"PHD","Doctor of Philosophy","2084N0400X","NEUROLOGY PHYSICIAN","53"
"RN","Registered Nurse","207L00000X","ANESTHESIOLOGY PHYSICIAN","53"
"APN","Advanced Practice Nurse","2084P0800X","PSYCHIATRY PHYSICIAN","52"
"LCSW","Licensed Clinical Social Worker","207RI0011X","INTERVENTIONAL CARDIOLOGY PHYSICIAN","52"
"PA-C","Physician Assistant Certified","207PE0004X","EMERGENCY MEDICAL SERVICES (EMERGENCY MEDICINE) PHYSICIAN","52"
"ARNP","Advanced Registered Nurse Practitioner","208000000X","PEDIATRICS PHYSICIAN","50"
"CRNP","Certified Registered Nurse Practitioner","207R00000X","INTERNAL MEDICINE PHYSICIAN","50"
"PA","Physician Assistant","2080P0204X","PEDIATRIC EMERGENCY MEDICINE (PEDIATRICS) PHYSICIAN","50"
"PA","Physician Assistant","2086S0127X","TRAUMA SURGERY PHYSICIAN","50"
"NP","Nurse Practitioner","2080P0202X","PEDIATRIC CARDIOLOGY PHYSICIAN","49"
"NP","Nurse Practitioner","2086S0129X","VASCULAR SURGERY PHYSICIAN","49"
"ND","Doctor of Naturopathic Medicine","208D00000X","GENERAL PRACTICE PHYSICIAN","48"
"NP","Nurse Practitioner","207K00000X","ALLERGY & IMMUNOLOGY PHYSICIAN","48"
"NP","Nurse Practitioner","2083P0011X","UNDERSEA AND HYPERBARIC MEDICINE (PREVENTIVE MEDICINE) PHYSICIAN","48"
"NP-C","Nurse Practitioner Certified","207R00000X","INTERNAL MEDICINE PHYSICIAN","48"
"PA-C","Physician Assistant Certified","207RC0200X","CRITICAL CARE MEDICINE (INTERNAL MEDICINE) PHYSICIAN","48"
"RT","Respiratory Therapist","2085R0202X","DIAGNOSTIC RADIOLOGY PHYSICIAN","48"
"CSW","Clinical Social Worker","207RI0011X","INTERVENTIONAL CARDIOLOGY PHYSICIAN","47"
"DNP","Doctor of Nursing Practice","207R00000X","INTERNAL MEDICINE PHYSICIAN","47"
"DVM","Doctor of Veterinary Medicine","208D00000X","GENERAL PRACTICE PHYSICIAN","47"
"MS","Master of Science","204E00000X","ORAL & MAXILLOFACIAL SURGERY (D.M.D.)","47"
"PA","Physician Assistant","207RP1001X","PULMONARY DISEASE PHYSICIAN","47"
"PA-C","Physician Assistant Certified","207XX0005X","SPORTS MEDICINE (ORTHOPAEDIC SURGERY) PHYSICIAN","47"
"PA-C","Physician Assistant Certified","2086S0127X","TRAUMA SURGERY PHYSICIAN","47"
"CFNP","Certified Family Nurse Practitioner","207Q00000X","FAMILY MEDICINE PHYSICIAN","46"
"FNP","Family Nurse Practitioner","208VP0000X","PAIN MEDICINE PHYSICIAN","46"
"NP","Nurse Practitioner","207LP2900X","PAIN MEDICINE (ANESTHESIOLOGY) PHYSICIAN","46"
"PA-C","Physician Assistant Certified","208100000X","PHYSICAL MEDICINE & REHABILITATION PHYSICIAN","46"
"PharmD","Doctor of Pharmacy","208D00000X","GENERAL PRACTICE PHYSICIAN","46"
"DDS","Doctor of Dental Surgery","208D00000X","GENERAL PRACTICE PHYSICIAN","45"
"FNP-C","Family Nurse Practitioner","207P00000X","EMERGENCY MEDICINE PHYSICIAN","45"
"PA","Physician Assistant","207K00000X","ALLERGY & IMMUNOLOGY PHYSICIAN","45"
"PA","Physician Assistant","2086X0206X","SURGICAL ONCOLOGY PHYSICIAN","45"
"PA","Physician Assistant","208VP0014X","INTERVENTIONAL PAIN MEDICINE PHYSICIAN","45"
"PAC","Physician Assistant Certified","207X00000X","ORTHOPAEDIC SURGERY PHYSICIAN","45"
"FNP-C","Family Nurse Practitioner","207N00000X","DERMATOLOGY PHYSICIAN","44"
"PA-C","Physician Assistant Certified","2085R0204X","VASCULAR & INTERVENTIONAL RADIOLOGY PHYSICIAN","44"
"RN","Registered Nurse","208D00000X","GENERAL PRACTICE PHYSICIAN","44"
"NP","Nurse Practitioner","2080P0206X","PEDIATRIC GASTROENTEROLOGY PHYSICIAN","43"
"PA","Physician Assistant","207L00000X","ANESTHESIOLOGY PHYSICIAN","43"
"COTA","Certified Occupational Therapy Assistant","208100000X","PHYSICAL MEDICINE & REHABILITATION PHYSICIAN","42"
"FNP-BC","Family Nurse Practitioner Board Certified","207R00000X","INTERNAL MEDICINE PHYSICIAN","42"
"MS","Master of Science","208100000X","PHYSICAL MEDICINE & REHABILITATION PHYSICIAN","42"
"NP","Nurse Practitioner","207RR0500X","RHEUMATOLOGY PHYSICIAN","42"
"NP","Nurse Practitioner","2086S0127X","TRAUMA SURGERY PHYSICIAN","42"
"LPTA","Licensed Physical Therapist Assistant","208100000X","PHYSICAL MEDICINE & REHABILITATION PHYSICIAN","41"
"PA","Physician Assistant","207RR0500X","RHEUMATOLOGY PHYSICIAN","41"
"APNP","Advanced Practice Nurse Practitioner","207Q00000X","FAMILY MEDICINE PHYSICIAN","40"
"CNP","Certified Nurse Practitioner","208000000X","PEDIATRICS PHYSICIAN","40"
"FNP-C","Family Nurse Practitioner","208000000X","PEDIATRICS PHYSICIAN","40"
"LMT","Licensed Massage Therapist","208100000X","PHYSICAL MEDICINE & REHABILITATION PHYSICIAN","40"
"PA","Physician Assistant","207XS0117X","ORTHOPAEDIC SURGERY OF THE SPINE PHYSICIAN","40"
"PA","Physician Assistant","2086S0120X","PEDIATRIC SURGERY PHYSICIAN","40"
"PA-C","Physician Assistant Certified","2086S0122X","PLASTIC AND RECONSTRUCTIVE SURGERY PHYSICIAN","40"
"ATC","Athletic Trainer Certified","204C00000X","SPORTS MEDICINE (NEUROMUSCULOSKELETAL MEDICINE) PHYSICIAN","39"
"LAT","Licensed Athletic Trainer","2083S0010X","SPORTS MEDICINE (PREVENTIVE MEDICINE) PHYSICIAN","39"
"MSN","Master of Science in Nursing","207R00000X","INTERNAL MEDICINE PHYSICIAN","39"
"NP","Nurse Practitioner","207VX0000X","OBSTETRICS PHYSICIAN","39"
"PHD","Doctor of Philosophy","2085R0205X","RADIOLOGICAL PHYSICS PHYSICIAN","39"
"PT","Physical Therapist","2081N0008X","NEUROMUSCULAR MEDICINE (PHYSICAL MEDICINE & REHABILITATION) PHYSICIAN","39"
"RN","Registered Nurse","207V00000X","OBSTETRICS & GYNECOLOGY PHYSICIAN","39"
"ARNP","Advanced Registered Nurse Practitioner","2084P0800X","PSYCHIATRY PHYSICIAN","38"
"CRNP","Certified Registered Nurse Practitioner","2084P0800X","PSYCHIATRY PHYSICIAN","38"
"DNP","Doctor of Nursing Practice","207V00000X","OBSTETRICS & GYNECOLOGY PHYSICIAN","38"
"FNP","Family Nurse Practitioner","207RH0003X","HEMATOLOGY & ONCOLOGY PHYSICIAN","38"
"FNP","Family Nurse Practitioner","2084P0800X","PSYCHIATRY PHYSICIAN","38"
"PA-C","Physician Assistant Certified","207RI0011X","INTERVENTIONAL CARDIOLOGY PHYSICIAN","38"
"PA-C","Physician Assistant Certified","2085R0202X","DIAGNOSTIC RADIOLOGY PHYSICIAN","38"
"CNP","Certified Nurse Practitioner","2084P0800X","PSYCHIATRY PHYSICIAN","37"
"DPM","Doctor of Podiatric Medicine","207X00000X","ORTHOPAEDIC SURGERY PHYSICIAN","37"
"PA-C","Physician Assistant Certified","2086S0129X","VASCULAR SURGERY PHYSICIAN","37"
"ARNP","Advanced Registered Nurse Practitioner","208M00000X","HOSPITALIST PHYSICIAN","36"
"FNP","Family Nurse Practitioner","208800000X","UROLOGY PHYSICIAN","36"
"FNP-BC","Family Nurse Practitioner Board Certified","207QA0505X","ADULT MEDICINE PHYSICIAN","36"
"LCSW","Licensed Clinical Social Worker","2084P0804X","CHILD & ADOLESCENT PSYCHIATRY PHYSICIAN","36"
"NP","Nurse Practitioner","2084P0802X","ADDICTION PSYCHIATRY PHYSICIAN","36"
"PsyD","Doctor of Psychology","2084P0804X","CHILD & ADOLESCENT PSYCHIATRY PHYSICIAN","36"
"APN","Advanced Practice Nurse","208000000X","PEDIATRICS PHYSICIAN","35"
"NP","Nurse Practitioner","2084A0401X","ADDICTION MEDICINE (PSYCHIATRY & NEUROLOGY) PHYSICIAN","35"
"PA-C","Physician Assistant Certified","2086X0206X","SURGICAL ONCOLOGY PHYSICIAN","35"
"NP","Nurse Practitioner","207RS0012X","SLEEP MEDICINE (INTERNAL MEDICINE) PHYSICIAN","34"
"PA","Physician Assistant","2080P0203X","PEDIATRIC CRITICAL CARE MEDICINE PHYSICIAN","34"
"PA-C","Physician Assistant Certified","208VP0014X","INTERVENTIONAL PAIN MEDICINE PHYSICIAN","34"
"RDCS","Registered Diagnostic Cardiac Sonographer","2085U0001X","DIAGNOSTIC ULTRASOUND PHYSICIAN","34"
"ARNP","Advanced Registered Nurse Practitioner","207V00000X","OBSTETRICS & GYNECOLOGY PHYSICIAN","33"
"CRNP","Certified Registered Nurse Practitioner","208M00000X","HOSPITALIST PHYSICIAN","33"
"MSPT","Master of Science in Physical Therapy","208100000X","PHYSICAL MEDICINE & REHABILITATION PHYSICIAN","33"
"NP","Nurse Practitioner","207RA0001X","ADVANCED HEART FAILURE AND TRANSPLANT CARDIOLOGY PHYSICIAN","33"
"NP","Nurse Practitioner","2080A0000X","PEDIATRIC ADOLESCENT MEDICINE PHYSICIAN","33"
"NP","Nurse Practitioner","2080P0214X","PEDIATRIC PULMONOLOGY PHYSICIAN","33"
"PA-C","Physician Assistant Certified","207RX0202X","MEDICAL ONCOLOGY PHYSICIAN","33"
"ARNP","Advanced Registered Nurse Practitioner","207P00000X","EMERGENCY MEDICINE PHYSICIAN","32"
"FNP","Family Nurse Practitioner","207QG0300X","GERIATRIC MEDICINE (FAMILY MEDICINE) PHYSICIAN","32"
"FNP","Family Nurse Practitioner","207RN0300X","NEPHROLOGY PHYSICIAN","32"
"FNP-C","Family Nurse Practitioner","208M00000X","HOSPITALIST PHYSICIAN","32"
"PA","Physician Assistant","204F00000X","TRANSPLANT SURGERY PHYSICIAN","32"
"PA","Physician Assistant","207RN0300X","NEPHROLOGY PHYSICIAN","32"
"NP","Nurse Practitioner","207RC0001X","CLINICAL CARDIAC ELECTROPHYSIOLOGY PHYSICIAN","31"
"NP","Nurse Practitioner","2083P0901X","PUBLIC HEALTH & GENERAL PREVENTIVE MEDICINE PHYSICIAN","31"
"NP","Nurse Practitioner","2086S0120X","PEDIATRIC SURGERY PHYSICIAN","31"
"PA","Physician Assistant","207NS0135X","PROCEDURAL DERMATOLOGY PHYSICIAN","31"
"PA-C","Physician Assistant Certified","207XS0117X","ORTHOPAEDIC SURGERY OF THE SPINE PHYSICIAN","31"
"PA-C","Physician Assistant Certified","2080P0204X","PEDIATRIC EMERGENCY MEDICINE (PEDIATRICS) PHYSICIAN","31"
"AA","Associate of Arts","207LP3000X","PEDIATRIC ANESTHESIOLOGY PHYSICIAN","30"
"DC","Doctor of Chiropractic","208100000X","PHYSICAL MEDICINE & REHABILITATION PHYSICIAN","30"
"DNP","Doctor of Nursing Practice","207P00000X","EMERGENCY MEDICINE PHYSICIAN","30"
"DNP","Doctor of Nursing Practice","207QA0505X","ADULT MEDICINE PHYSICIAN","30"
"FNP","Family Nurse Practitioner","207RE0101X","ENDOCRINOLOGY, DIABETES & METABOLISM PHYSICIAN","30"
"FNP","Family Nurse Practitioner","208100000X","PHYSICAL MEDICINE & REHABILITATION PHYSICIAN","30"
"FNP-BC","Family Nurse Practitioner Board Certified","207P00000X","EMERGENCY MEDICINE PHYSICIAN","30"
"FNP-C","Family Nurse Practitioner","207V00000X","OBSTETRICS & GYNECOLOGY PHYSICIAN","30"
"NP","Nurse Practitioner","207VX0201X","GYNECOLOGIC ONCOLOGY PHYSICIAN","30"
"PA","Physician Assistant","207XX0801X","ORTHOPAEDIC TRAUMA PHYSICIAN","30"
"PHD","Doctor of Philosophy","2080P0006X","DEVELOPMENTAL - BEHAVIORAL PEDIATRICS PHYSICIAN","30"
"PTA","Physical Therapist Assistant","2081P0010X","PEDIATRIC REHABILITATION MEDICINE PHYSICIAN","30"
"AGACNP-BC","Adult-Gerontology Acute Care Nurse Practitioner Board Certified","208M00000X","HOSPITALIST PHYSICIAN","29"
"EMT","Emergency Medical Technician","207PE0004X","EMERGENCY MEDICAL SERVICES (EMERGENCY MEDICINE) PHYSICIAN","29"
"FNP-C","Family Nurse Practitioner","207RC0000X","CARDIOVASCULAR DISEASE PHYSICIAN","29"
"LPC","Licensed Professional Counselor","2084P0800X","PSYCHIATRY PHYSICIAN","29"
"NP","Nurse Practitioner","2084P0805X","GERIATRIC PSYCHIATRY PHYSICIAN","29"
"ARNP","Advanced Registered Nurse Practitioner","207N00000X","DERMATOLOGY PHYSICIAN","28"
"CRNA","Certified Registered Nurse Anesthetist","207LP3000X","PEDIATRIC ANESTHESIOLOGY PHYSICIAN","28"
"FNP-BC","Family Nurse Practitioner Board Certified","208D00000X","GENERAL PRACTICE PHYSICIAN","28"
"MS","Master of Science","208000000X","PEDIATRICS PHYSICIAN","28"
"MSN","Master of Science in Nursing","207V00000X","OBSTETRICS & GYNECOLOGY PHYSICIAN","28"
"NP","Nurse Practitioner","204F00000X","TRANSPLANT SURGERY PHYSICIAN","28"
"NP","Nurse Practitioner","2085R0202X","DIAGNOSTIC RADIOLOGY PHYSICIAN","28"
"APN","Advanced Practice Nurse","207R00000X","INTERNAL MEDICINE PHYSICIAN","27"
"CNS","Certified Nurse Specialist","2084P0800X","PSYCHIATRY PHYSICIAN","27"
"FNP","Family Nurse Practitioner","207RG0100X","GASTROENTEROLOGY PHYSICIAN","27"
"NP","Nurse Practitioner","208200000X","PLASTIC SURGERY PHYSICIAN","27"
"NP","Nurse Practitioner","2083X0100X","OCCUPATIONAL MEDICINE PHYSICIAN","27"
"PA","Physician Assistant","207VG0400X","GYNECOLOGY PHYSICIAN","27"
"FNP","Family Nurse Practitioner","207X00000X","ORTHOPAEDIC SURGERY PHYSICIAN","26"
"MS","Master of Science","207PS0010X","SPORTS MEDICINE (EMERGENCY MEDICINE) PHYSICIAN","26"
"MSN","Master of Science in Nursing","207QA0505X","ADULT MEDICINE PHYSICIAN","26"
"OT","Occupational Therapist","2083X0100X","OCCUPATIONAL MEDICINE PHYSICIAN","26"
"PA","Physician Assistant","207RG0300X","GERIATRIC MEDICINE (INTERNAL MEDICINE) PHYSICIAN","26"
"PA","Physician Assistant","207RS0012X","SLEEP MEDICINE (INTERNAL MEDICINE) PHYSICIAN","26"
"PA","Physician Assistant","207VX0201X","GYNECOLOGIC ONCOLOGY PHYSICIAN","26"
"PA-C","Physician Assistant Certified","207RP1001X","PULMONARY DISEASE PHYSICIAN","26"
"SLP","Speech-Language Pathologist","207ZP0102X","ANATOMIC PATHOLOGY & CLINICAL PATHOLOGY PHYSICIAN","26"
"CSW","Clinical Social Worker","2084P0804X","CHILD & ADOLESCENT PSYCHIATRY PHYSICIAN","25"
"FNP-C","Family Nurse Practitioner","207RE0101X","ENDOCRINOLOGY, DIABETES & METABOLISM PHYSICIAN","25"
"NP","Nurse Practitioner","2080P0006X","DEVELOPMENTAL - BEHAVIORAL PEDIATRICS PHYSICIAN","25"
"NP","Nurse Practitioner","2085R0001X","RADIATION ONCOLOGY PHYSICIAN","25"
"NP","Nurse Practitioner","2086X0206X","SURGICAL ONCOLOGY PHYSICIAN","25"
"PA","Physician Assistant","207RH0002X","HOSPICE AND PALLIATIVE MEDICINE (INTERNAL MEDICINE) PHYSICIAN","25"
"PA","Physician Assistant","2083X0100X","OCCUPATIONAL MEDICINE PHYSICIAN","25"
"PA-C","Physician Assistant Certified","207RR0500X","RHEUMATOLOGY PHYSICIAN","25"
"PMHNP","Psychiatric Mental Health Nurse Practitioner","207Q00000X","FAMILY MEDICINE PHYSICIAN","25"
"PMHNP-BC","Psychiatric Mental Health Nurse Practitioner Board Certified","207Q00000X","FAMILY MEDICINE PHYSICIAN","25"
"ANP","Adult Nurse Practitioner","207Q00000X","FAMILY MEDICINE PHYSICIAN","24"
"CRNA","Certified Registered Nurse Anesthetist","207LP2900X","PAIN MEDICINE (ANESTHESIOLOGY) PHYSICIAN","24"
"CRNP","Certified Registered Nurse Practitioner","207QA0505X","ADULT MEDICINE PHYSICIAN","24"
"CSW","Clinical Social Worker","2084P0800X","PSYCHIATRY PHYSICIAN","24"
"FNP","Family Nurse Practitioner","207RI0011X","INTERVENTIONAL CARDIOLOGY PHYSICIAN","24"
"FNP","Family Nurse Practitioner","2084N0400X","NEUROLOGY PHYSICIAN","24"
"FNP","Family Nurse Practitioner","208600000X","SURGERY PHYSICIAN","24"
"MSN","Master of Science in Nursing","208D00000X","GENERAL PRACTICE PHYSICIAN","24"
"NP","Nurse Practitioner","207LC0200X","CRITICAL CARE MEDICINE (ANESTHESIOLOGY) PHYSICIAN","24"
"NP","Nurse Practitioner","2081P2900X","PAIN MEDICINE (PHYSICAL MEDICINE & REHABILITATION) PHYSICIAN","24"
"PA","Physician Assistant","2080P0207X","PEDIATRIC HEMATOLOGY & ONCOLOGY PHYSICIAN","24"
"PA-C","Physician Assistant Certified","204F00000X","TRANSPLANT SURGERY PHYSICIAN","24"
"ATC","Athletic Trainer Certified","207XX0005X","SPORTS MEDICINE (ORTHOPAEDIC SURGERY) PHYSICIAN","23"
"AuD","Doctor of Audiology","207Y00000X","OTOLARYNGOLOGY PHYSICIAN","23"
"CST","Certified Surgical Technologist","208600000X","SURGERY PHYSICIAN","23"
"DNP","Doctor of Nursing Practice","208M00000X","HOSPITALIST PHYSICIAN","23"
"FNP-C","Family Nurse Practitioner","208VP0000X","PAIN MEDICINE PHYSICIAN","23"
"OTR","Occupational Therapist Registered","2083X0100X","OCCUPATIONAL MEDICINE PHYSICIAN","23"
"PA","Physician Assistant","207RI0200X","INFECTIOUS DISEASE PHYSICIAN","23"
"PA-C","Physician Assistant Certified","207K00000X","ALLERGY & IMMUNOLOGY PHYSICIAN","23"
"PA-C","Physician Assistant Certified","207RH0002X","HOSPICE AND PALLIATIVE MEDICINE (INTERNAL MEDICINE) PHYSICIAN","23"
"PA-C","Physician Assistant Certified","2086S0120X","PEDIATRIC SURGERY PHYSICIAN","23"
"PHD","Doctor of Philosophy","208000000X","PEDIATRICS PHYSICIAN","23"
"FNP-C","Family Nurse Practitioner","207RN0300X","NEPHROLOGY PHYSICIAN","22"
"NMD","Doctor of Naturopathic Medicine","207Q00000X","FAMILY MEDICINE PHYSICIAN","22"
"NP","Nurse Practitioner","2085R0204X","VASCULAR & INTERVENTIONAL RADIOLOGY PHYSICIAN","22"
"NP-C","Nurse Practitioner Certified","208M00000X","HOSPITALIST PHYSICIAN","22"
"OTR","Occupational Therapist Registered","2081P0010X","PEDIATRIC REHABILITATION MEDICINE PHYSICIAN","22"
"PA","Physician Assistant","207XS0114X","ADULT RECONSTRUCTIVE ORTHOPAEDIC SURGERY PHYSICIAN","22"
"PA","Physician Assistant","2081P2900X","PAIN MEDICINE (PHYSICAL MEDICINE & REHABILITATION) PHYSICIAN","22"
"PA-C","Physician Assistant Certified","207RI0200X","INFECTIOUS DISEASE PHYSICIAN","22"
"PA-C","Physician Assistant Certified","2083X0100X","OCCUPATIONAL MEDICINE PHYSICIAN","22"
"PHD","Doctor of Philosophy","207R00000X","INTERNAL MEDICINE PHYSICIAN","22"
"PHD","Doctor of Philosophy","207ZP0105X","CLINICAL PATHOLOGY/LABORATORY MEDICINE PHYSICIAN","22"
"PHD","Doctor of Philosophy","2084B0040X","BEHAVIORAL NEUROLOGY & NEUROPSYCHIATRY PHYSICIAN","22"
"PHD","Doctor of Philosophy","2084N0600X","CLINICAL NEUROPHYSIOLOGY PHYSICIAN","22"
"PT","Physical Therapist","204C00000X","SPORTS MEDICINE (NEUROMUSCULOSKELETAL MEDICINE) PHYSICIAN","22"
"RN","Registered Nurse","207RC0000X","CARDIOVASCULAR DISEASE PHYSICIAN","22"
"RN","Registered Nurse","208600000X","SURGERY PHYSICIAN","22"
"ARNP","Advanced Registered Nurse Practitioner","207QA0505X","ADULT MEDICINE PHYSICIAN","21"
"COTA/L","Certified Occupational Therapy Assistant Licensed","208100000X","PHYSICAL MEDICINE & REHABILITATION PHYSICIAN","21"
"DDS","Doctor of Dental Surgery","207L00000X","ANESTHESIOLOGY PHYSICIAN","21"
"FNP","Family Nurse Practitioner","207T00000X","NEUROLOGICAL SURGERY PHYSICIAN","21"
"MA","Master of Arts","207Q00000X","FAMILY MEDICINE PHYSICIAN","21"
"MS","Master of Science","207R00000X","INTERNAL MEDICINE PHYSICIAN","21"
"NP","Nurse Practitioner","202D00000X","INTEGRATIVE MEDICINE PHYSICIAN","21"
"NP","Nurse Practitioner","2086S0102X","SURGICAL CRITICAL CARE PHYSICIAN","21"
"PA","Physician Assistant","207XS0106X","ORTHOPAEDIC HAND SURGERY PHYSICIAN","21"
"PA","Physician Assistant","207ZP0101X","ANATOMIC PATHOLOGY PHYSICIAN","21"
"PA-C","Physician Assistant Certified","207XX0801X","ORTHOPAEDIC TRAUMA PHYSICIAN","21"
"PA-C","Physician Assistant Certified","2080P0203X","PEDIATRIC CRITICAL CARE MEDICINE PHYSICIAN","21"
"PAC","Physician Assistant Certified","208000000X","PEDIATRICS PHYSICIAN","21"
"PAC","Physician Assistant Certified","208M00000X","HOSPITALIST PHYSICIAN","21"
"PMHNP","Psychiatric Mental Health Nurse Practitioner","2084P0804X","CHILD & ADOLESCENT PSYCHIATRY PHYSICIAN","21"
"RN","Registered Nurse","207QA0505X","ADULT MEDICINE PHYSICIAN","21"
"CPNP-AC","Certified Pediatric Nurse Practitioner - Acute Care","2080P0203X","PEDIATRIC CRITICAL CARE MEDICINE PHYSICIAN","20"
"CRNP","Certified Registered Nurse Practitioner","207V00000X","OBSTETRICS & GYNECOLOGY PHYSICIAN","20"
"DPT","Doctor of Physical Therapy","2081N0008X","NEUROMUSCULAR MEDICINE (PHYSICAL MEDICINE & REHABILITATION) PHYSICIAN","20"
"MHC","Mental Health Counselor","2084P0800X","PSYCHIATRY PHYSICIAN","20"
"MPAS","Master of Physician Assistant Studies","207Q00000X","FAMILY MEDICINE PHYSICIAN","20"
"NP","Nurse Practitioner","207VM0101X","MATERNAL & FETAL MEDICINE PHYSICIAN","20"
"PA","Physician Assistant","207XP3100X","PEDIATRIC ORTHOPAEDIC SURGERY PHYSICIAN","20"
"PT","Physical Therapist","2081P2900X","PAIN MEDICINE (PHYSICAL MEDICINE & REHABILITATION) PHYSICIAN","20"
"RN","Registered Nurse","207P00000X","EMERGENCY MEDICINE PHYSICIAN","20"
"ARNP","Advanced Registered Nurse Practitioner","207RC0000X","CARDIOVASCULAR DISEASE PHYSICIAN","19"
"COTA","Certified Occupational Therapy Assistant","2083X0100X","OCCUPATIONAL MEDICINE PHYSICIAN","19"
"DMD","Doctor of Medicine in Dentistry","207L00000X","ANESTHESIOLOGY PHYSICIAN","19"
"DNP","Doctor of Nursing Practice","207N00000X","DERMATOLOGY PHYSICIAN","19"
"FNP","Family Nurse Practitioner","207QA0401X","ADDICTION MEDICINE (FAMILY MEDICINE) PHYSICIAN","19"
"FNP","Family Nurse Practitioner","207RP1001X","PULMONARY DISEASE PHYSICIAN","19"
"NMD","Doctor of Naturopathic Medicine","208D00000X","GENERAL PRACTICE PHYSICIAN","19"
"NP","Nurse Practitioner","2084N0402X","NEUROLOGY WITH SPECIAL QUALIFICATIONS IN CHILD NEUROLOGY PHYSICIAN","19"
"NP","Nurse Practitioner","2086S0122X","PLASTIC AND RECONSTRUCTIVE SURGERY PHYSICIAN","19"
"NURSE","Nurse","207R00000X","INTERNAL MEDICINE PHYSICIAN","19"
"PA-C","Physician Assistant Certified","207NS0135X","PROCEDURAL DERMATOLOGY PHYSICIAN","19"
"PA-C","Physician Assistant Certified","2080P0207X","PEDIATRIC HEMATOLOGY & ONCOLOGY PHYSICIAN","19"
"PA-C","Physician Assistant Certified","2081P2900X","PAIN MEDICINE (PHYSICAL MEDICINE & REHABILITATION) PHYSICIAN","19"
"PMHNP-BC","Psychiatric Mental Health Nurse Practitioner Board Certified","2084P0804X","CHILD & ADOLESCENT PSYCHIATRY PHYSICIAN","19"
"PNP","Pediatric Nurse Practitioner","2080P0204X","PEDIATRIC EMERGENCY MEDICINE (PEDIATRICS) PHYSICIAN","19"
"APN","Advanced Practice Nurse","207V00000X","OBSTETRICS & GYNECOLOGY PHYSICIAN","18"
"ARNP","Advanced Registered Nurse Practitioner","208D00000X","GENERAL PRACTICE PHYSICIAN","18"
"AT","Athletic Trainer","2081S0010X","SPORTS MEDICINE (PHYSICAL MEDICINE & REHABILITATION) PHYSICIAN","18"
"BSN","Bachelor of Science in Nursing","207Q00000X","FAMILY MEDICINE PHYSICIAN","18"
"CRNA","Certified Registered Nurse Anesthetist","207LC0200X","CRITICAL CARE MEDICINE (ANESTHESIOLOGY) PHYSICIAN","18"
"FNP","Family Nurse Practitioner","207PE0004X","EMERGENCY MEDICAL SERVICES (EMERGENCY MEDICINE) PHYSICIAN","18"
"FNP","Family Nurse Practitioner","207RI0200X","INFECTIOUS DISEASE PHYSICIAN","18"
"FNP-C","Family Nurse Practitioner","2084P0800X","PSYCHIATRY PHYSICIAN","18"
"LPC","Licensed Professional Counselor","2084P0804X","CHILD & ADOLESCENT PSYCHIATRY PHYSICIAN","18"
"LPN","Licensed Practical Nurse","207Q00000X","FAMILY MEDICINE PHYSICIAN","18"
"MS","Master of Science","2083S0010X","SPORTS MEDICINE (PREVENTIVE MEDICINE) PHYSICIAN","18"
"NP","Nurse Practitioner","207QA0000X","ADOLESCENT MEDICINE (FAMILY MEDICINE) PHYSICIAN","18"
"NP-C","Nurse Practitioner Certified","207P00000X","EMERGENCY MEDICINE PHYSICIAN","18"
"NP-C","Nurse Practitioner Certified","207QA0505X","ADULT MEDICINE PHYSICIAN","18"
"NP-C","Nurse Practitioner Certified","208000000X","PEDIATRICS PHYSICIAN","18"
"PA","Physician Assistant","207RS0010X","SPORTS MEDICINE (INTERNAL MEDICINE) PHYSICIAN","18"
"PA","Physician Assistant","2080A0000X","PEDIATRIC ADOLESCENT MEDICINE PHYSICIAN","18"
"PA","Physician Assistant","2084P0804X","CHILD & ADOLESCENT PSYCHIATRY PHYSICIAN","18"
"PA-C","Physician Assistant Certified","2084P0804X","CHILD & ADOLESCENT PSYCHIATRY PHYSICIAN","18"
"CNM","Certified Nurse Midwife","207Q00000X","FAMILY MEDICINE PHYSICIAN","17"
"CNP","Certified Nurse Practitioner","207V00000X","OBSTETRICS & GYNECOLOGY PHYSICIAN","17"
"CRNP","Certified Registered Nurse Practitioner","207RC0000X","CARDIOVASCULAR DISEASE PHYSICIAN","17"
"FNP-BC","Family Nurse Practitioner Board Certified","208000000X","PEDIATRICS PHYSICIAN","17"
"FNP-C","Family Nurse Practitioner","207QA0401X","ADDICTION MEDICINE (FAMILY MEDICINE) PHYSICIAN","17"
"FNP-C","Family Nurse Practitioner","2084N0400X","NEUROLOGY PHYSICIAN","17"
"LPT","Licensed Physical Therapist","208100000X","PHYSICAL MEDICINE & REHABILITATION PHYSICIAN","17"
"MS","Master of Science","207N00000X","DERMATOLOGY PHYSICIAN","17"
"ND","Doctor of Naturopathic Medicine","202D00000X","INTEGRATIVE MEDICINE PHYSICIAN","17"
"NP","Nurse Practitioner","207NS0135X","PROCEDURAL DERMATOLOGY PHYSICIAN","17"
"NP","Nurse Practitioner","2084B0040X","BEHAVIORAL NEUROLOGY & NEUROPSYCHIATRY PHYSICIAN","17"
"PA","Physician Assistant","207NP0225X","PEDIATRIC DERMATOLOGY PHYSICIAN","17"
"PA","Physician Assistant","207QG0300X","GERIATRIC MEDICINE (FAMILY MEDICINE) PHYSICIAN","17"
"PA","Physician Assistant","2080P0202X","PEDIATRIC CARDIOLOGY PHYSICIAN","17"
"PA-C","Physician Assistant Certified","207RN0300X","NEPHROLOGY PHYSICIAN","17"
"PA-C","Physician Assistant Certified","207RS0012X","SLEEP MEDICINE (INTERNAL MEDICINE) PHYSICIAN","17"
"PA-C","Physician Assistant Certified","207XP3100X","PEDIATRIC ORTHOPAEDIC SURGERY PHYSICIAN","17"
"PA-C","Physician Assistant Certified","207XS0114X","ADULT RECONSTRUCTIVE ORTHOPAEDIC SURGERY PHYSICIAN","17"
"PAC","Physician Assistant Certified","207V00000X","OBSTETRICS & GYNECOLOGY PHYSICIAN","17"
"PHD","Doctor of Philosophy","207SG0205X","PH.D. MEDICAL GENETICS PHYSICIAN","17"
"RNFA","Registered Nurse First Assistant","208600000X","SURGERY PHYSICIAN","17"
"ANP","Adult Nurse Practitioner","207R00000X","INTERNAL MEDICINE PHYSICIAN","16"
"ATC","Athletic Trainer Certified","207QS0010X","SPORTS MEDICINE (FAMILY MEDICINE) PHYSICIAN","16"
"FNP","Family Nurse Practitioner","207RX0202X","MEDICAL ONCOLOGY PHYSICIAN","16"
"FNP-BC","Family Nurse Practitioner Board Certified","207V00000X","OBSTETRICS & GYNECOLOGY PHYSICIAN","16"
"FNP-C","Family Nurse Practitioner","208VP0014X","INTERVENTIONAL PAIN MEDICINE PHYSICIAN","16"
"LMT","Licensed Massage Therapist","204C00000X","SPORTS MEDICINE (NEUROMUSCULOSKELETAL MEDICINE) PHYSICIAN","16"
"MS","Master of Science","2085R0205X","RADIOLOGICAL PHYSICS PHYSICIAN","16"
"MSN","Master of Science in Nursing","207RC0000X","CARDIOVASCULAR DISEASE PHYSICIAN","16"
"MSN","Master of Science in Nursing","207RG0100X","GASTROENTEROLOGY PHYSICIAN","16"
"MSN","Master of Science in Nursing","2080N0001X","NEONATAL-PERINATAL MEDICINE PHYSICIAN","16"
"MSW","Master of Social Work","2084P0800X","PSYCHIATRY PHYSICIAN","16"
"NP","Nurse Practitioner","2080P0205X","PEDIATRIC ENDOCRINOLOGY PHYSICIAN","16"
"NURSE","Nurse","208000000X","PEDIATRICS PHYSICIAN","16"
"PA","Physician Assistant","207RC0001X","CLINICAL CARDIAC ELECTROPHYSIOLOGY PHYSICIAN","16"
"PA","Physician Assistant","2086S0102X","SURGICAL CRITICAL CARE PHYSICIAN","16"
"PA-C","Physician Assistant Certified","207VG0400X","GYNECOLOGY PHYSICIAN","16"
"PHD","Doctor of Philosophy","208100000X","PHYSICAL MEDICINE & REHABILITATION PHYSICIAN","16"
"RN","Registered Nurse","207PE0004X","EMERGENCY MEDICAL SERVICES (EMERGENCY MEDICINE) PHYSICIAN","16"
"CNIM","Certified Neurophysiologic Intraoperative Monitoring","2084N0600X","CLINICAL NEUROPHYSIOLOGY PHYSICIAN","15"
"CRNP","Certified Registered Nurse Practitioner","207RH0003X","HEMATOLOGY & ONCOLOGY PHYSICIAN","15"
"CRNP","Certified Registered Nurse Practitioner","2080N0001X","NEONATAL-PERINATAL MEDICINE PHYSICIAN","15"
"DNP","Doctor of Nursing Practice","207RC0000X","CARDIOVASCULAR DISEASE PHYSICIAN","15"
"DNP","Doctor of Nursing Practice","208D00000X","GENERAL PRACTICE PHYSICIAN","15"
"DVM","Doctor of Veterinary Medicine","207P00000X","EMERGENCY MEDICINE PHYSICIAN","15"
"FNP","Family Nurse Practitioner","207RH0002X","HOSPICE AND PALLIATIVE MEDICINE (INTERNAL MEDICINE) PHYSICIAN","15"
"FNP","Family Nurse Practitioner","207VG0400X","GYNECOLOGY PHYSICIAN","15"
"FNP","Family Nurse Practitioner","207Y00000X","OTOLARYNGOLOGY PHYSICIAN","15"
"FNP","Family Nurse Practitioner","2083P0901X","PUBLIC HEALTH & GENERAL PREVENTIVE MEDICINE PHYSICIAN","15"
"FNP-BC","Family Nurse Practitioner Board Certified","207N00000X","DERMATOLOGY PHYSICIAN","15"
"FNP-BC","Family Nurse Practitioner Board Certified","208M00000X","HOSPITALIST PHYSICIAN","15"
"FNP-C","Family Nurse Practitioner","207QG0300X","GERIATRIC MEDICINE (FAMILY MEDICINE) PHYSICIAN","15"
"FNP-C","Family Nurse Practitioner","208600000X","SURGERY PHYSICIAN","15"
"FNP-C","Family Nurse Practitioner","208800000X","UROLOGY PHYSICIAN","15"
"LAT","Licensed Athletic Trainer","204C00000X","SPORTS MEDICINE (NEUROMUSCULOSKELETAL MEDICINE) PHYSICIAN","15"
"MHC","Mental Health Counselor","2084P0804X","CHILD & ADOLESCENT PSYCHIATRY PHYSICIAN","15"
"MS","Master of Science","207L00000X","ANESTHESIOLOGY PHYSICIAN","15"
"MS","Master of Science","207V00000X","OBSTETRICS & GYNECOLOGY PHYSICIAN","15"
"MSN","Master of Science in Nursing","207L00000X","ANESTHESIOLOGY PHYSICIAN","15"
"NP","Nurse Practitioner","2080C0008X","CHILD ABUSE PEDIATRICS PHYSICIAN","15"
"NP-C","Nurse Practitioner Certified","207N00000X","DERMATOLOGY PHYSICIAN","15"
"NP-C","Nurse Practitioner Certified","207RC0000X","CARDIOVASCULAR DISEASE PHYSICIAN","15"
"NURSE","Nurse","207QA0505X","ADULT MEDICINE PHYSICIAN","15"
"PA-C","Physician Assistant Certified","207RG0300X","GERIATRIC MEDICINE (INTERNAL MEDICINE) PHYSICIAN","15"
"PA-C","Physician Assistant Certified","207VX0201X","GYNECOLOGIC ONCOLOGY PHYSICIAN","15"
"PA-C","Physician Assistant Certified","207XS0106X","ORTHOPAEDIC HAND SURGERY PHYSICIAN","15"
"PAC","Physician Assistant Certified","208600000X","SURGERY PHYSICIAN","15"
"PHD","Doctor of Philosophy","207Q00000X","FAMILY MEDICINE PHYSICIAN","15"
"PMHNP","Psychiatric Mental Health Nurse Practitioner","2084P0802X","ADDICTION PSYCHIATRY PHYSICIAN","15"
"RPH","Registered Pharmacist","208U00000X","CLINICAL PHARMACOLOGY PHYSICIAN","15"
"ATC","Athletic Trainer Certified","207X00000X","ORTHOPAEDIC SURGERY PHYSICIAN","14"
"CNM","Certified Nurse Midwife","207VG0400X","GYNECOLOGY PHYSICIAN","14"
"CNP","Certified Nurse Practitioner","207P00000X","EMERGENCY MEDICINE PHYSICIAN","14"
"CRNP","Certified Registered Nurse Practitioner","207P00000X","EMERGENCY MEDICINE PHYSICIAN","14"
"CRNP","Certified Registered Nurse Practitioner","208D00000X","GENERAL PRACTICE PHYSICIAN","14"
"FNP","Family Nurse Practitioner","207K00000X","ALLERGY & IMMUNOLOGY PHYSICIAN","14"
"FNP","Family Nurse Practitioner","207L00000X","ANESTHESIOLOGY PHYSICIAN","14"
"FNP","Family Nurse Practitioner","207RG0300X","GERIATRIC MEDICINE (INTERNAL MEDICINE) PHYSICIAN","14"
"FNP","Family Nurse Practitioner","208VP0014X","INTERVENTIONAL PAIN MEDICINE PHYSICIAN","14"
"FNP-BC","Family Nurse Practitioner Board Certified","207RE0101X","ENDOCRINOLOGY, DIABETES & METABOLISM PHYSICIAN","14"
"FNP-C","Family Nurse Practitioner","207QH0002X","HOSPICE AND PALLIATIVE MEDICINE (FAMILY MEDICINE) PHYSICIAN","14"
"LCSW","Licensed Clinical Social Worker","207Q00000X","FAMILY MEDICINE PHYSICIAN","14"
"LPN","Licensed Practical Nurse","208D00000X","GENERAL PRACTICE PHYSICIAN","14"
"MPH","Master of Public Health","207Q00000X","FAMILY MEDICINE PHYSICIAN","14"
"MSN","Master of Science in Nursing","207P00000X","EMERGENCY MEDICINE PHYSICIAN","14"
"MSN","Master of Science in Nursing","208M00000X","HOSPITALIST PHYSICIAN","14"
"NP-C","Nurse Practitioner Certified","208VP0000X","PAIN MEDICINE PHYSICIAN","14"
"OTR","Occupational Therapist Registered","208000000X","PEDIATRICS PHYSICIAN","14"
"OTR/L","Occupational Therapist Registered/Licensed","2083X0100X","OCCUPATIONAL MEDICINE PHYSICIAN","14"
"PA","Physician Assistant","207QA0401X","ADDICTION MEDICINE (FAMILY MEDICINE) PHYSICIAN","14"
"PA-C","Physician Assistant Certified","2080A0000X","PEDIATRIC ADOLESCENT MEDICINE PHYSICIAN","14"
"PA-C","Physician Assistant Certified","2080N0001X","NEONATAL-PERINATAL MEDICINE PHYSICIAN","14"
"PAC","Physician Assistant Certified","207RC0000X","CARDIOVASCULAR DISEASE PHYSICIAN","14"
"PAC","Physician Assistant Certified","2084P0800X","PSYCHIATRY PHYSICIAN","14"
"PMHNP-BC","Psychiatric Mental Health Nurse Practitioner Board Certified","2084P0805X","GERIATRIC PSYCHIATRY PHYSICIAN","14"
"PT","Physical Therapist","2083X0100X","OCCUPATIONAL MEDICINE PHYSICIAN","14"
"RN","Registered Nurse","207RE0101X","ENDOCRINOLOGY, DIABETES & METABOLISM PHYSICIAN","14"
"RN","Registered Nurse","207RH0003X","HEMATOLOGY & ONCOLOGY PHYSICIAN","14"
"ACNP","Acute Care Nurse Practitioner","207R00000X","INTERNAL MEDICINE PHYSICIAN","13"
"AGACNP-BC","Adult-Gerontology Acute Care Nurse Practitioner Board Certified","207RC0000X","CARDIOVASCULAR DISEASE PHYSICIAN","13"
"BS","Bachelor of Science","207R00000X","INTERNAL MEDICINE PHYSICIAN","13"
"CCC-SLP","Certificate of Clinical Competence in Speech-Language Pathology","207ZP0102X","ANATOMIC PATHOLOGY & CLINICAL PATHOLOGY PHYSICIAN","13"
"CRNA","Certified Registered Nurse Anesthetist","207Q00000X","FAMILY MEDICINE PHYSICIAN","13"
"CRNP","Certified Registered Nurse Practitioner","207N00000X","DERMATOLOGY PHYSICIAN","13"
"DPM","Doctor of Podiatric Medicine","208600000X","SURGERY PHYSICIAN","13"
"FNP-BC","Family Nurse Practitioner Board Certified","2084P0800X","PSYCHIATRY PHYSICIAN","13"
"FNP-C","Family Nurse Practitioner","207RH0003X","HEMATOLOGY & ONCOLOGY PHYSICIAN","13"
"FNP-C","Family Nurse Practitioner","208100000X","PHYSICAL MEDICINE & REHABILITATION PHYSICIAN","13"
"LMT","Licensed Massage Therapist","2081N0008X","NEUROMUSCULAR MEDICINE (PHYSICAL MEDICINE & REHABILITATION) PHYSICIAN","13"
"MS","Master of Science","207P00000X","EMERGENCY MEDICINE PHYSICIAN","13"
"MSN","Master of Science in Nursing","207RH0003X","HEMATOLOGY & ONCOLOGY PHYSICIAN","13"
"NP","Nurse Practitioner","207KA0200X","ALLERGY PHYSICIAN","13"
"NP","Nurse Practitioner","207PE0005X","UNDERSEA AND HYPERBARIC MEDICINE (EMERGENCY MEDICINE) PHYSICIAN","13"
"NP","Nurse Practitioner","207PP0204X","PEDIATRIC EMERGENCY MEDICINE (EMERGENCY MEDICINE) PHYSICIAN","13"
"NP","Nurse Practitioner","207QS1201X","SLEEP MEDICINE (FAMILY MEDICINE) PHYSICIAN","13"
"NP","Nurse Practitioner","207RA0401X","ADDICTION MEDICINE (INTERNAL MEDICINE) PHYSICIAN","13"
"NP","Nurse Practitioner","2088P0231X","PEDIATRIC UROLOGY PHYSICIAN","13"
"PA","Physician Assistant","207KA0200X","ALLERGY PHYSICIAN","13"
"PA","Physician Assistant","207PP0204X","PEDIATRIC EMERGENCY MEDICINE (EMERGENCY MEDICINE) PHYSICIAN","13"
"PA","Physician Assistant","2080N0001X","NEONATAL-PERINATAL MEDICINE PHYSICIAN","13"
"PA-C","Physician Assistant Certified","207L00000X","ANESTHESIOLOGY PHYSICIAN","13"
"PA-C","Physician Assistant Certified","207RS0010X","SPORTS MEDICINE (INTERNAL MEDICINE) PHYSICIAN","13"
"PHD","Doctor of Philosophy","204E00000X","ORAL & MAXILLOFACIAL SURGERY (D.M.D.)","13"
"PT","Physical Therapist","207Q00000X","FAMILY MEDICINE PHYSICIAN","13"
"PT","Physical Therapist","2083P0500X","PREVENTIVE MEDICINE/OCCUPATIONAL ENVIRONMENTAL MEDICINE PHYSICIAN","13"
"WHNP","Womens Health Nurse Practitioner","207VG0400X","GYNECOLOGY PHYSICIAN","13"
"AG-ACNP","Adult Gerontology - Acute Care Nurse Practitioner","207LC0200X","CRITICAL CARE MEDICINE (ANESTHESIOLOGY) PHYSICIAN","12"
"AGACNP-BC","Adult-Gerontology Acute Care Nurse Practitioner Board Certified","207R00000X","INTERNAL MEDICINE PHYSICIAN","12"
"AGACNP-BC","Adult-Gerontology Acute Care Nurse Practitioner Board Certified","207RC0200X","CRITICAL CARE MEDICINE (INTERNAL MEDICINE) PHYSICIAN","12"
"AGPCNP-BC","Adult-Gerontology Primary Care Nurse Practitioner Board Certified","207R00000X","INTERNAL MEDICINE PHYSICIAN","12"
"APN","Advanced Practice Nurse","207QA0505X","ADULT MEDICINE PHYSICIAN","12"
"APN","Advanced Practice Nurse","208M00000X","HOSPITALIST PHYSICIAN","12"
"ARNP","Advanced Registered Nurse Practitioner","208800000X","UROLOGY PHYSICIAN","12"
"ATC","Athletic Trainer Certified","207RS0010X","SPORTS MEDICINE (INTERNAL MEDICINE) PHYSICIAN","12"
"CNA","Certified Nursing Assistant","207LP2900X","PAIN MEDICINE (ANESTHESIOLOGY) PHYSICIAN","12"
"CNP","Certified Nurse Practitioner","207RC0200X","CRITICAL CARE MEDICINE (INTERNAL MEDICINE) PHYSICIAN","12"
"CNP","Certified Nurse Practitioner","208M00000X","HOSPITALIST PHYSICIAN","12"
"CPNP","Certified Pediatric Nurse Practitioner","2080A0000X","PEDIATRIC ADOLESCENT MEDICINE PHYSICIAN","12"
"CPNP-AC","Certified Pediatric Nurse Practitioner - Acute Care","208000000X","PEDIATRICS PHYSICIAN","12"
"CRNA","Certified Registered Nurse Anesthetist","208VP0014X","INTERVENTIONAL PAIN MEDICINE PHYSICIAN","12"
"DMD","Doctor of Medicine in Dentistry","208D00000X","GENERAL PRACTICE PHYSICIAN","12"
"DNP","Doctor of Nursing Practice","207RH0003X","HEMATOLOGY & ONCOLOGY PHYSICIAN","12"
"DVM","Doctor of Veterinary Medicine","207R00000X","INTERNAL MEDICINE PHYSICIAN","12"
"FNP","Family Nurse Practitioner","202D00000X","INTEGRATIVE MEDICINE PHYSICIAN","12"
"FNP","Family Nurse Practitioner","207QH0002X","HOSPICE AND PALLIATIVE MEDICINE (FAMILY MEDICINE) PHYSICIAN","12"
"FNP","Family Nurse Practitioner","207RR0500X","RHEUMATOLOGY PHYSICIAN","12"
"FNP","Family Nurse Practitioner","2085R0202X","DIAGNOSTIC RADIOLOGY PHYSICIAN","12"
"FNP-C","Family Nurse Practitioner","207RG0100X","GASTROENTEROLOGY PHYSICIAN","12"
"NP","Nurse Practitioner","207LP3000X","PEDIATRIC ANESTHESIOLOGY PHYSICIAN","12"
"NP","Nurse Practitioner","207RH0000X","HEMATOLOGY (INTERNAL MEDICINE) PHYSICIAN","12"
"NP","Nurse Practitioner","2083B0002X","OBESITY MEDICINE (PREVENTIVE MEDICINE) PHYSICIAN","12"
"NP-C","Nurse Practitioner Certified","207RH0003X","HEMATOLOGY & ONCOLOGY PHYSICIAN","12"
"NP-C","Nurse Practitioner Certified","207V00000X","OBSTETRICS & GYNECOLOGY PHYSICIAN","12"
"OTR/L","Occupational Therapist Registered/Licensed","208000000X","PEDIATRICS PHYSICIAN","12"
"PA","Physician Assistant","207W00000X","OPHTHALMOLOGY PHYSICIAN","12"
"PA","Physician Assistant","2084A0401X","ADDICTION MEDICINE (PSYCHIATRY & NEUROLOGY) PHYSICIAN","12"
"PA-C","Physician Assistant Certified","207QG0300X","GERIATRIC MEDICINE (FAMILY MEDICINE) PHYSICIAN","12"
"PA-C","Physician Assistant Certified","207RC0001X","CLINICAL CARDIAC ELECTROPHYSIOLOGY PHYSICIAN","12"
"PAC","Physician Assistant Certified","208800000X","UROLOGY PHYSICIAN","12"
"PNP","Pediatric Nurse Practitioner","2080P0207X","PEDIATRIC HEMATOLOGY & ONCOLOGY PHYSICIAN","12"
"PT","Physical Therapist","207X00000X","ORTHOPAEDIC SURGERY PHYSICIAN","12"
"RD","Registered Dietitian","207RE0101X","ENDOCRINOLOGY, DIABETES & METABOLISM PHYSICIAN","12"
"RN","Registered Nurse","207RN0300X","NEPHROLOGY PHYSICIAN","12"
"RN","Registered Nurse","207RX0202X","MEDICAL ONCOLOGY PHYSICIAN","12"
"RN","Registered Nurse","207VX0000X","OBSTETRICS PHYSICIAN","12"
"RN","Registered Nurse","2084N0400X","NEUROLOGY PHYSICIAN","12"
"AGNP-C","Adult-Gerontology Primary Care Nurse Practitioner","207QG0300X","GERIATRIC MEDICINE (FAMILY MEDICINE) PHYSICIAN","11"
"APN","Advanced Practice Nurse","207RC0000X","CARDIOVASCULAR DISEASE PHYSICIAN","11"
"APRN-CNP","Advanced Practice Registered Nurse - Certified Nurse Practitioner","208000000X","PEDIATRICS PHYSICIAN","11"
"ARNP","Advanced Registered Nurse Practitioner","207QG0300X","GERIATRIC MEDICINE (FAMILY MEDICINE) PHYSICIAN","11"
"CNP","Certified Nurse Practitioner","207QA0505X","ADULT MEDICINE PHYSICIAN","11"
"CPNP","Certified Pediatric Nurse Practitioner","2080P0204X","PEDIATRIC EMERGENCY MEDICINE (PEDIATRICS) PHYSICIAN","11"
"CPNP","Certified Pediatric Nurse Practitioner","2080P0207X","PEDIATRIC HEMATOLOGY & ONCOLOGY PHYSICIAN","11"
"CRNP","Certified Registered Nurse Practitioner","207RE0101X","ENDOCRINOLOGY, DIABETES & METABOLISM PHYSICIAN","11"
"CRNP","Certified Registered Nurse Practitioner","207RP1001X","PULMONARY DISEASE PHYSICIAN","11"
"DDS","Doctor of Dental Surgery","208600000X","SURGERY PHYSICIAN","11"
"DNP","Doctor of Nursing Practice","208600000X","SURGERY PHYSICIAN","11"
"FNP","Family Nurse Practitioner","207LP2900X","PAIN MEDICINE (ANESTHESIOLOGY) PHYSICIAN","11"
"FNP","Family Nurse Practitioner","207QA0000X","ADOLESCENT MEDICINE (FAMILY MEDICINE) PHYSICIAN","11"
"FNP-BC","Family Nurse Practitioner Board Certified","208600000X","SURGERY PHYSICIAN","11"
"FNP-C","Family Nurse Practitioner","207Y00000X","OTOLARYNGOLOGY PHYSICIAN","11"
"LAT","Licensed Athletic Trainer","207QS0010X","SPORTS MEDICINE (FAMILY MEDICINE) PHYSICIAN","11"
"LMT","Licensed Massage Therapist","2081S0010X","SPORTS MEDICINE (PHYSICAL MEDICINE & REHABILITATION) PHYSICIAN","11"
"MPH","Master of Public Health","207R00000X","INTERNAL MEDICINE PHYSICIAN","11"
"MSD","Master of Science in Dentistry","204E00000X","ORAL & MAXILLOFACIAL SURGERY (D.M.D.)","11"
"ND","Doctor of Naturopathic Medicine","2083P0901X","PUBLIC HEALTH & GENERAL PREVENTIVE MEDICINE PHYSICIAN","11"
"NP-C","Nurse Practitioner Certified","2084N0400X","NEUROLOGY PHYSICIAN","11"
"PA","Physician Assistant","207LC0200X","CRITICAL CARE MEDICINE (ANESTHESIOLOGY) PHYSICIAN","11"
"PA","Physician Assistant","207LP2900X","PAIN MEDICINE (ANESTHESIOLOGY) PHYSICIAN","11"
"PA","Physician Assistant","2080P0214X","PEDIATRIC PULMONOLOGY PHYSICIAN","11"
"PA","Physician Assistant","208C00000X","COLON & RECTAL SURGERY PHYSICIAN","11"
"PA-C","Physician Assistant Certified","207KA0200X","ALLERGY PHYSICIAN","11"
"PA-C","Physician Assistant Certified","2080P0202X","PEDIATRIC CARDIOLOGY PHYSICIAN","11"
"PAC","Physician Assistant Certified","207RG0100X","GASTROENTEROLOGY PHYSICIAN","11"
"PMHNP","Psychiatric Mental Health Nurse Practitioner","2084A0401X","ADDICTION MEDICINE (PSYCHIATRY & NEUROLOGY) PHYSICIAN","11"
"PMHNP","Psychiatric Mental Health Nurse Practitioner","2084P0805X","GERIATRIC PSYCHIATRY PHYSICIAN","11"
"RD","Registered Dietitian","207Q00000X","FAMILY MEDICINE PHYSICIAN","11"
"RN","Registered Nurse","207QG0300X","GERIATRIC MEDICINE (FAMILY MEDICINE) PHYSICIAN","11"
"RN","Registered Nurse","2080N0001X","NEONATAL-PERINATAL MEDICINE PHYSICIAN","11"
"RPA-C","Registered Physician Assistant Certified","207Q00000X","FAMILY MEDICINE PHYSICIAN","11"
"AG-ACNP","Adult Gerontology - Acute Care Nurse Practitioner","207RC0000X","CARDIOVASCULAR DISEASE PHYSICIAN","10"
"AGNP-C","Adult-Gerontology Primary Care Nurse Practitioner","207R00000X","INTERNAL MEDICINE PHYSICIAN","10"
"APN","Advanced Practice Nurse","207P00000X","EMERGENCY MEDICINE PHYSICIAN","10"
"ARNP","Advanced Registered Nurse Practitioner","207RI0200X","INFECTIOUS DISEASE PHYSICIAN","10"
"ATC","Athletic Trainer Certified","2080S0010X","PEDIATRIC SPORTS MEDICINE PHYSICIAN","10"
"BDS","Bachelor of Dental Surgery","204E00000X","ORAL & MAXILLOFACIAL SURGERY (D.M.D.)","10"
"BSN","Bachelor of Science in Nursing","208000000X","PEDIATRICS PHYSICIAN","10"
"BSN","Bachelor of Science in Nursing","2083P0901X","PUBLIC HEALTH & GENERAL PREVENTIVE MEDICINE PHYSICIAN","10"
"CNM","Certified Nurse Midwife","2084P0800X","PSYCHIATRY PHYSICIAN","10"
"CNP","Certified Nurse Practitioner","207RC0000X","CARDIOVASCULAR DISEASE PHYSICIAN","10"
"CNP","Certified Nurse Practitioner","207RG0100X","GASTROENTEROLOGY PHYSICIAN","10"
"CRNP","Certified Registered Nurse Practitioner","207RG0300X","GERIATRIC MEDICINE (INTERNAL MEDICINE) PHYSICIAN","10"
"DC","Doctor of Chiropractic","208D00000X","GENERAL PRACTICE PHYSICIAN","10"
"DDS","Doctor of Dental Surgery","207Q00000X","FAMILY MEDICINE PHYSICIAN","10"
"FNP","Family Nurse Practitioner","207VX0201X","GYNECOLOGIC ONCOLOGY PHYSICIAN","10"
"FNP","Family Nurse Practitioner","2086S0129X","VASCULAR SURGERY PHYSICIAN","10"
"FNP-BC","Family Nurse Practitioner Board Certified","207QH0002X","HOSPICE AND PALLIATIVE MEDICINE (FAMILY MEDICINE) PHYSICIAN","10"
"FNP-BC","Family Nurse Practitioner Board Certified","208VP0000X","PAIN MEDICINE PHYSICIAN","10"
"FNP-C","Family Nurse Practitioner","207X00000X","ORTHOPAEDIC SURGERY PHYSICIAN","10"
"FNP-C","Family Nurse Practitioner","208200000X","PLASTIC SURGERY PHYSICIAN","10"
"LAC","Licensed Acupuncturist","2084P0800X","PSYCHIATRY PHYSICIAN","10"
"LAT","Licensed Athletic Trainer","207XX0005X","SPORTS MEDICINE (ORTHOPAEDIC SURGERY) PHYSICIAN","10"
"LCSW","Licensed Clinical Social Worker","2080P0006X","DEVELOPMENTAL - BEHAVIORAL PEDIATRICS PHYSICIAN","10"
"MS","Master of Science","207X00000X","ORTHOPAEDIC SURGERY PHYSICIAN","10"
"MS","Master of Science","207ZP0102X","ANATOMIC PATHOLOGY & CLINICAL PATHOLOGY PHYSICIAN","10"
"MSN","Master of Science in Nursing","207N00000X","DERMATOLOGY PHYSICIAN","10"
"MSN","Master of Science in Nursing","207QG0300X","GERIATRIC MEDICINE (FAMILY MEDICINE) PHYSICIAN","10"
"MSN","Master of Science in Nursing","2084N0400X","NEUROLOGY PHYSICIAN","10"
"NP","Nurse Practitioner","2080P0208X","PEDIATRIC INFECTIOUS DISEASES PHYSICIAN","10"
"NP","Nurse Practitioner","2083A0300X","ADDICTION MEDICINE (PREVENTIVE MEDICINE) PHYSICIAN","10"
"NP","Nurse Practitioner","2084A2900X","NEUROCRITICAL CARE PHYSICIAN","10"
"NURSE","Nurse","2084P0800X","PSYCHIATRY PHYSICIAN","10"
"OTD","Doctor of Occupational Therapy","208100000X","PHYSICAL MEDICINE & REHABILITATION PHYSICIAN","10"
"OTR/L","Occupational Therapist Registered/Licensed","2081P0010X","PEDIATRIC REHABILITATION MEDICINE PHYSICIAN","10"
"PA","Physician Assistant","207YX0905X","OTOLARYNGOLOGY/FACIAL PLASTIC SURGERY PHYSICIAN","10"
"PA","Physician Assistant","2085R0001X","RADIATION ONCOLOGY PHYSICIAN","10"
"PA-C","Physician Assistant Certified","207PP0204X","PEDIATRIC EMERGENCY MEDICINE (EMERGENCY MEDICINE) PHYSICIAN","10"
"PA-C","Physician Assistant Certified","2086S0102X","SURGICAL CRITICAL CARE PHYSICIAN","10"
"PAC","Physician Assistant Certified","2085R0202X","DIAGNOSTIC RADIOLOGY PHYSICIAN","10"
"PHD","Doctor of Philosophy","207SG0202X","CLINICAL BIOCHEMICAL GENETICS PHYSICIAN","10"
"PHD","Doctor of Philosophy","207ZM0300X","MEDICAL MICROBIOLOGY PHYSICIAN","10"
"PMHNP-BC","Psychiatric Mental Health Nurse Practitioner Board Certified","2084P0802X","ADDICTION PSYCHIATRY PHYSICIAN","10"
"PharmD","Doctor of Pharmacy","207Q00000X","FAMILY MEDICINE PHYSICIAN","10"
"RN","Registered Nurse","207RG0300X","GERIATRIC MEDICINE (INTERNAL MEDICINE) PHYSICIAN","10"
"RN","Registered Nurse","2083X0100X","OCCUPATIONAL MEDICINE PHYSICIAN","10"
"RT","Respiratory Therapist","2085U0001X","DIAGNOSTIC ULTRASOUND PHYSICIAN","10"
"SLP","Speech-Language Pathologist","208100000X","PHYSICAL MEDICINE & REHABILITATION PHYSICIAN","10"
"ACNP","Acute Care Nurse Practitioner","207RC0000X","CARDIOVASCULAR DISEASE PHYSICIAN","9"
"AG-ACNP","Adult Gerontology - Acute Care Nurse Practitioner","207R00000X","INTERNAL MEDICINE PHYSICIAN","9"
"AGNP","Adult-Gerontology Nurse Practitioner","207QA0505X","ADULT MEDICINE PHYSICIAN","9"
"ARNP","Advanced Registered Nurse Practitioner","207L00000X","ANESTHESIOLOGY PHYSICIAN","9"
"ARNP-C","Advanced Registered Nurse Practitioner Certified","207Q00000X","FAMILY MEDICINE PHYSICIAN","9"
"BS","Bachelor of Science","208100000X","PHYSICAL MEDICINE & REHABILITATION PHYSICIAN","9"
"BSN","Bachelor of Science in Nursing","207L00000X","ANESTHESIOLOGY PHYSICIAN","9"
"BSN","Bachelor of Science in Nursing","2084P0800X","PSYCHIATRY PHYSICIAN","9"
"CAA","Certified Audiologist Assistant","207LP3000X","PEDIATRIC ANESTHESIOLOGY PHYSICIAN","9"
"CFNP","Certified Family Nurse Practitioner","207R00000X","INTERNAL MEDICINE PHYSICIAN","9"
"CNP","Certified Nurse Practitioner","2084N0400X","NEUROLOGY PHYSICIAN","9"
"CNP","Certified Nurse Practitioner","208VP0000X","PAIN MEDICINE PHYSICIAN","9"
"CPC","Certified Professional Coder","2084P0800X","PSYCHIATRY PHYSICIAN","9"
"CPNP","Certified Pediatric Nurse Practitioner","207RH0003X","HEMATOLOGY & ONCOLOGY PHYSICIAN","9"
"CPNP-AC","Certified Pediatric Nurse Practitioner - Acute Care","2080P0202X","PEDIATRIC CARDIOLOGY PHYSICIAN","9"
"CRNA","Certified Registered Nurse Anesthetist","207R00000X","INTERNAL MEDICINE PHYSICIAN","9"
"CRNP","Certified Registered Nurse Practitioner","207RN0300X","NEPHROLOGY PHYSICIAN","9"
"CRNP","Certified Registered Nurse Practitioner","2080P0203X","PEDIATRIC CRITICAL CARE MEDICINE PHYSICIAN","9"
"CRNP","Certified Registered Nurse Practitioner","2084N0400X","NEUROLOGY PHYSICIAN","9"
"DMD","Doctor of Medicine in Dentistry","207Q00000X","FAMILY MEDICINE PHYSICIAN","9"
"DNP","Doctor of Nursing Practice","2080P0203X","PEDIATRIC CRITICAL CARE MEDICINE PHYSICIAN","9"
"DNP","Doctor of Nursing Practice","2083P0901X","PUBLIC HEALTH & GENERAL PREVENTIVE MEDICINE PHYSICIAN","9"
"FNP","Family Nurse Practitioner","2083P0011X","UNDERSEA AND HYPERBARIC MEDICINE (PREVENTIVE MEDICINE) PHYSICIAN","9"
"FNP","Family Nurse Practitioner","208G00000X","THORACIC SURGERY (CARDIOTHORACIC VASCULAR SURGERY) PHYSICIAN","9"
"FNP-BC","Family Nurse Practitioner Board Certified","207QA0401X","ADDICTION MEDICINE (FAMILY MEDICINE) PHYSICIAN","9"
"FNP-BC","Family Nurse Practitioner Board Certified","207RC0000X","CARDIOVASCULAR DISEASE PHYSICIAN","9"
"FNP-C","Family Nurse Practitioner","207LP2900X","PAIN MEDICINE (ANESTHESIOLOGY) PHYSICIAN","9"
"FNP-C","Family Nurse Practitioner","207T00000X","NEUROLOGICAL SURGERY PHYSICIAN","9"
"LAT","Licensed Athletic Trainer","208100000X","PHYSICAL MEDICINE & REHABILITATION PHYSICIAN","9"
"LCPC","Licensed Clinical Professional Counselor","2084P0800X","PSYCHIATRY PHYSICIAN","9"
"MED","Master of Education","2081S0010X","SPORTS MEDICINE (PHYSICAL MEDICINE & REHABILITATION) PHYSICIAN","9"
"MPAS","Master of Physician Assistant Studies","207N00000X","DERMATOLOGY PHYSICIAN","9"
"MS","Master of Science","2080P0006X","DEVELOPMENTAL - BEHAVIORAL PEDIATRICS PHYSICIAN","9"
"MS","Master of Science","208600000X","SURGERY PHYSICIAN","9"
"MSN","Master of Science in Nursing","207RE0101X","ENDOCRINOLOGY, DIABETES & METABOLISM PHYSICIAN","9"
"MSN","Master of Science in Nursing","208100000X","PHYSICAL MEDICINE & REHABILITATION PHYSICIAN","9"
"NP","Nurse Practitioner","207VE0102X","REPRODUCTIVE ENDOCRINOLOGY PHYSICIAN","9"
"NP-C","Nurse Practitioner Certified","207RG0100X","GASTROENTEROLOGY PHYSICIAN","9"
"NP-C","Nurse Practitioner Certified","207X00000X","ORTHOPAEDIC SURGERY PHYSICIAN","9"
"NP-C","Nurse Practitioner Certified","2084P0800X","PSYCHIATRY PHYSICIAN","9"
"NP-C","Nurse Practitioner Certified","208D00000X","GENERAL PRACTICE PHYSICIAN","9"
"PA","Physician Assistant","207RH0000X","HEMATOLOGY (INTERNAL MEDICINE) PHYSICIAN","9"
"PA","Physician Assistant","207YP0228X","PEDIATRIC OTOLARYNGOLOGY PHYSICIAN","9"
"PA","Physician Assistant","2083P0011X","UNDERSEA AND HYPERBARIC MEDICINE (PREVENTIVE MEDICINE) PHYSICIAN","9"
"PAC","Physician Assistant Certified","208D00000X","GENERAL PRACTICE PHYSICIAN","9"
"PAC","Physician Assistant Certified","208G00000X","THORACIC SURGERY (CARDIOTHORACIC VASCULAR SURGERY) PHYSICIAN","9"
"PMHNP","Psychiatric Mental Health Nurse Practitioner","2084B0040X","BEHAVIORAL NEUROLOGY & NEUROPSYCHIATRY PHYSICIAN","9"
"PMHNP-BC","Psychiatric Mental Health Nurse Practitioner Board Certified","2084A0401X","ADDICTION MEDICINE (PSYCHIATRY & NEUROLOGY) PHYSICIAN","9"
"PNP","Pediatric Nurse Practitioner","2080A0000X","PEDIATRIC ADOLESCENT MEDICINE PHYSICIAN","9"
"PNP","Pediatric Nurse Practitioner","2080P0202X","PEDIATRIC CARDIOLOGY PHYSICIAN","9"
"PTA","Physical Therapist Assistant","2081N0008X","NEUROMUSCULAR MEDICINE (PHYSICAL MEDICINE & REHABILITATION) PHYSICIAN","9"
"PsyD","Doctor of Psychology","2084B0040X","BEHAVIORAL NEUROLOGY & NEUROPSYCHIATRY PHYSICIAN","9"
"RN","Registered Nurse","207RG0100X","GASTROENTEROLOGY PHYSICIAN","9"
"RN","Registered Nurse","2084P0804X","CHILD & ADOLESCENT PSYCHIATRY PHYSICIAN","9"
"RPA","Registered Physician Assistant","207N00000X","DERMATOLOGY PHYSICIAN","9"
"RPA","Registered Physician Assistant","207Q00000X","FAMILY MEDICINE PHYSICIAN","9"
"RPA-C","Registered Physician Assistant Certified","207N00000X","DERMATOLOGY PHYSICIAN","9"
"AA","Associate of Arts","207LC0200X","CRITICAL CARE MEDICINE (ANESTHESIOLOGY) PHYSICIAN","8"
"AGACNP-BC","Adult-Gerontology Acute Care Nurse Practitioner Board Certified","207RP1001X","PULMONARY DISEASE PHYSICIAN","8"
"APN","Advanced Practice Nurse","207RN0300X","NEPHROLOGY PHYSICIAN","8"
"APN","Advanced Practice Nurse","2084N0400X","NEUROLOGY PHYSICIAN","8"
"ARNP","Advanced Registered Nurse Practitioner","208100000X","PHYSICAL MEDICINE & REHABILITATION PHYSICIAN","8"
"ARNP","Advanced Registered Nurse Practitioner","2083P0011X","UNDERSEA AND HYPERBARIC MEDICINE (PREVENTIVE MEDICINE) PHYSICIAN","8"
"BS","Bachelor of Science","207L00000X","ANESTHESIOLOGY PHYSICIAN","8"
"BSN","Bachelor of Science in Nursing","207R00000X","INTERNAL MEDICINE PHYSICIAN","8"
"BSN","Bachelor of Science in Nursing","208D00000X","GENERAL PRACTICE PHYSICIAN","8"
"CFNP","Certified Family Nurse Practitioner","207P00000X","EMERGENCY MEDICINE PHYSICIAN","8"
"CNP","Certified Nurse Practitioner","207RH0003X","HEMATOLOGY & ONCOLOGY PHYSICIAN","8"
"CNS","Certified Nurse Specialist","207R00000X","INTERNAL MEDICINE PHYSICIAN","8"
"CNS","Certified Nurse Specialist","207RC0000X","CARDIOVASCULAR DISEASE PHYSICIAN","8"
"COTA","Certified Occupational Therapy Assistant","208000000X","PEDIATRICS PHYSICIAN","8"
"CPNP-AC","Certified Pediatric Nurse Practitioner - Acute Care","2086S0120X","PEDIATRIC SURGERY PHYSICIAN","8"
"CRNP","Certified Registered Nurse Practitioner","207QG0300X","GERIATRIC MEDICINE (FAMILY MEDICINE) PHYSICIAN","8"
"CRNP","Certified Registered Nurse Practitioner","208600000X","SURGERY PHYSICIAN","8"
"CRNP","Certified Registered Nurse Practitioner","208800000X","UROLOGY PHYSICIAN","8"
"DC","Doctor of Chiropractic","202D00000X","INTEGRATIVE MEDICINE PHYSICIAN","8"
"DC","Doctor of Chiropractic","207Q00000X","FAMILY MEDICINE PHYSICIAN","8"
"DC","Doctor of Chiropractic","207R00000X","INTERNAL MEDICINE PHYSICIAN","8"
"DNP","Doctor of Nursing Practice","207RH0002X","HOSPICE AND PALLIATIVE MEDICINE (INTERNAL MEDICINE) PHYSICIAN","8"
"DNP","Doctor of Nursing Practice","2080N0001X","NEONATAL-PERINATAL MEDICINE PHYSICIAN","8"
"DNP","Doctor of Nursing Practice","2080P0207X","PEDIATRIC HEMATOLOGY & ONCOLOGY PHYSICIAN","8"
"DNP","Doctor of Nursing Practice","2084P0804X","CHILD & ADOLESCENT PSYCHIATRY PHYSICIAN","8"
"DNP","Doctor of Nursing Practice","208VP0014X","INTERVENTIONAL PAIN MEDICINE PHYSICIAN","8"
"DPT","Doctor of Physical Therapy","208000000X","PEDIATRICS PHYSICIAN","8"
"FNP","Family Nurse Practitioner","207RC0200X","CRITICAL CARE MEDICINE (INTERNAL MEDICINE) PHYSICIAN","8"
"FNP","Family Nurse Practitioner","207RS0012X","SLEEP MEDICINE (INTERNAL MEDICINE) PHYSICIAN","8"
"FNP","Family Nurse Practitioner","2083B0002X","OBESITY MEDICINE (PREVENTIVE MEDICINE) PHYSICIAN","8"
"FNP-BC","Family Nurse Practitioner Board Certified","207X00000X","ORTHOPAEDIC SURGERY PHYSICIAN","8"
"FNP-C","Family Nurse Practitioner","207PE0004X","EMERGENCY MEDICAL SERVICES (EMERGENCY MEDICINE) PHYSICIAN","8"
"FNP-C","Family Nurse Practitioner","207RH0002X","HOSPICE AND PALLIATIVE MEDICINE (INTERNAL MEDICINE) PHYSICIAN","8"
"FNP-C","Family Nurse Practitioner","207RP1001X","PULMONARY DISEASE PHYSICIAN","8"
"FNP-C","Family Nurse Practitioner","207RR0500X","RHEUMATOLOGY PHYSICIAN","8"
"FNP-C","Family Nurse Practitioner","208G00000X","THORACIC SURGERY (CARDIOTHORACIC VASCULAR SURGERY) PHYSICIAN","8"
"LMT","Licensed Massage Therapist","208D00000X","GENERAL PRACTICE PHYSICIAN","8"
"LPCC","Licensed Professional Clinical Counselor","2084P0800X","PSYCHIATRY PHYSICIAN","8"
"MA","Master of Arts","2084P0804X","CHILD & ADOLESCENT PSYCHIATRY PHYSICIAN","8"
"MS","Master of Science","207SG0203X","CLINICAL MOLECULAR GENETICS PHYSICIAN","8"
"MS","Master of Science","207Y00000X","OTOLARYNGOLOGY PHYSICIAN","8"
"MS","Master of Science","2084N0400X","NEUROLOGY PHYSICIAN","8"
"MSN","Master of Science in Nursing","2080P0203X","PEDIATRIC CRITICAL CARE MEDICINE PHYSICIAN","8"
"MSN","Master of Science in Nursing","208600000X","SURGERY PHYSICIAN","8"
"MSN","Master of Science in Nursing","208VP0000X","PAIN MEDICINE PHYSICIAN","8"
"NP","Nurse Practitioner","207NP0225X","PEDIATRIC DERMATOLOGY PHYSICIAN","8"
"NP","Nurse Practitioner","207PH0002X","HOSPICE AND PALLIATIVE MEDICINE (EMERGENCY MEDICINE) PHYSICIAN","8"
"NP","Nurse Practitioner","207QB0002X","OBESITY MEDICINE (FAMILY MEDICINE) PHYSICIAN","8"
"NP","Nurse Practitioner","207QS0010X","SPORTS MEDICINE (FAMILY MEDICINE) PHYSICIAN","8"
"NP","Nurse Practitioner","207RS0010X","SPORTS MEDICINE (INTERNAL MEDICINE) PHYSICIAN","8"
"NP","Nurse Practitioner","207VH0002X","HOSPICE AND PALLIATIVE MEDICINE (OBSTETRICS & GYNECOLOGY) PHYSICIAN","8"
"NP","Nurse Practitioner","207XS0106X","ORTHOPAEDIC HAND SURGERY PHYSICIAN","8"
"NP","Nurse Practitioner","207XX0005X","SPORTS MEDICINE (ORTHOPAEDIC SURGERY) PHYSICIAN","8"
"NP","Nurse Practitioner","207YP0228X","PEDIATRIC OTOLARYNGOLOGY PHYSICIAN","8"
"NP","Nurse Practitioner","2080P0201X","PEDIATRIC ALLERGY/IMMUNOLOGY PHYSICIAN","8"
"NP","Nurse Practitioner","2080P0216X","PEDIATRIC RHEUMATOLOGY PHYSICIAN","8"
"NP","Nurse Practitioner","2083P0500X","PREVENTIVE MEDICINE/OCCUPATIONAL ENVIRONMENTAL MEDICINE PHYSICIAN","8"
"NP","Nurse Practitioner","2084E0001X","EPILEPSY PHYSICIAN","8"
"NP-C","Nurse Practitioner Certified","208VP0014X","INTERVENTIONAL PAIN MEDICINE PHYSICIAN","8"
"NURSE","Nurse","207V00000X","OBSTETRICS & GYNECOLOGY PHYSICIAN","8"
"OTR","Occupational Therapist Registered","2080P0006X","DEVELOPMENTAL - BEHAVIORAL PEDIATRICS PHYSICIAN","8"
"OTRL","Occupational Therapist Registered Licensed","2083X0100X","OCCUPATIONAL MEDICINE PHYSICIAN","8"
"PA","Physician Assistant","207RA0001X","ADVANCED HEART FAILURE AND TRANSPLANT CARDIOLOGY PHYSICIAN","8"
"PA","Physician Assistant","2080P0206X","PEDIATRIC GASTROENTEROLOGY PHYSICIAN","8"
"PA-C","Physician Assistant Certified","207NP0225X","PEDIATRIC DERMATOLOGY PHYSICIAN","8"
"PA-C","Physician Assistant Certified","207W00000X","OPHTHALMOLOGY PHYSICIAN","8"
"PA-C","Physician Assistant Certified","2084A0401X","ADDICTION MEDICINE (PSYCHIATRY & NEUROLOGY) PHYSICIAN","8"
"PA-S","Physician Assistant Student","207Q00000X","FAMILY MEDICINE PHYSICIAN","8"
"PHD","Doctor of Philosophy","207ZP0007X","MOLECULAR GENETIC PATHOLOGY (PATHOLOGY) PHYSICIAN","8"
"PNP","Pediatric Nurse Practitioner","2080P0203X","PEDIATRIC CRITICAL CARE MEDICINE PHYSICIAN","8"
"PTA","Physical Therapist Assistant","2081P2900X","PAIN MEDICINE (PHYSICAL MEDICINE & REHABILITATION) PHYSICIAN","8"
"PharmD","Doctor of Pharmacy","207R00000X","INTERNAL MEDICINE PHYSICIAN","8"
"RBT","Registered Behavior Technician","2080P0006X","DEVELOPMENTAL - BEHAVIORAL PEDIATRICS PHYSICIAN","8"
"RN","Registered Nurse","207N00000X","DERMATOLOGY PHYSICIAN","8"
"RN","Registered Nurse","207RC0200X","CRITICAL CARE MEDICINE (INTERNAL MEDICINE) PHYSICIAN","8"
"RN","Registered Nurse","207X00000X","ORTHOPAEDIC SURGERY PHYSICIAN","8"
"STUDENT","Student","207R00000X","INTERNAL MEDICINE PHYSICIAN","8"
"AGNP","Adult-Gerontology Nurse Practitioner","207R00000X","INTERNAL MEDICINE PHYSICIAN","7"
"AGNP-C","Adult-Gerontology Primary Care Nurse Practitioner","207QA0505X","ADULT MEDICINE PHYSICIAN","7"
"ANP","Adult Nurse Practitioner","207P00000X","EMERGENCY MEDICINE PHYSICIAN","7"
"ANP","Adult Nurse Practitioner","207QA0505X","ADULT MEDICINE PHYSICIAN","7"
"ANP-C","Adult Nurse Practitioner Certified","207R00000X","INTERNAL MEDICINE PHYSICIAN","7"
"APN","Advanced Practice Nurse","207RI0011X","INTERVENTIONAL CARDIOLOGY PHYSICIAN","7"
"APN","Advanced Practice Nurse","207VG0400X","GYNECOLOGY PHYSICIAN","7"
"ARNP","Advanced Registered Nurse Practitioner","207RE0101X","ENDOCRINOLOGY, DIABETES & METABOLISM PHYSICIAN","7"
"ARNP","Advanced Registered Nurse Practitioner","207RG0100X","GASTROENTEROLOGY PHYSICIAN","7"
"ARNP","Advanced Registered Nurse Practitioner","208VP0014X","INTERVENTIONAL PAIN MEDICINE PHYSICIAN","7"
"AT","Athletic Trainer","2083S0010X","SPORTS MEDICINE (PREVENTIVE MEDICINE) PHYSICIAN","7"
"BCPS","Board Certified Pharmacotherapy Specialist","208D00000X","GENERAL PRACTICE PHYSICIAN","7"
"BS","Bachelor of Science","207Q00000X","FAMILY MEDICINE PHYSICIAN","7"
"BS","Bachelor of Science","2085U0001X","DIAGNOSTIC ULTRASOUND PHYSICIAN","7"
"BS","Bachelor of Science","208600000X","SURGERY PHYSICIAN","7"
"CFNP","Certified Family Nurse Practitioner","208000000X","PEDIATRICS PHYSICIAN","7"
"CNA","Certified Nursing Assistant","208VP0014X","INTERVENTIONAL PAIN MEDICINE PHYSICIAN","7"
"CNP","Certified Nurse Practitioner","207N00000X","DERMATOLOGY PHYSICIAN","7"
"CNP","Certified Nurse Practitioner","207RG0300X","GERIATRIC MEDICINE (INTERNAL MEDICINE) PHYSICIAN","7"
"CNP","Certified Nurse Practitioner","207RP1001X","PULMONARY DISEASE PHYSICIAN","7"
"CNP","Certified Nurse Practitioner","207T00000X","NEUROLOGICAL SURGERY PHYSICIAN","7"
"CNP","Certified Nurse Practitioner","207X00000X","ORTHOPAEDIC SURGERY PHYSICIAN","7"
"CPNP-PC","Certified Pediatric Nurse Practitioner Primary Care","2080P0006X","DEVELOPMENTAL - BEHAVIORAL PEDIATRICS PHYSICIAN","7"
"CRNP","Certified Registered Nurse Practitioner","207RX0202X","MEDICAL ONCOLOGY PHYSICIAN","7"
"CRNP","Certified Registered Nurse Practitioner","207T00000X","NEUROLOGICAL SURGERY PHYSICIAN","7"
"CRNP","Certified Registered Nurse Practitioner","2080P0207X","PEDIATRIC HEMATOLOGY & ONCOLOGY PHYSICIAN","7"
"CRNP","Certified Registered Nurse Practitioner","208100000X","PHYSICAL MEDICINE & REHABILITATION PHYSICIAN","7"
"DDS","Doctor of Dental Surgery","207ZP0101X","ANATOMIC PATHOLOGY PHYSICIAN","7"
"DNP","Doctor of Nursing Practice","207QH0002X","HOSPICE AND PALLIATIVE MEDICINE (FAMILY MEDICINE) PHYSICIAN","7"
"DNP","Doctor of Nursing Practice","208800000X","UROLOGY PHYSICIAN","7"
"DPM","Doctor of Podiatric Medicine","207Q00000X","FAMILY MEDICINE PHYSICIAN","7"
"DPM","Doctor of Podiatric Medicine","207R00000X","INTERNAL MEDICINE PHYSICIAN","7"
"DPT","Doctor of Physical Therapy","2081P2900X","PAIN MEDICINE (PHYSICAL MEDICINE & REHABILITATION) PHYSICIAN","7"
"FNP","Family Nurse Practitioner","2081P2900X","PAIN MEDICINE (PHYSICAL MEDICINE & REHABILITATION) PHYSICIAN","7"
"FNP","Family Nurse Practitioner","2086S0122X","PLASTIC AND RECONSTRUCTIVE SURGERY PHYSICIAN","7"
"FNP-BC","Family Nurse Practitioner Board Certified","208800000X","UROLOGY PHYSICIAN","7"
"FNP-C","Family Nurse Practitioner","207RI0011X","INTERVENTIONAL CARDIOLOGY PHYSICIAN","7"
"FNP-C","Family Nurse Practitioner","2083B0002X","OBESITY MEDICINE (PREVENTIVE MEDICINE) PHYSICIAN","7"
"FNP-C","Family Nurse Practitioner","2083P0011X","UNDERSEA AND HYPERBARIC MEDICINE (PREVENTIVE MEDICINE) PHYSICIAN","7"
"LAC","Licensed Acupuncturist","208D00000X","GENERAL PRACTICE PHYSICIAN","7"
"LAT","Licensed Athletic Trainer","207RS0010X","SPORTS MEDICINE (INTERNAL MEDICINE) PHYSICIAN","7"
"LICSW","Licensed Independent Clinical Social Worker","2084P0800X","PSYCHIATRY PHYSICIAN","7"
"LMHC","Licensed Mental Health Counselor","2084P0800X","PSYCHIATRY PHYSICIAN","7"
"LMT","Licensed Massage Therapist","202D00000X","INTEGRATIVE MEDICINE PHYSICIAN","7"
"LMT","Licensed Massage Therapist","2081P2900X","PAIN MEDICINE (PHYSICAL MEDICINE & REHABILITATION) PHYSICIAN","7"
"LP","Licensed Psychologist","2084P0800X","PSYCHIATRY PHYSICIAN","7"
"LPN","Licensed Practical Nurse","207QA0401X","ADDICTION MEDICINE (FAMILY MEDICINE) PHYSICIAN","7"
"LPN","Licensed Practical Nurse","208000000X","PEDIATRICS PHYSICIAN","7"
"MA","Master of Arts","207R00000X","INTERNAL MEDICINE PHYSICIAN","7"
"MPH","Master of Public Health","2083P0901X","PUBLIC HEALTH & GENERAL PREVENTIVE MEDICINE PHYSICIAN","7"
"MPT","Master of Physical Therapy","2081S0010X","SPORTS MEDICINE (PHYSICAL MEDICINE & REHABILITATION) PHYSICIAN","7"
"MS","Master of Science","207RC0000X","CARDIOVASCULAR DISEASE PHYSICIAN","7"
"MS","Master of Science","207RE0101X","ENDOCRINOLOGY, DIABETES & METABOLISM PHYSICIAN","7"
"MS","Master of Science","208VP0000X","PAIN MEDICINE PHYSICIAN","7"
"MSN","Master of Science in Nursing","207QH0002X","HOSPICE AND PALLIATIVE MEDICINE (FAMILY MEDICINE) PHYSICIAN","7"
"MSN","Master of Science in Nursing","207X00000X","ORTHOPAEDIC SURGERY PHYSICIAN","7"
"MSN","Master of Science in Nursing","208VP0014X","INTERVENTIONAL PAIN MEDICINE PHYSICIAN","7"
"NNP","Neonatal Nurse Practitioner","208000000X","PEDIATRICS PHYSICIAN","7"
"NP","Nurse Practitioner","207RI0008X","HEPATOLOGY PHYSICIAN","7"
"NP","Nurse Practitioner","207VF0040X","UROGYNECOLOGY AND RECONSTRUCTIVE PELVIC SURGERY (OBSTETRICS & GYNECOLOGY) PHYSICIAN","7"
"NP","Nurse Practitioner","207XS0117X","ORTHOPAEDIC SURGERY OF THE SPINE PHYSICIAN","7"
"NP","Nurse Practitioner","2080P0210X","PEDIATRIC NEPHROLOGY PHYSICIAN","7"
"NP-C","Nurse Practitioner Certified","207QA0401X","ADDICTION MEDICINE (FAMILY MEDICINE) PHYSICIAN","7"
"NP-C","Nurse Practitioner Certified","207RE0101X","ENDOCRINOLOGY, DIABETES & METABOLISM PHYSICIAN","7"
"NP-C","Nurse Practitioner Certified","207RN0300X","NEPHROLOGY PHYSICIAN","7"
"NP-C","Nurse Practitioner Certified","208600000X","SURGERY PHYSICIAN","7"
"NPC","Nurse Practitioner Certified","207Q00000X","FAMILY MEDICINE PHYSICIAN","7"
"OD","Doctor of Optometry","207Q00000X","FAMILY MEDICINE PHYSICIAN","7"
"OT","Occupational Therapist","207R00000X","INTERNAL MEDICINE PHYSICIAN","7"
"OT","Occupational Therapist","2081P0010X","PEDIATRIC REHABILITATION MEDICINE PHYSICIAN","7"
"OTRL","Occupational Therapist Registered Licensed","208100000X","PHYSICAL MEDICINE & REHABILITATION PHYSICIAN","7"
"PA","Physician Assistant","202D00000X","INTEGRATIVE MEDICINE PHYSICIAN","7"
"PA","Physician Assistant","207VE0102X","REPRODUCTIVE ENDOCRINOLOGY PHYSICIAN","7"
"PA","Physician Assistant","207VF0040X","UROGYNECOLOGY AND RECONSTRUCTIVE PELVIC SURGERY (OBSTETRICS & GYNECOLOGY) PHYSICIAN","7"
"PA","Physician Assistant","207XX0004X","ORTHOPAEDIC FOOT AND ANKLE SURGERY PHYSICIAN","7"
"PA","Physician Assistant","2083P0901X","PUBLIC HEALTH & GENERAL PREVENTIVE MEDICINE PHYSICIAN","7"
"PA","Physician Assistant","2084A2900X","NEUROCRITICAL CARE PHYSICIAN","7"
"PA","Physician Assistant","2084B0040X","BEHAVIORAL NEUROLOGY & NEUROPSYCHIATRY PHYSICIAN","7"
"PA-C","Physician Assistant Certified","202D00000X","INTEGRATIVE MEDICINE PHYSICIAN","7"
"PA-C","Physician Assistant Certified","207LP2900X","PAIN MEDICINE (ANESTHESIOLOGY) PHYSICIAN","7"
"PA-C","Physician Assistant Certified","207VE0102X","REPRODUCTIVE ENDOCRINOLOGY PHYSICIAN","7"
"PA-C","Physician Assistant Certified","207VX0000X","OBSTETRICS PHYSICIAN","7"
"PA-C","Physician Assistant Certified","208C00000X","COLON & RECTAL SURGERY PHYSICIAN","7"
"PAC","Physician Assistant Certified","207RE0101X","ENDOCRINOLOGY, DIABETES & METABOLISM PHYSICIAN","7"
"PAC","Physician Assistant Certified","207RH0003X","HEMATOLOGY & ONCOLOGY PHYSICIAN","7"
"PAC","Physician Assistant Certified","207T00000X","NEUROLOGICAL SURGERY PHYSICIAN","7"
"PAC","Physician Assistant Certified","208100000X","PHYSICAL MEDICINE & REHABILITATION PHYSICIAN","7"
"PHD","Doctor of Philosophy","2084P2900X","PAIN MEDICINE (PSYCHIATRY & NEUROLOGY) PHYSICIAN","7"
"PHD","Doctor of Philosophy","2084S0012X","SLEEP MEDICINE (PSYCHIATRY & NEUROLOGY) PHYSICIAN","7"
"PHD","Doctor of Philosophy","2085R0001X","RADIATION ONCOLOGY PHYSICIAN","7"
"PHD","Doctor of Philosophy","208D00000X","GENERAL PRACTICE PHYSICIAN","7"
"PNP","Pediatric Nurse Practitioner","208M00000X","HOSPITALIST PHYSICIAN","7"
"PT","Physical Therapist","208000000X","PEDIATRICS PHYSICIAN","7"
"PsyD","Doctor of Psychology","2084N0600X","CLINICAL NEUROPHYSIOLOGY PHYSICIAN","7"
"RD","Registered Dietitian","207R00000X","INTERNAL MEDICINE PHYSICIAN","7"
"RN","Registered Nurse","202D00000X","INTEGRATIVE MEDICINE PHYSICIAN","7"
"RN","Registered Nurse","208100000X","PHYSICAL MEDICINE & REHABILITATION PHYSICIAN","7"
"RN","Registered Nurse","2083P0500X","PREVENTIVE MEDICINE/OCCUPATIONAL ENVIRONMENTAL MEDICINE PHYSICIAN","7"
"RN","Registered Nurse","208800000X","UROLOGY PHYSICIAN","7"
"RPH","Registered Pharmacist","208D00000X","GENERAL PRACTICE PHYSICIAN","7"
"RT","Respiratory Therapist","2085B0100X","BODY IMAGING PHYSICIAN","7"
"SA-C","Substance Abuse Counselor Certified","208600000X","SURGERY PHYSICIAN","7"
"SLP","Speech-Language Pathologist","207Y00000X","OTOLARYNGOLOGY PHYSICIAN","7"
"STUDENT","Student","207Q00000X","FAMILY MEDICINE PHYSICIAN","7"
"ACNPC-AG","Acute Care Nurse Practitioner Certified (Adult-Gerontology)","208M00000X","HOSPITALIST PHYSICIAN","6"
"AG-ACNP","Adult Gerontology - Acute Care Nurse Practitioner","207RP1001X","PULMONARY DISEASE PHYSICIAN","6"
"AGACNP-BC","Adult-Gerontology Acute Care Nurse Practitioner Board Certified","207RH0002X","HOSPICE AND PALLIATIVE MEDICINE (INTERNAL MEDICINE) PHYSICIAN","6"
"AGACNP-BC","Adult-Gerontology Acute Care Nurse Practitioner Board Certified","207RI0011X","INTERVENTIONAL CARDIOLOGY PHYSICIAN","6"
"AGACNP-BC","Adult-Gerontology Acute Care Nurse Practitioner Board Certified","2084N0400X","NEUROLOGY PHYSICIAN","6"
"AGNP","Adult-Gerontology Nurse Practitioner","207Q00000X","FAMILY MEDICINE PHYSICIAN","6"
"AGNP","Adult-Gerontology Nurse Practitioner","207QG0300X","GERIATRIC MEDICINE (FAMILY MEDICINE) PHYSICIAN","6"
"AGPCNP-BC","Adult-Gerontology Primary Care Nurse Practitioner Board Certified","207Q00000X","FAMILY MEDICINE PHYSICIAN","6"
"ANP","Adult Nurse Practitioner","207RC0000X","CARDIOVASCULAR DISEASE PHYSICIAN","6"
"APN","Advanced Practice Nurse","207QG0300X","GERIATRIC MEDICINE (FAMILY MEDICINE) PHYSICIAN","6"
"APN","Advanced Practice Nurse","208VP0014X","INTERVENTIONAL PAIN MEDICINE PHYSICIAN","6"
"APRN-CNP","Advanced Practice Registered Nurse - Certified Nurse Practitioner","207R00000X","INTERNAL MEDICINE PHYSICIAN","6"
"APRN-CNP","Advanced Practice Registered Nurse - Certified Nurse Practitioner","207V00000X","OBSTETRICS & GYNECOLOGY PHYSICIAN","6"
"APRN-CNP","Advanced Practice Registered Nurse - Certified Nurse Practitioner","2084P0800X","PSYCHIATRY PHYSICIAN","6"
"APRN-CNP","Advanced Practice Registered Nurse - Certified Nurse Practitioner","208D00000X","GENERAL PRACTICE PHYSICIAN","6"
"ARNP","Advanced Registered Nurse Practitioner","207QA0401X","ADDICTION MEDICINE (FAMILY MEDICINE) PHYSICIAN","6"
"ARNP","Advanced Registered Nurse Practitioner","207RP1001X","PULMONARY DISEASE PHYSICIAN","6"
"ARNP","Advanced Registered Nurse Practitioner","2080N0001X","NEONATAL-PERINATAL MEDICINE PHYSICIAN","6"
"ARNP","Advanced Registered Nurse Practitioner","2083X0100X","OCCUPATIONAL MEDICINE PHYSICIAN","6"
"ATC","Athletic Trainer Certified","207Q00000X","FAMILY MEDICINE PHYSICIAN","6"
"AuD","Doctor of Audiology","2085B0100X","BODY IMAGING PHYSICIAN","6"
"BA","Bachelor of Arts","2084P0800X","PSYCHIATRY PHYSICIAN","6"
"BS","Bachelor of Science","207Y00000X","OTOLARYNGOLOGY PHYSICIAN","6"
"BS","Bachelor of Science","208000000X","PEDIATRICS PHYSICIAN","6"
"CCC-SLP","Certificate of Clinical Competence in Speech-Language Pathology","208000000X","PEDIATRICS PHYSICIAN","6"
"CNP","Certified Nurse Practitioner","2080N0001X","NEONATAL-PERINATAL MEDICINE PHYSICIAN","6"
"CNS","Certified Nurse Specialist","207Q00000X","FAMILY MEDICINE PHYSICIAN","6"
"CNS","Certified Nurse Specialist","2084N0400X","NEUROLOGY PHYSICIAN","6"
"CPNP","Certified Pediatric Nurse Practitioner","2080P0006X","DEVELOPMENTAL - BEHAVIORAL PEDIATRICS PHYSICIAN","6"
"CPNP","Certified Pediatric Nurse Practitioner","2084N0402X","NEUROLOGY WITH SPECIAL QUALIFICATIONS IN CHILD NEUROLOGY PHYSICIAN","6"
"CPNP-AC","Certified Pediatric Nurse Practitioner - Acute Care","2080P0207X","PEDIATRIC HEMATOLOGY & ONCOLOGY PHYSICIAN","6"
"CPNP-PC","Certified Pediatric Nurse Practitioner Primary Care","2080P0206X","PEDIATRIC GASTROENTEROLOGY PHYSICIAN","6"
"CRNP","Certified Registered Nurse Practitioner","207QH0002X","HOSPICE AND PALLIATIVE MEDICINE (FAMILY MEDICINE) PHYSICIAN","6"
"CRNP","Certified Registered Nurse Practitioner","207X00000X","ORTHOPAEDIC SURGERY PHYSICIAN","6"
"CRNP","Certified Registered Nurse Practitioner","2080P0204X","PEDIATRIC EMERGENCY MEDICINE (PEDIATRICS) PHYSICIAN","6"
"CRNP","Certified Registered Nurse Practitioner","208VP0000X","PAIN MEDICINE PHYSICIAN","6"
"CST","Certified Surgical Technologist","207X00000X","ORTHOPAEDIC SURGERY PHYSICIAN","6"
"DDS","Doctor of Dental Surgery","207ZP0102X","ANATOMIC PATHOLOGY & CLINICAL PATHOLOGY PHYSICIAN","6"
"DDS","Doctor of Dental Surgery","208000000X","PEDIATRICS PHYSICIAN","6"
"DMD","Doctor of Medicine in Dentistry","208600000X","SURGERY PHYSICIAN","6"
"DNP","Doctor of Nursing Practice","207QG0300X","GERIATRIC MEDICINE (FAMILY MEDICINE) PHYSICIAN","6"
"DNP","Doctor of Nursing Practice","207RC0200X","CRITICAL CARE MEDICINE (INTERNAL MEDICINE) PHYSICIAN","6"
"DNP","Doctor of Nursing Practice","207RG0300X","GERIATRIC MEDICINE (INTERNAL MEDICINE) PHYSICIAN","6"
"DNP","Doctor of Nursing Practice","207RI0011X","INTERVENTIONAL CARDIOLOGY PHYSICIAN","6"
"DNP","Doctor of Nursing Practice","207RP1001X","PULMONARY DISEASE PHYSICIAN","6"
"DNP","Doctor of Nursing Practice","207RX0202X","MEDICAL ONCOLOGY PHYSICIAN","6"
"DNP","Doctor of Nursing Practice","207T00000X","NEUROLOGICAL SURGERY PHYSICIAN","6"
"DNP","Doctor of Nursing Practice","207X00000X","ORTHOPAEDIC SURGERY PHYSICIAN","6"
"DNP","Doctor of Nursing Practice","2080P0202X","PEDIATRIC CARDIOLOGY PHYSICIAN","6"
"DVM","Doctor of Veterinary Medicine","207Q00000X","FAMILY MEDICINE PHYSICIAN","6"
"DVM","Doctor of Veterinary Medicine","208600000X","SURGERY PHYSICIAN","6"
"FNP","Family Nurse Practitioner","207KA0200X","ALLERGY PHYSICIAN","6"
"FNP","Family Nurse Practitioner","207QS1201X","SLEEP MEDICINE (FAMILY MEDICINE) PHYSICIAN","6"
"FNP","Family Nurse Practitioner","2080A0000X","PEDIATRIC ADOLESCENT MEDICINE PHYSICIAN","6"
"FNP-BC","Family Nurse Practitioner Board Certified","207RG0100X","GASTROENTEROLOGY PHYSICIAN","6"
"FNP-BC","Family Nurse Practitioner Board Certified","207RH0003X","HEMATOLOGY & ONCOLOGY PHYSICIAN","6"
"FNP-BC","Family Nurse Practitioner Board Certified","207RN0300X","NEPHROLOGY PHYSICIAN","6"
"FNP-C","Family Nurse Practitioner","202D00000X","INTEGRATIVE MEDICINE PHYSICIAN","6"
"FNP-C","Family Nurse Practitioner","207QB0002X","OBESITY MEDICINE (FAMILY MEDICINE) PHYSICIAN","6"
"FNP-C","Family Nurse Practitioner","207RI0200X","INFECTIOUS DISEASE PHYSICIAN","6"
"LADC","Licensed Alcohol and Drug Counselor","2084P0800X","PSYCHIATRY PHYSICIAN","6"
"LAT","Licensed Athletic Trainer","2080S0010X","PEDIATRIC SPORTS MEDICINE PHYSICIAN","6"
"LPN","Licensed Practical Nurse","207R00000X","INTERNAL MEDICINE PHYSICIAN","6"
"LPTA","Licensed Physical Therapist Assistant","2081S0010X","SPORTS MEDICINE (PHYSICAL MEDICINE & REHABILITATION) PHYSICIAN","6"
"LSW","Licensed Social Worker","2084P0800X","PSYCHIATRY PHYSICIAN","6"
"MA","Master of Arts","208000000X","PEDIATRICS PHYSICIAN","6"
"MA","Master of Arts","2081S0010X","SPORTS MEDICINE (PHYSICAL MEDICINE & REHABILITATION) PHYSICIAN","6"
"MPAS","Master of Physician Assistant Studies","207P00000X","EMERGENCY MEDICINE PHYSICIAN","6"
"MS","Master of Science","204C00000X","SPORTS MEDICINE (NEUROMUSCULOSKELETAL MEDICINE) PHYSICIAN","6"
"MS","Master of Science","207RH0002X","HOSPICE AND PALLIATIVE MEDICINE (INTERNAL MEDICINE) PHYSICIAN","6"
"MS","Master of Science","207XX0005X","SPORTS MEDICINE (ORTHOPAEDIC SURGERY) PHYSICIAN","6"
"MS","Master of Science","208D00000X","GENERAL PRACTICE PHYSICIAN","6"
"MSN","Master of Science in Nursing","207QA0401X","ADDICTION MEDICINE (FAMILY MEDICINE) PHYSICIAN","6"
"MSN","Master of Science in Nursing","207RN0300X","NEPHROLOGY PHYSICIAN","6"
"MSN","Master of Science in Nursing","2083P0901X","PUBLIC HEALTH & GENERAL PREVENTIVE MEDICINE PHYSICIAN","6"
"MSW","Master of Social Work","207RI0011X","INTERVENTIONAL CARDIOLOGY PHYSICIAN","6"
"MSW","Master of Social Work","2084P0804X","CHILD & ADOLESCENT PSYCHIATRY PHYSICIAN","6"
"NNP","Neonatal Nurse Practitioner","207RH0002X","HOSPICE AND PALLIATIVE MEDICINE (INTERNAL MEDICINE) PHYSICIAN","6"
"NP","Nurse Practitioner","207W00000X","OPHTHALMOLOGY PHYSICIAN","6"
"NP","Nurse Practitioner","207XX0801X","ORTHOPAEDIC TRAUMA PHYSICIAN","6"
"NP","Nurse Practitioner","2085P0229X","PEDIATRIC RADIOLOGY PHYSICIAN","6"
"NP-C","Nurse Practitioner Certified","207RH0002X","HOSPICE AND PALLIATIVE MEDICINE (INTERNAL MEDICINE) PHYSICIAN","6"
"NP-C","Nurse Practitioner Certified","207RI0200X","INFECTIOUS DISEASE PHYSICIAN","6"
"NP-C","Nurse Practitioner Certified","208100000X","PHYSICAL MEDICINE & REHABILITATION PHYSICIAN","6"
"NURSE","Nurse","208VP0000X","PAIN MEDICINE PHYSICIAN","6"
"OD","Doctor of Optometry","207R00000X","INTERNAL MEDICINE PHYSICIAN","6"
"PA","Physician Assistant","207RA0401X","ADDICTION MEDICINE (INTERNAL MEDICINE) PHYSICIAN","6"
"PA","Physician Assistant","207YX0007X","PLASTIC SURGERY WITHIN THE HEAD & NECK (OTOLARYNGOLOGY) PHYSICIAN","6"
"PA","Physician Assistant","2083A0300X","ADDICTION MEDICINE (PREVENTIVE MEDICINE) PHYSICIAN","6"
"PA","Physician Assistant","2084E0001X","EPILEPSY PHYSICIAN","6"
"PA-C","Physician Assistant Certified","207QA0401X","ADDICTION MEDICINE (FAMILY MEDICINE) PHYSICIAN","6"
"PA-C","Physician Assistant Certified","207VF0040X","UROGYNECOLOGY AND RECONSTRUCTIVE PELVIC SURGERY (OBSTETRICS & GYNECOLOGY) PHYSICIAN","6"
"PA-C","Physician Assistant Certified","2080P0214X","PEDIATRIC PULMONOLOGY PHYSICIAN","6"
"PAC","Physician Assistant Certified","207PE0004X","EMERGENCY MEDICAL SERVICES (EMERGENCY MEDICINE) PHYSICIAN","6"
"PAC","Physician Assistant Certified","207RN0300X","NEPHROLOGY PHYSICIAN","6"
"PAC","Physician Assistant Certified","207XS0117X","ORTHOPAEDIC SURGERY OF THE SPINE PHYSICIAN","6"
"PAC","Physician Assistant Certified","2084A0401X","ADDICTION MEDICINE (PSYCHIATRY & NEUROLOGY) PHYSICIAN","6"
"PAC","Physician Assistant Certified","208VP0000X","PAIN MEDICINE PHYSICIAN","6"
"PC","Pharmacist Clinician","208000000X","PEDIATRICS PHYSICIAN","6"
"PHD","Doctor of Philosophy","2083P0901X","PUBLIC HEALTH & GENERAL PREVENTIVE MEDICINE PHYSICIAN","6"
"PHD","Doctor of Philosophy","2085R0202X","DIAGNOSTIC RADIOLOGY PHYSICIAN","6"
"PNP","Pediatric Nurse Practitioner","207Q00000X","FAMILY MEDICINE PHYSICIAN","6"
"PNP","Pediatric Nurse Practitioner","2080P0206X","PEDIATRIC GASTROENTEROLOGY PHYSICIAN","6"
"PT","Physical Therapist","207R00000X","INTERNAL MEDICINE PHYSICIAN","6"
"PsyD","Doctor of Psychology","208000000X","PEDIATRICS PHYSICIAN","6"
"PsyD","Doctor of Psychology","2084N0400X","NEUROLOGY PHYSICIAN","6"
"RDMS","Registered Diagnostic Medical Sonographer","2085R0202X","DIAGNOSTIC RADIOLOGY PHYSICIAN","6"
"RN","Registered Nurse","207VG0400X","GYNECOLOGY PHYSICIAN","6"
"RN","Registered Nurse","208200000X","PLASTIC SURGERY PHYSICIAN","6"
"RN","Registered Nurse","2084P0802X","ADDICTION PSYCHIATRY PHYSICIAN","6"
"RN","Registered Nurse","2086S0122X","PLASTIC AND RECONSTRUCTIVE SURGERY PHYSICIAN","6"
"RN","Registered Nurse","208G00000X","THORACIC SURGERY (CARDIOTHORACIC VASCULAR SURGERY) PHYSICIAN","6"
"RN","Registered Nurse","208M00000X","HOSPITALIST PHYSICIAN","6"
"RN","Registered Nurse","208VP0000X","PAIN MEDICINE PHYSICIAN","6"
"RN","Registered Nurse","208VP0014X","INTERVENTIONAL PAIN MEDICINE PHYSICIAN","6"
"RNFA","Registered Nurse First Assistant","207R00000X","INTERNAL MEDICINE PHYSICIAN","6"
"RPA","Registered Physician Assistant","2085R0202X","DIAGNOSTIC RADIOLOGY PHYSICIAN","6"
"ACNP","Acute Care Nurse Practitioner","207RC0200X","CRITICAL CARE MEDICINE (INTERNAL MEDICINE) PHYSICIAN","5"
"ACNP","Acute Care Nurse Practitioner","207RP1001X","PULMONARY DISEASE PHYSICIAN","5"
"ACNP-BC","Acute Care Nurse Practitioner Board Certified","207RC0000X","CARDIOVASCULAR DISEASE PHYSICIAN","5"
"AG-ACNP","Adult Gerontology - Acute Care Nurse Practitioner","207P00000X","EMERGENCY MEDICINE PHYSICIAN","5"
"AG-ACNP","Adult Gerontology - Acute Care Nurse Practitioner","2084A2900X","NEUROCRITICAL CARE PHYSICIAN","5"
"AG-ACNP","Adult Gerontology - Acute Care Nurse Practitioner","208600000X","SURGERY PHYSICIAN","5"
"AGACNP-BC","Adult-Gerontology Acute Care Nurse Practitioner Board Certified","207LC0200X","CRITICAL CARE MEDICINE (ANESTHESIOLOGY) PHYSICIAN","5"
"AGACNP-BC","Adult-Gerontology Acute Care Nurse Practitioner Board Certified","207RH0003X","HEMATOLOGY & ONCOLOGY PHYSICIAN","5"
"AGACNP-BC","Adult-Gerontology Acute Care Nurse Practitioner Board Certified","208600000X","SURGERY PHYSICIAN","5"
"AGACNP-BC","Adult-Gerontology Acute Care Nurse Practitioner Board Certified","208G00000X","THORACIC SURGERY (CARDIOTHORACIC VASCULAR SURGERY) PHYSICIAN","5"
"AGNP-C","Adult-Gerontology Primary Care Nurse Practitioner","207Q00000X","FAMILY MEDICINE PHYSICIAN","5"
"AGPCNP-BC","Adult-Gerontology Primary Care Nurse Practitioner Board Certified","207QA0505X","ADULT MEDICINE PHYSICIAN","5"
"AGPCNP-BC","Adult-Gerontology Primary Care Nurse Practitioner Board Certified","207QG0300X","GERIATRIC MEDICINE (FAMILY MEDICINE) PHYSICIAN","5"
"AGPCNP-BC","Adult-Gerontology Primary Care Nurse Practitioner Board Certified","207RG0300X","GERIATRIC MEDICINE (INTERNAL MEDICINE) PHYSICIAN","5"
"APN","Advanced Practice Nurse","207RE0101X","ENDOCRINOLOGY, DIABETES & METABOLISM PHYSICIAN","5"
"APN","Advanced Practice Nurse","207RI0200X","INFECTIOUS DISEASE PHYSICIAN","5"
"APN","Advanced Practice Nurse","207X00000X","ORTHOPAEDIC SURGERY PHYSICIAN","5"
"APN","Advanced Practice Nurse","2080P0214X","PEDIATRIC PULMONOLOGY PHYSICIAN","5"
"APN","Advanced Practice Nurse","2084P0804X","CHILD & ADOLESCENT PSYCHIATRY PHYSICIAN","5"
"APN","Advanced Practice Nurse","208D00000X","GENERAL PRACTICE PHYSICIAN","5"
"ARNP","Advanced Registered Nurse Practitioner","207RC0200X","CRITICAL CARE MEDICINE (INTERNAL MEDICINE) PHYSICIAN","5"
"ARNP","Advanced Registered Nurse Practitioner","207RN0300X","NEPHROLOGY PHYSICIAN","5"
"ARNP","Advanced Registered Nurse Practitioner","207RR0500X","RHEUMATOLOGY PHYSICIAN","5"
"ARNP","Advanced Registered Nurse Practitioner","2084N0400X","NEUROLOGY PHYSICIAN","5"
"ARNP","Advanced Registered Nurse Practitioner","2085R0001X","RADIATION ONCOLOGY PHYSICIAN","5"
"ARNP","Advanced Registered Nurse Practitioner","2085R0202X","DIAGNOSTIC RADIOLOGY PHYSICIAN","5"
"ATC","Athletic Trainer Certified","207PE0004X","EMERGENCY MEDICAL SERVICES (EMERGENCY MEDICINE) PHYSICIAN","5"
"BA","Bachelor of Arts","207Q00000X","FAMILY MEDICINE PHYSICIAN","5"
"BCBA","Board Certified Behavior Analyst","2080P0006X","DEVELOPMENTAL - BEHAVIORAL PEDIATRICS PHYSICIAN","5"
"BS","Bachelor of Science","207X00000X","ORTHOPAEDIC SURGERY PHYSICIAN","5"
"BS","Bachelor of Science","2085R0202X","DIAGNOSTIC RADIOLOGY PHYSICIAN","5"
"BSN","Bachelor of Science in Nursing","207V00000X","OBSTETRICS & GYNECOLOGY PHYSICIAN","5"
"CA","Certified Acupuncturist","207Q00000X","FAMILY MEDICINE PHYSICIAN","5"
"CMA","Certified Medical Assistant","202K00000X","PHLEBOLOGY PHYSICIAN","5"
"CMA","Certified Medical Assistant","207Q00000X","FAMILY MEDICINE PHYSICIAN","5"
"CNOR","Certified Perioperative Nurse","208600000X","SURGERY PHYSICIAN","5"
"CNP","Certified Nurse Practitioner","207QH0002X","HOSPICE AND PALLIATIVE MEDICINE (FAMILY MEDICINE) PHYSICIAN","5"
"CNP","Certified Nurse Practitioner","207VE0102X","REPRODUCTIVE ENDOCRINOLOGY PHYSICIAN","5"
"CNP","Certified Nurse Practitioner","207VG0400X","GYNECOLOGY PHYSICIAN","5"
"CNP","Certified Nurse Practitioner","207VX0000X","OBSTETRICS PHYSICIAN","5"
"CNP","Certified Nurse Practitioner","208800000X","UROLOGY PHYSICIAN","5"
"CNP","Certified Nurse Practitioner","208D00000X","GENERAL PRACTICE PHYSICIAN","5"
"CNS","Certified Nurse Specialist","207RE0101X","ENDOCRINOLOGY, DIABETES & METABOLISM PHYSICIAN","5"
"COTA/L","Certified Occupational Therapy Assistant Licensed","2083X0100X","OCCUPATIONAL MEDICINE PHYSICIAN","5"
"CPNP","Certified Pediatric Nurse Practitioner","207Q00000X","FAMILY MEDICINE PHYSICIAN","5"
"CPNP","Certified Pediatric Nurse Practitioner","2080C0008X","CHILD ABUSE PEDIATRICS PHYSICIAN","5"
"CPNP","Certified Pediatric Nurse Practitioner","2080P0206X","PEDIATRIC GASTROENTEROLOGY PHYSICIAN","5"
"CPNP","Certified Pediatric Nurse Practitioner","2086S0120X","PEDIATRIC SURGERY PHYSICIAN","5"
"CPNP-AC","Certified Pediatric Nurse Practitioner - Acute Care","2080P0214X","PEDIATRIC PULMONOLOGY PHYSICIAN","5"
"CRNP","Certified Registered Nurse Practitioner","207RC0200X","CRITICAL CARE MEDICINE (INTERNAL MEDICINE) PHYSICIAN","5"
"CRNP","Certified Registered Nurse Practitioner","207RH0002X","HOSPICE AND PALLIATIVE MEDICINE (INTERNAL MEDICINE) PHYSICIAN","5"
"CRNP","Certified Registered Nurse Practitioner","207RI0200X","INFECTIOUS DISEASE PHYSICIAN","5"
"CRNP","Certified Registered Nurse Practitioner","207Y00000X","OTOLARYNGOLOGY PHYSICIAN","5"
"CRNP","Certified Registered Nurse Practitioner","2086S0127X","TRAUMA SURGERY PHYSICIAN","5"
"CSFA","Certified School Food Administrator","207X00000X","ORTHOPAEDIC SURGERY PHYSICIAN","5"
"DC","Doctor of Chiropractic","2081P2900X","PAIN MEDICINE (PHYSICAL MEDICINE & REHABILITATION) PHYSICIAN","5"
"DDS","Doctor of Dental Surgery","207ZP0105X","CLINICAL PATHOLOGY/LABORATORY MEDICINE PHYSICIAN","5"
"DMD","Doctor of Medicine in Dentistry","207LP3000X","PEDIATRIC ANESTHESIOLOGY PHYSICIAN","5"
"DNP","Doctor of Nursing Practice","207QA0401X","ADDICTION MEDICINE (FAMILY MEDICINE) PHYSICIAN","5"
"DNP","Doctor of Nursing Practice","207RE0101X","ENDOCRINOLOGY, DIABETES & METABOLISM PHYSICIAN","5"
"DNP","Doctor of Nursing Practice","2080P0006X","DEVELOPMENTAL - BEHAVIORAL PEDIATRICS PHYSICIAN","5"
"DNP","Doctor of Nursing Practice","2084N0400X","NEUROLOGY PHYSICIAN","5"
"DNP","Doctor of Nursing Practice","208VP0000X","PAIN MEDICINE PHYSICIAN","5"
"DPM","Doctor of Podiatric Medicine","208D00000X","GENERAL PRACTICE PHYSICIAN","5"
"DVM","Doctor of Veterinary Medicine","207W00000X","OPHTHALMOLOGY PHYSICIAN","5"
"ENP-C","Emergency Nurse Practitioner","207P00000X","EMERGENCY MEDICINE PHYSICIAN","5"
"FNP","Family Nurse Practitioner","207VX0000X","OBSTETRICS PHYSICIAN","5"
"FNP","Family Nurse Practitioner","2080P0214X","PEDIATRIC PULMONOLOGY PHYSICIAN","5"
"FNP","Family Nurse Practitioner","2083P0500X","PREVENTIVE MEDICINE/OCCUPATIONAL ENVIRONMENTAL MEDICINE PHYSICIAN","5"
"FNP-BC","Family Nurse Practitioner Board Certified","207QG0300X","GERIATRIC MEDICINE (FAMILY MEDICINE) PHYSICIAN","5"
"FNP-BC","Family Nurse Practitioner Board Certified","207RP1001X","PULMONARY DISEASE PHYSICIAN","5"
"FNP-BC","Family Nurse Practitioner Board Certified","2084N0400X","NEUROLOGY PHYSICIAN","5"
"FNP-C","Family Nurse Practitioner","207RX0202X","MEDICAL ONCOLOGY PHYSICIAN","5"
"FNP-C","Family Nurse Practitioner","2080P0206X","PEDIATRIC GASTROENTEROLOGY PHYSICIAN","5"
"FNP-C","Family Nurse Practitioner","2083P0901X","PUBLIC HEALTH & GENERAL PREVENTIVE MEDICINE PHYSICIAN","5"
"LCSW","Licensed Clinical Social Worker","207R00000X","INTERNAL MEDICINE PHYSICIAN","5"
"LCSW","Licensed Clinical Social Worker","208000000X","PEDIATRICS PHYSICIAN","5"
"LMT","Licensed Massage Therapist","204D00000X","NEUROMUSCULOSKELETAL MEDICINE & OMM PHYSICIAN","5"
"LVN","Licensed Vocational Nurse","208000000X","PEDIATRICS PHYSICIAN","5"
"MA","Master of Arts","207ZP0102X","ANATOMIC PATHOLOGY & CLINICAL PATHOLOGY PHYSICIAN","5"
"MA","Master of Arts","208D00000X","GENERAL PRACTICE PHYSICIAN","5"
"MPAS","Master of Physician Assistant Studies","207X00000X","ORTHOPAEDIC SURGERY PHYSICIAN","5"
"MS","Master of Science","207QS0010X","SPORTS MEDICINE (FAMILY MEDICINE) PHYSICIAN","5"
"MS","Master of Science","2080P0204X","PEDIATRIC EMERGENCY MEDICINE (PEDIATRICS) PHYSICIAN","5"
"MS","Master of Science","2081P0010X","PEDIATRIC REHABILITATION MEDICINE PHYSICIAN","5"
"MS","Master of Science","2083X0100X","OCCUPATIONAL MEDICINE PHYSICIAN","5"
"MSN","Master of Science in Nursing","204F00000X","TRANSPLANT SURGERY PHYSICIAN","5"
"MSN","Master of Science in Nursing","207RI0200X","INFECTIOUS DISEASE PHYSICIAN","5"
"MSN","Master of Science in Nursing","207VG0400X","GYNECOLOGY PHYSICIAN","5"
"MSN","Master of Science in Nursing","207VX0000X","OBSTETRICS PHYSICIAN","5"
"MSN","Master of Science in Nursing","2080P0207X","PEDIATRIC HEMATOLOGY & ONCOLOGY PHYSICIAN","5"
"MSN","Master of Science in Nursing","2084A0401X","ADDICTION MEDICINE (PSYCHIATRY & NEUROLOGY) PHYSICIAN","5"
"MSN","Master of Science in Nursing","2084P0804X","CHILD & ADOLESCENT PSYCHIATRY PHYSICIAN","5"
"MSN","Master of Science in Nursing","2086S0120X","PEDIATRIC SURGERY PHYSICIAN","5"
"MSN","Master of Science in Nursing","208800000X","UROLOGY PHYSICIAN","5"
"MSPT","Master of Science in Physical Therapy","2081S0010X","SPORTS MEDICINE (PHYSICAL MEDICINE & REHABILITATION) PHYSICIAN","5"
"ND","Doctor of Naturopathic Medicine","207QA0505X","ADULT MEDICINE PHYSICIAN","5"
"NP","Nurse Practitioner","202C00000X","INDEPENDENT MEDICAL EXAMINER PHYSICIAN","5"
"NP","Nurse Practitioner","207LH0002X","HOSPICE AND PALLIATIVE MEDICINE (ANESTHESIOLOGY) PHYSICIAN","5"
"NP","Nurse Practitioner","207RB0002X","OBESITY MEDICINE (INTERNAL MEDICINE) PHYSICIAN","5"
"NP","Nurse Practitioner","207XP3100X","PEDIATRIC ORTHOPAEDIC SURGERY PHYSICIAN","5"
"NP-C","Nurse Practitioner Certified","207T00000X","NEUROLOGICAL SURGERY PHYSICIAN","5"
"PA","Physician Assistant","202K00000X","PHLEBOLOGY PHYSICIAN","5"
"PA","Physician Assistant","204C00000X","SPORTS MEDICINE (NEUROMUSCULOSKELETAL MEDICINE) PHYSICIAN","5"
"PA","Physician Assistant","204E00000X","ORAL & MAXILLOFACIAL SURGERY (D.M.D.)","5"
"PA","Physician Assistant","207NI0002X","CLINICAL & LABORATORY DERMATOLOGICAL IMMUNOLOGY PHYSICIAN","5"
"PA","Physician Assistant","207QA0000X","ADOLESCENT MEDICINE (FAMILY MEDICINE) PHYSICIAN","5"
"PA","Physician Assistant","207QS0010X","SPORTS MEDICINE (FAMILY MEDICINE) PHYSICIAN","5"
"PA","Physician Assistant","207VM0101X","MATERNAL & FETAL MEDICINE PHYSICIAN","5"
"PA","Physician Assistant","207VX0000X","OBSTETRICS PHYSICIAN","5"
"PA","Physician Assistant","2080P0205X","PEDIATRIC ENDOCRINOLOGY PHYSICIAN","5"
"PA","Physician Assistant","2080P0208X","PEDIATRIC INFECTIOUS DISEASES PHYSICIAN","5"
"PA","Physician Assistant","2080S0010X","PEDIATRIC SPORTS MEDICINE PHYSICIAN","5"
"PA","Physician Assistant","2081S0010X","SPORTS MEDICINE (PHYSICAL MEDICINE & REHABILITATION) PHYSICIAN","5"
"PA","Physician Assistant","2085B0100X","BODY IMAGING PHYSICIAN","5"
"PA-C","Physician Assistant Certified","207LC0200X","CRITICAL CARE MEDICINE (ANESTHESIOLOGY) PHYSICIAN","5"
"PA-C","Physician Assistant Certified","207RA0001X","ADVANCED HEART FAILURE AND TRANSPLANT CARDIOLOGY PHYSICIAN","5"
"PA-C","Physician Assistant Certified","207RA0401X","ADDICTION MEDICINE (INTERNAL MEDICINE) PHYSICIAN","5"
"PA-C","Physician Assistant Certified","207VM0101X","MATERNAL & FETAL MEDICINE PHYSICIAN","5"
"PA-C","Physician Assistant Certified","207YP0228X","PEDIATRIC OTOLARYNGOLOGY PHYSICIAN","5"
"PA-C","Physician Assistant Certified","2080P0206X","PEDIATRIC GASTROENTEROLOGY PHYSICIAN","5"
"PA-C","Physician Assistant Certified","2083A0300X","ADDICTION MEDICINE (PREVENTIVE MEDICINE) PHYSICIAN","5"
"PA-C","Physician Assistant Certified","2083P0901X","PUBLIC HEALTH & GENERAL PREVENTIVE MEDICINE PHYSICIAN","5"
"PA-C","Physician Assistant Certified","2084E0001X","EPILEPSY PHYSICIAN","5"
"PA-C","Physician Assistant Certified","2084P0802X","ADDICTION PSYCHIATRY PHYSICIAN","5"
"PAC","Physician Assistant Certified","207RC0200X","CRITICAL CARE MEDICINE (INTERNAL MEDICINE) PHYSICIAN","5"
"PAC","Physician Assistant Certified","207XX0005X","SPORTS MEDICINE (ORTHOPAEDIC SURGERY) PHYSICIAN","5"
"PHD","Doctor of Philosophy","207LP2900X","PAIN MEDICINE (ANESTHESIOLOGY) PHYSICIAN","5"
"PHD","Doctor of Philosophy","207ZP0104X","CHEMICAL PATHOLOGY PHYSICIAN","5"
"PHD","Doctor of Philosophy","2084P0805X","GERIATRIC PSYCHIATRY PHYSICIAN","5"
"PMHNP-BC","Psychiatric Mental Health Nurse Practitioner Board Certified","207QA0401X","ADDICTION MEDICINE (FAMILY MEDICINE) PHYSICIAN","5"
"PMHNP-BC","Psychiatric Mental Health Nurse Practitioner Board Certified","2084B0040X","BEHAVIORAL NEUROLOGY & NEUROPSYCHIATRY PHYSICIAN","5"
"RN","Registered Nurse","207LP2900X","PAIN MEDICINE (ANESTHESIOLOGY) PHYSICIAN","5"
"RN","Registered Nurse","207RR0500X","RHEUMATOLOGY PHYSICIAN","5"
"RN","Registered Nurse","207T00000X","NEUROLOGICAL SURGERY PHYSICIAN","5"
"RN","Registered Nurse","2080P0006X","DEVELOPMENTAL - BEHAVIORAL PEDIATRICS PHYSICIAN","5"
"RN","Registered Nurse","2080P0204X","PEDIATRIC EMERGENCY MEDICINE (PEDIATRICS) PHYSICIAN","5"
"RN","Registered Nurse","2080P0207X","PEDIATRIC HEMATOLOGY & ONCOLOGY PHYSICIAN","5"
"RN","Registered Nurse","2084A0401X","ADDICTION MEDICINE (PSYCHIATRY & NEUROLOGY) PHYSICIAN","5"
"RN","Registered Nurse","2084B0040X","BEHAVIORAL NEUROLOGY & NEUROPSYCHIATRY PHYSICIAN","5"
"RN","Registered Nurse","2084N0402X","NEUROLOGY WITH SPECIAL QUALIFICATIONS IN CHILD NEUROLOGY PHYSICIAN","5"
"RN","Registered Nurse","2085R0204X","VASCULAR & INTERVENTIONAL RADIOLOGY PHYSICIAN","5"
"RPA","Registered Physician Assistant","207P00000X","EMERGENCY MEDICINE PHYSICIAN","5"
"RPT","Registered Physical Therapist","2081S0010X","SPORTS MEDICINE (PHYSICAL MEDICINE & REHABILITATION) PHYSICIAN","5"
"WHNP","Womens Health Nurse Practitioner","207VX0000X","OBSTETRICS PHYSICIAN","5"
"WHNP-BC","Womens Health Nurse Practitioner Board Certified","207VG0400X","GYNECOLOGY PHYSICIAN","5"
"ACNP","Acute Care Nurse Practitioner","207P00000X","EMERGENCY MEDICINE PHYSICIAN","4"
"ACNP","Acute Care Nurse Practitioner","208G00000X","THORACIC SURGERY (CARDIOTHORACIC VASCULAR SURGERY) PHYSICIAN","4"
"ACNP","Acute Care Nurse Practitioner","208M00000X","HOSPITALIST PHYSICIAN","4"
"ACNP-BC","Acute Care Nurse Practitioner Board Certified","207RC0200X","CRITICAL CARE MEDICINE (INTERNAL MEDICINE) PHYSICIAN","4"
"ACNPC-AG","Acute Care Nurse Practitioner Certified (Adult-Gerontology)","207Q00000X","FAMILY MEDICINE PHYSICIAN","4"
"AG-ACNP","Adult Gerontology - Acute Care Nurse Practitioner","207RC0200X","CRITICAL CARE MEDICINE (INTERNAL MEDICINE) PHYSICIAN","4"
"AG-ACNP","Adult Gerontology - Acute Care Nurse Practitioner","207RH0003X","HEMATOLOGY & ONCOLOGY PHYSICIAN","4"
"AG-ACNP","Adult Gerontology - Acute Care Nurse Practitioner","207T00000X","NEUROLOGICAL SURGERY PHYSICIAN","4"
"AG-ACNP","Adult Gerontology - Acute Care Nurse Practitioner","208G00000X","THORACIC SURGERY (CARDIOTHORACIC VASCULAR SURGERY) PHYSICIAN","4"
"AGACNP-BC","Adult-Gerontology Acute Care Nurse Practitioner Board Certified","207P00000X","EMERGENCY MEDICINE PHYSICIAN","4"
"AGACNP-BC","Adult-Gerontology Acute Care Nurse Practitioner Board Certified","207QG0300X","GERIATRIC MEDICINE (FAMILY MEDICINE) PHYSICIAN","4"
"AGACNP-BC","Adult-Gerontology Acute Care Nurse Practitioner Board Certified","207RG0300X","GERIATRIC MEDICINE (INTERNAL MEDICINE) PHYSICIAN","4"
"AGACNP-BC","Adult-Gerontology Acute Care Nurse Practitioner Board Certified","207T00000X","NEUROLOGICAL SURGERY PHYSICIAN","4"
"AGNP-C","Adult-Gerontology Primary Care Nurse Practitioner","207N00000X","DERMATOLOGY PHYSICIAN","4"
"AGNP-C","Adult-Gerontology Primary Care Nurse Practitioner","207RI0200X","INFECTIOUS DISEASE PHYSICIAN","4"
"AGNP-C","Adult-Gerontology Primary Care Nurse Practitioner","208D00000X","GENERAL PRACTICE PHYSICIAN","4"
"AGPCNP","Adult Gerontology Primary Care Nurse Practitioner","207QG0300X","GERIATRIC MEDICINE (FAMILY MEDICINE) PHYSICIAN","4"
"ANP","Adult Nurse Practitioner","207N00000X","DERMATOLOGY PHYSICIAN","4"
"ANP","Adult Nurse Practitioner","207QH0002X","HOSPICE AND PALLIATIVE MEDICINE (FAMILY MEDICINE) PHYSICIAN","4"
"ANP","Adult Nurse Practitioner","208800000X","UROLOGY PHYSICIAN","4"
"APN","Advanced Practice Nurse","207N00000X","DERMATOLOGY PHYSICIAN","4"
"APN","Advanced Practice Nurse","207QH0002X","HOSPICE AND PALLIATIVE MEDICINE (FAMILY MEDICINE) PHYSICIAN","4"
"APN","Advanced Practice Nurse","207Y00000X","OTOLARYNGOLOGY PHYSICIAN","4"
"APN","Advanced Practice Nurse","2084N0402X","NEUROLOGY WITH SPECIAL QUALIFICATIONS IN CHILD NEUROLOGY PHYSICIAN","4"
"APN","Advanced Practice Nurse","208600000X","SURGERY PHYSICIAN","4"
"APN","Advanced Practice Nurse","208800000X","UROLOGY PHYSICIAN","4"
"APN","Advanced Practice Nurse","208VP0000X","PAIN MEDICINE PHYSICIAN","4"
"APNP","Advanced Practice Nurse Practitioner","207R00000X","INTERNAL MEDICINE PHYSICIAN","4"
"APNP","Advanced Practice Nurse Practitioner","208D00000X","GENERAL PRACTICE PHYSICIAN","4"
"ARNP","Advanced Registered Nurse Practitioner","207K00000X","ALLERGY & IMMUNOLOGY PHYSICIAN","4"
"ARNP","Advanced Registered Nurse Practitioner","207PE0004X","EMERGENCY MEDICAL SERVICES (EMERGENCY MEDICINE) PHYSICIAN","4"
"ARNP","Advanced Registered Nurse Practitioner","207QH0002X","HOSPICE AND PALLIATIVE MEDICINE (FAMILY MEDICINE) PHYSICIAN","4"
"ARNP","Advanced Registered Nurse Practitioner","207RH0003X","HEMATOLOGY & ONCOLOGY PHYSICIAN","4"
"ARNP","Advanced Registered Nurse Practitioner","207RX0202X","MEDICAL ONCOLOGY PHYSICIAN","4"
"ARNP","Advanced Registered Nurse Practitioner","207T00000X","NEUROLOGICAL SURGERY PHYSICIAN","4"
"ARNP","Advanced Registered Nurse Practitioner","207VG0400X","GYNECOLOGY PHYSICIAN","4"
"ARNP","Advanced Registered Nurse Practitioner","207X00000X","ORTHOPAEDIC SURGERY PHYSICIAN","4"
"ARNP","Advanced Registered Nurse Practitioner","208600000X","SURGERY PHYSICIAN","4"
"AT","Athletic Trainer","207PS0010X","SPORTS MEDICINE (EMERGENCY MEDICINE) PHYSICIAN","4"
"BS","Bachelor of Science","2084P0800X","PSYCHIATRY PHYSICIAN","4"
"BSN","Bachelor of Science in Nursing","207QA0505X","ADULT MEDICINE PHYSICIAN","4"
"CAA","Certified Audiologist Assistant","207LC0200X","CRITICAL CARE MEDICINE (ANESTHESIOLOGY) PHYSICIAN","4"
"CCC-SLP","Certificate of Clinical Competence in Speech-Language Pathology","208100000X","PHYSICAL MEDICINE & REHABILITATION PHYSICIAN","4"
"CGC","Certified Genetic Counselor","207SG0203X","CLINICAL MOLECULAR GENETICS PHYSICIAN","4"
"CMT","Certified Massage Therapist","204C00000X","SPORTS MEDICINE (NEUROMUSCULOSKELETAL MEDICINE) PHYSICIAN","4"
"CMT","Certified Massage Therapist","2081N0008X","NEUROMUSCULAR MEDICINE (PHYSICAL MEDICINE & REHABILITATION) PHYSICIAN","4"
"CNA","Certified Nursing Assistant","207R00000X","INTERNAL MEDICINE PHYSICIAN","4"
"CNP","Certified Nurse Practitioner","207LC0200X","CRITICAL CARE MEDICINE (ANESTHESIOLOGY) PHYSICIAN","4"
"CNP","Certified Nurse Practitioner","207PE0004X","EMERGENCY MEDICAL SERVICES (EMERGENCY MEDICINE) PHYSICIAN","4"
"CNP","Certified Nurse Practitioner","207QG0300X","GERIATRIC MEDICINE (FAMILY MEDICINE) PHYSICIAN","4"
"CNP","Certified Nurse Practitioner","207RE0101X","ENDOCRINOLOGY, DIABETES & METABOLISM PHYSICIAN","4"
"CNP","Certified Nurse Practitioner","207RH0002X","HOSPICE AND PALLIATIVE MEDICINE (INTERNAL MEDICINE) PHYSICIAN","4"
"CNP","Certified Nurse Practitioner","207RI0011X","INTERVENTIONAL CARDIOLOGY PHYSICIAN","4"
"CNP","Certified Nurse Practitioner","207RI0200X","INFECTIOUS DISEASE PHYSICIAN","4"
"CNP","Certified Nurse Practitioner","207RN0300X","NEPHROLOGY PHYSICIAN","4"
"CNP","Certified Nurse Practitioner","2080P0006X","DEVELOPMENTAL - BEHAVIORAL PEDIATRICS PHYSICIAN","4"
"CNP","Certified Nurse Practitioner","208100000X","PHYSICAL MEDICINE & REHABILITATION PHYSICIAN","4"
"CNP","Certified Nurse Practitioner","208200000X","PLASTIC SURGERY PHYSICIAN","4"
"CNP","Certified Nurse Practitioner","208600000X","SURGERY PHYSICIAN","4"
"CNP","Certified Nurse Practitioner","2086S0127X","TRAUMA SURGERY PHYSICIAN","4"
"CNP","Certified Nurse Practitioner","2086S0129X","VASCULAR SURGERY PHYSICIAN","4"
"CNP","Certified Nurse Practitioner","208G00000X","THORACIC SURGERY (CARDIOTHORACIC VASCULAR SURGERY) PHYSICIAN","4"
"COTA/L","Certified Occupational Therapy Assistant Licensed","208000000X","PEDIATRICS PHYSICIAN","4"
"CPHT","Certified Pharmacy Technician","208U00000X","CLINICAL PHARMACOLOGY PHYSICIAN","4"
"CPNP","Certified Pediatric Nurse Practitioner","2080P0202X","PEDIATRIC CARDIOLOGY PHYSICIAN","4"
"CPNP","Certified Pediatric Nurse Practitioner","2080P0203X","PEDIATRIC CRITICAL CARE MEDICINE PHYSICIAN","4"
"CPNP-AC","Certified Pediatric Nurse Practitioner - Acute Care","2080P0204X","PEDIATRIC EMERGENCY MEDICINE (PEDIATRICS) PHYSICIAN","4"
"CRNA","Certified Registered Nurse Anesthetist","2084P0804X","CHILD & ADOLESCENT PSYCHIATRY PHYSICIAN","4"
"CRNP","Certified Registered Nurse Practitioner","207RG0100X","GASTROENTEROLOGY PHYSICIAN","4"
"CRNP","Certified Registered Nurse Practitioner","207VM0101X","MATERNAL & FETAL MEDICINE PHYSICIAN","4"
"CRNP","Certified Registered Nurse Practitioner","207VX0000X","OBSTETRICS PHYSICIAN","4"
"CSW","Clinical Social Worker","207Q00000X","FAMILY MEDICINE PHYSICIAN","4"
"DC","Doctor of Chiropractic","2085R0202X","DIAGNOSTIC RADIOLOGY PHYSICIAN","4"
"DDS","Doctor of Dental Surgery","207QS1201X","SLEEP MEDICINE (FAMILY MEDICINE) PHYSICIAN","4"
"DDS","Doctor of Dental Surgery","207R00000X","INTERNAL MEDICINE PHYSICIAN","4"
"DDS","Doctor of Dental Surgery","2082S0099X","PLASTIC SURGERY WITHIN THE HEAD AND NECK (PLASTIC SURGERY) PHYSICIAN","4"
"DNP","Doctor of Nursing Practice","207RG0100X","GASTROENTEROLOGY PHYSICIAN","4"
"DNP","Doctor of Nursing Practice","207RI0200X","INFECTIOUS DISEASE PHYSICIAN","4"
"DNP","Doctor of Nursing Practice","207RN0300X","NEPHROLOGY PHYSICIAN","4"
"DNP","Doctor of Nursing Practice","208100000X","PHYSICAL MEDICINE & REHABILITATION PHYSICIAN","4"
"DNP","Doctor of Nursing Practice","2083P0011X","UNDERSEA AND HYPERBARIC MEDICINE (PREVENTIVE MEDICINE) PHYSICIAN","4"
"DNP","Doctor of Nursing Practice","2084A0401X","ADDICTION MEDICINE (PSYCHIATRY & NEUROLOGY) PHYSICIAN","4"
"DNP","Doctor of Nursing Practice","2084B0040X","BEHAVIORAL NEUROLOGY & NEUROPSYCHIATRY PHYSICIAN","4"
"DNP","Doctor of Nursing Practice","2084P0802X","ADDICTION PSYCHIATRY PHYSICIAN","4"
"DNP","Doctor of Nursing Practice","2086X0206X","SURGICAL ONCOLOGY PHYSICIAN","4"
"DPT","Doctor of Physical Therapy","207Q00000X","FAMILY MEDICINE PHYSICIAN","4"
"DPT","Doctor of Physical Therapy","2083S0010X","SPORTS MEDICINE (PREVENTIVE MEDICINE) PHYSICIAN","4"
"EMT","Emergency Medical Technician","207P00000X","EMERGENCY MEDICINE PHYSICIAN","4"
"FNP","Family Nurse Practitioner","207RC0001X","CLINICAL CARDIAC ELECTROPHYSIOLOGY PHYSICIAN","4"
"FNP","Family Nurse Practitioner","207VM0101X","MATERNAL & FETAL MEDICINE PHYSICIAN","4"
"FNP","Family Nurse Practitioner","207XS0117X","ORTHOPAEDIC SURGERY OF THE SPINE PHYSICIAN","4"
"FNP","Family Nurse Practitioner","207XX0005X","SPORTS MEDICINE (ORTHOPAEDIC SURGERY) PHYSICIAN","4"
"FNP","Family Nurse Practitioner","2080P0202X","PEDIATRIC CARDIOLOGY PHYSICIAN","4"
"FNP","Family Nurse Practitioner","2080P0204X","PEDIATRIC EMERGENCY MEDICINE (PEDIATRICS) PHYSICIAN","4"
"FNP","Family Nurse Practitioner","2080P0206X","PEDIATRIC GASTROENTEROLOGY PHYSICIAN","4"
"FNP","Family Nurse Practitioner","2080P0207X","PEDIATRIC HEMATOLOGY & ONCOLOGY PHYSICIAN","4"
"FNP","Family Nurse Practitioner","2084A0401X","ADDICTION MEDICINE (PSYCHIATRY & NEUROLOGY) PHYSICIAN","4"
"FNP","Family Nurse Practitioner","2084P0804X","CHILD & ADOLESCENT PSYCHIATRY PHYSICIAN","4"
"FNP-BC","Family Nurse Practitioner Board Certified","207PE0004X","EMERGENCY MEDICAL SERVICES (EMERGENCY MEDICINE) PHYSICIAN","4"
"FNP-BC","Family Nurse Practitioner Board Certified","207T00000X","NEUROLOGICAL SURGERY PHYSICIAN","4"
"FNP-BC","Family Nurse Practitioner Board Certified","2080P0207X","PEDIATRIC HEMATOLOGY & ONCOLOGY PHYSICIAN","4"
"FNP-BC","Family Nurse Practitioner Board Certified","208VP0014X","INTERVENTIONAL PAIN MEDICINE PHYSICIAN","4"
"FNP-C","Family Nurse Practitioner","207L00000X","ANESTHESIOLOGY PHYSICIAN","4"
"FNP-C","Family Nurse Practitioner","207QA0000X","ADOLESCENT MEDICINE (FAMILY MEDICINE) PHYSICIAN","4"
"FNP-C","Family Nurse Practitioner","207RG0300X","GERIATRIC MEDICINE (INTERNAL MEDICINE) PHYSICIAN","4"
"FNP-C","Family Nurse Practitioner","207RS0012X","SLEEP MEDICINE (INTERNAL MEDICINE) PHYSICIAN","4"
"FNP-C","Family Nurse Practitioner","207VG0400X","GYNECOLOGY PHYSICIAN","4"
"FNP-C","Family Nurse Practitioner","207VX0201X","GYNECOLOGIC ONCOLOGY PHYSICIAN","4"
"FNP-C","Family Nurse Practitioner","2080C0008X","CHILD ABUSE PEDIATRICS PHYSICIAN","4"
"FNP-C","Family Nurse Practitioner","2083X0100X","OCCUPATIONAL MEDICINE PHYSICIAN","4"
"FNP-C","Family Nurse Practitioner","2084B0040X","BEHAVIORAL NEUROLOGY & NEUROPSYCHIATRY PHYSICIAN","4"
"FNP-C","Family Nurse Practitioner","2085R0204X","VASCULAR & INTERVENTIONAL RADIOLOGY PHYSICIAN","4"
"IBCLC","International Board Certified Lactation Consultant","208000000X","PEDIATRICS PHYSICIAN","4"
"LCAS","Licensed Clinical Addiction Specialist","2084P0800X","PSYCHIATRY PHYSICIAN","4"
"LISW","Licensed Independent Social Worker","2084P0800X","PSYCHIATRY PHYSICIAN","4"
"LMT","Licensed Massage Therapist","2083S0010X","SPORTS MEDICINE (PREVENTIVE MEDICINE) PHYSICIAN","4"
"LMT","Licensed Massage Therapist","208VP0000X","PAIN MEDICINE PHYSICIAN","4"
"LPC","Licensed Professional Counselor","208000000X","PEDIATRICS PHYSICIAN","4"
"LPC","Licensed Professional Counselor","2080P0006X","DEVELOPMENTAL - BEHAVIORAL PEDIATRICS PHYSICIAN","4"
"LPN","Licensed Practical Nurse","2084P0800X","PSYCHIATRY PHYSICIAN","4"
"MA","Master of Arts","2083A0300X","ADDICTION MEDICINE (PREVENTIVE MEDICINE) PHYSICIAN","4"
"MA","Master of Arts","2084A0401X","ADDICTION MEDICINE (PSYCHIATRY & NEUROLOGY) PHYSICIAN","4"
"MBA","Master of Business Administration","208100000X","PHYSICAL MEDICINE & REHABILITATION PHYSICIAN","4"
"MOTR/L","Master of Occupational Therapy Registered/Licensed","208100000X","PHYSICAL MEDICINE & REHABILITATION PHYSICIAN","4"
"MPA","Master of Public Administration","207Q00000X","FAMILY MEDICINE PHYSICIAN","4"
"MPAS","Master of Physician Assistant Studies","2084P0800X","PSYCHIATRY PHYSICIAN","4"
"MPH","Master of Public Health","204E00000X","ORAL & MAXILLOFACIAL SURGERY (D.M.D.)","4"
"MPH","Master of Public Health","208000000X","PEDIATRICS PHYSICIAN","4"
"MS","Master of Science","207LP3000X","PEDIATRIC ANESTHESIOLOGY PHYSICIAN","4"
"MS","Master of Science","207QA0505X","ADULT MEDICINE PHYSICIAN","4"
"MS","Master of Science","207QG0300X","GERIATRIC MEDICINE (FAMILY MEDICINE) PHYSICIAN","4"
"MS","Master of Science","207SC0300X","CLINICAL CYTOGENETICS PHYSICIAN","4"
"MS","Master of Science","2080N0001X","NEONATAL-PERINATAL MEDICINE PHYSICIAN","4"
"MS","Master of Science","2084A0401X","ADDICTION MEDICINE (PSYCHIATRY & NEUROLOGY) PHYSICIAN","4"
"MS","Master of Science","2085R0001X","RADIATION ONCOLOGY PHYSICIAN","4"
"MSN","Master of Science in Nursing","207PE0004X","EMERGENCY MEDICAL SERVICES (EMERGENCY MEDICINE) PHYSICIAN","4"
"MSN","Master of Science in Nursing","2080P0206X","PEDIATRIC GASTROENTEROLOGY PHYSICIAN","4"
"MSN","Master of Science in Nursing","208G00000X","THORACIC SURGERY (CARDIOTHORACIC VASCULAR SURGERY) PHYSICIAN","4"
"ND","Doctor of Naturopathic Medicine","207R00000X","INTERNAL MEDICINE PHYSICIAN","4"
"NMD","Doctor of Naturopathic Medicine","202D00000X","INTEGRATIVE MEDICINE PHYSICIAN","4"
"NNP-BC","Neonatal Nurse Practitioner Board Certified","208000000X","PEDIATRICS PHYSICIAN","4"
"NP","Nurse Practitioner","207RA0000X","ADOLESCENT MEDICINE (INTERNAL MEDICINE) PHYSICIAN","4"
"NP","Nurse Practitioner","207RT0003X","TRANSPLANT HEPATOLOGY PHYSICIAN","4"
"NP","Nurse Practitioner","207ZN0500X","NEUROPATHOLOGY PHYSICIAN","4"
"NP","Nurse Practitioner","2080P0008X","PEDIATRIC NEURODEVELOPMENTAL DISABILITIES PHYSICIAN","4"
"NP","Nurse Practitioner","2081P0010X","PEDIATRIC REHABILITATION MEDICINE PHYSICIAN","4"
"NP","Nurse Practitioner","2084P0005X","NEURODEVELOPMENTAL DISABILITIES PHYSICIAN","4"
"NP","Nurse Practitioner","208C00000X","COLON & RECTAL SURGERY PHYSICIAN","4"
"NP-C","Nurse Practitioner Certified","207L00000X","ANESTHESIOLOGY PHYSICIAN","4"
"NP-C","Nurse Practitioner Certified","207QA0000X","ADOLESCENT MEDICINE (FAMILY MEDICINE) PHYSICIAN","4"
"NP-C","Nurse Practitioner Certified","207QG0300X","GERIATRIC MEDICINE (FAMILY MEDICINE) PHYSICIAN","4"
"NP-C","Nurse Practitioner Certified","207RG0300X","GERIATRIC MEDICINE (INTERNAL MEDICINE) PHYSICIAN","4"
"NP-C","Nurse Practitioner Certified","207RI0011X","INTERVENTIONAL CARDIOLOGY PHYSICIAN","4"
"NP-C","Nurse Practitioner Certified","207VX0201X","GYNECOLOGIC ONCOLOGY PHYSICIAN","4"
"NURSE","Nurse","207PE0004X","EMERGENCY MEDICAL SERVICES (EMERGENCY MEDICINE) PHYSICIAN","4"
"NURSE","Nurse","207QG0300X","GERIATRIC MEDICINE (FAMILY MEDICINE) PHYSICIAN","4"
"NURSE","Nurse","207RC0000X","CARDIOVASCULAR DISEASE PHYSICIAN","4"
"NURSE","Nurse","208M00000X","HOSPITALIST PHYSICIAN","4"
"OD","Doctor of Optometry","207WX0009X","GLAUCOMA SPECIALIST (OPHTHALMOLOGY) PHYSICIAN","4"
"OT","Occupational Therapist","208000000X","PEDIATRICS PHYSICIAN","4"
"OT","Occupational Therapist","2081S0010X","SPORTS MEDICINE (PHYSICAL MEDICINE & REHABILITATION) PHYSICIAN","4"
"OTA","Occupational Therapy Assistant","208100000X","PHYSICAL MEDICINE & REHABILITATION PHYSICIAN","4"
"OTR/L","Occupational Therapist Registered/Licensed","2080P0006X","DEVELOPMENTAL - BEHAVIORAL PEDIATRICS PHYSICIAN","4"
"PA","Physician Assistant","207QH0002X","HOSPICE AND PALLIATIVE MEDICINE (FAMILY MEDICINE) PHYSICIAN","4"
"PA","Physician Assistant","207QS1201X","SLEEP MEDICINE (FAMILY MEDICINE) PHYSICIAN","4"
"PA","Physician Assistant","207RT0003X","TRANSPLANT HEPATOLOGY PHYSICIAN","4"
"PA","Physician Assistant","207ZP0102X","ANATOMIC PATHOLOGY & CLINICAL PATHOLOGY PHYSICIAN","4"
"PA","Physician Assistant","2080P0201X","PEDIATRIC ALLERGY/IMMUNOLOGY PHYSICIAN","4"
"PA","Physician Assistant","2084N0402X","NEUROLOGY WITH SPECIAL QUALIFICATIONS IN CHILD NEUROLOGY PHYSICIAN","4"
"PA","Physician Assistant","2084P0802X","ADDICTION PSYCHIATRY PHYSICIAN","4"
"PA","Physician Assistant","2084S0012X","SLEEP MEDICINE (PSYCHIATRY & NEUROLOGY) PHYSICIAN","4"
"PA","Physician Assistant","2085P0229X","PEDIATRIC RADIOLOGY PHYSICIAN","4"
"PA","Physician Assistant","2088F0040X","UROGYNECOLOGY AND RECONSTRUCTIVE PELVIC SURGERY (UROLOGY) PHYSICIAN","4"
"PA-C","Physician Assistant Certified","207RT0003X","TRANSPLANT HEPATOLOGY PHYSICIAN","4"
"PA-C","Physician Assistant Certified","207YX0905X","OTOLARYNGOLOGY/FACIAL PLASTIC SURGERY PHYSICIAN","4"
"PA-C","Physician Assistant Certified","2082S0099X","PLASTIC SURGERY WITHIN THE HEAD AND NECK (PLASTIC SURGERY) PHYSICIAN","4"
"PA-C","Physician Assistant Certified","2084B0040X","BEHAVIORAL NEUROLOGY & NEUROPSYCHIATRY PHYSICIAN","4"
"PA-C","Physician Assistant Certified","2084P0805X","GERIATRIC PSYCHIATRY PHYSICIAN","4"
"PA-C","Physician Assistant Certified","2085B0100X","BODY IMAGING PHYSICIAN","4"
"PA-C","Physician Assistant Certified","2085P0229X","PEDIATRIC RADIOLOGY PHYSICIAN","4"
"PA-C","Physician Assistant Certified","2085R0001X","RADIATION ONCOLOGY PHYSICIAN","4"
"PAC","Physician Assistant Certified","207K00000X","ALLERGY & IMMUNOLOGY PHYSICIAN","4"
"PAC","Physician Assistant Certified","207L00000X","ANESTHESIOLOGY PHYSICIAN","4"
"PAC","Physician Assistant Certified","207RI0011X","INTERVENTIONAL CARDIOLOGY PHYSICIAN","4"
"PAC","Physician Assistant Certified","2085R0204X","VASCULAR & INTERVENTIONAL RADIOLOGY PHYSICIAN","4"
"PHD","Doctor of Philosophy","207L00000X","ANESTHESIOLOGY PHYSICIAN","4"
"PHD","Doctor of Philosophy","207RC0000X","CARDIOVASCULAR DISEASE PHYSICIAN","4"
"PHD","Doctor of Philosophy","207RP1001X","PULMONARY DISEASE PHYSICIAN","4"
"PHD","Doctor of Philosophy","207RS0012X","SLEEP MEDICINE (INTERNAL MEDICINE) PHYSICIAN","4"
"PHD","Doctor of Philosophy","207V00000X","OBSTETRICS & GYNECOLOGY PHYSICIAN","4"
"PHD","Doctor of Philosophy","207Y00000X","OTOLARYNGOLOGY PHYSICIAN","4"
"PHD","Doctor of Philosophy","207ZP0102X","ANATOMIC PATHOLOGY & CLINICAL PATHOLOGY PHYSICIAN","4"
"PHD","Doctor of Philosophy","2085R0203X","THERAPEUTIC RADIOLOGY PHYSICIAN","4"
"PHD","Doctor of Philosophy","208600000X","SURGERY PHYSICIAN","4"
"PMHNP","Psychiatric Mental Health Nurse Practitioner","207R00000X","INTERNAL MEDICINE PHYSICIAN","4"
"PMHNP","Psychiatric Mental Health Nurse Practitioner","2084N0400X","NEUROLOGY PHYSICIAN","4"
"PMHNP-BC","Psychiatric Mental Health Nurse Practitioner Board Certified","208000000X","PEDIATRICS PHYSICIAN","4"
"PNP","Pediatric Nurse Practitioner","2084N0400X","NEUROLOGY PHYSICIAN","4"
"PNP","Pediatric Nurse Practitioner","2084N0402X","NEUROLOGY WITH SPECIAL QUALIFICATIONS IN CHILD NEUROLOGY PHYSICIAN","4"
"PSYCHOLOGIST","Psychologist","2084P0800X","PSYCHIATRY PHYSICIAN","4"
"PT","Physical Therapist","2080P0008X","PEDIATRIC NEURODEVELOPMENTAL DISABILITIES PHYSICIAN","4"
"PT","Physical Therapist","2081H0002X","HOSPICE AND PALLIATIVE MEDICINE (PHYSICAL MEDICINE & REHABILITATION) PHYSICIAN","4"
"PT","Physical Therapist","2084N0400X","NEUROLOGY PHYSICIAN","4"
"PharmD","Doctor of Pharmacy","207RE0101X","ENDOCRINOLOGY, DIABETES & METABOLISM PHYSICIAN","4"
"RD","Registered Dietitian","2080P0205X","PEDIATRIC ENDOCRINOLOGY PHYSICIAN","4"
"RN","Registered Nurse","207K00000X","ALLERGY & IMMUNOLOGY PHYSICIAN","4"
"RN","Registered Nurse","207QH0002X","HOSPICE AND PALLIATIVE MEDICINE (FAMILY MEDICINE) PHYSICIAN","4"
"RN","Registered Nurse","207RH0002X","HOSPICE AND PALLIATIVE MEDICINE (INTERNAL MEDICINE) PHYSICIAN","4"
"RN","Registered Nurse","207RI0200X","INFECTIOUS DISEASE PHYSICIAN","4"
"RN","Registered Nurse","207VE0102X","REPRODUCTIVE ENDOCRINOLOGY PHYSICIAN","4"
"RN","Registered Nurse","2080A0000X","PEDIATRIC ADOLESCENT MEDICINE PHYSICIAN","4"
"RN","Registered Nurse","2080P0203X","PEDIATRIC CRITICAL CARE MEDICINE PHYSICIAN","4"
"RN","Registered Nurse","2086S0102X","SURGICAL CRITICAL CARE PHYSICIAN","4"
"RN","Registered Nurse","2086S0127X","TRAUMA SURGERY PHYSICIAN","4"
"RN","Registered Nurse","2086S0129X","VASCULAR SURGERY PHYSICIAN","4"
"RNFA","Registered Nurse First Assistant","207X00000X","ORTHOPAEDIC SURGERY PHYSICIAN","4"
"RNP","Registered Nurse Practitioner","207Q00000X","FAMILY MEDICINE PHYSICIAN","4"
"RNP","Registered Nurse Practitioner","207V00000X","OBSTETRICS & GYNECOLOGY PHYSICIAN","4"
"RPA-C","Registered Physician Assistant Certified","207X00000X","ORTHOPAEDIC SURGERY PHYSICIAN","4"
"RPA-C","Registered Physician Assistant Certified","208M00000X","HOSPITALIST PHYSICIAN","4"
"SLP","Speech-Language Pathologist","2081P0010X","PEDIATRIC REHABILITATION MEDICINE PHYSICIAN","4"
"STUDENT","Student","207P00000X","EMERGENCY MEDICINE PHYSICIAN","4"
"WHNP","Womens Health Nurse Practitioner","207Q00000X","FAMILY MEDICINE PHYSICIAN","4"
"WHNP-BC","Womens Health Nurse Practitioner Board Certified","207VE0102X","REPRODUCTIVE ENDOCRINOLOGY PHYSICIAN","4"
"ACNP","Acute Care Nurse Practitioner","207T00000X","NEUROLOGICAL SURGERY PHYSICIAN","3"
"ACNP","Acute Care Nurse Practitioner","207X00000X","ORTHOPAEDIC SURGERY PHYSICIAN","3"
"ACNP","Acute Care Nurse Practitioner","2084N0400X","NEUROLOGY PHYSICIAN","3"
"ACNP","Acute Care Nurse Practitioner","208600000X","SURGERY PHYSICIAN","3"
"ACNP-BC","Acute Care Nurse Practitioner Board Certified","2084P0800X","PSYCHIATRY PHYSICIAN","3"
"ACNPC-AG","Acute Care Nurse Practitioner Certified (Adult-Gerontology)","207RC0000X","CARDIOVASCULAR DISEASE PHYSICIAN","3"
"ACNPC-AG","Acute Care Nurse Practitioner Certified (Adult-Gerontology)","207RC0200X","CRITICAL CARE MEDICINE (INTERNAL MEDICINE) PHYSICIAN","3"
"ACNPC-AG","Acute Care Nurse Practitioner Certified (Adult-Gerontology)","208600000X","SURGERY PHYSICIAN","3"
"ACNPC-AG","Acute Care Nurse Practitioner Certified (Adult-Gerontology)","208G00000X","THORACIC SURGERY (CARDIOTHORACIC VASCULAR SURGERY) PHYSICIAN","3"
"ACNS-BC","Adult Health Clinical Nurse Specialist","207RC0000X","CARDIOVASCULAR DISEASE PHYSICIAN","3"
"ACNS-BC","Adult Health Clinical Nurse Specialist","208VP0000X","PAIN MEDICINE PHYSICIAN","3"
"AG-ACNP","Adult Gerontology - Acute Care Nurse Practitioner","207RE0101X","ENDOCRINOLOGY, DIABETES & METABOLISM PHYSICIAN","3"
"AG-ACNP","Adult Gerontology - Acute Care Nurse Practitioner","207RN0300X","NEPHROLOGY PHYSICIAN","3"
"AG-ACNP","Adult Gerontology - Acute Care Nurse Practitioner","2084N0400X","NEUROLOGY PHYSICIAN","3"
"AGACNP-BC","Adult-Gerontology Acute Care Nurse Practitioner Board Certified","207Q00000X","FAMILY MEDICINE PHYSICIAN","3"
"AGACNP-BC","Adult-Gerontology Acute Care Nurse Practitioner Board Certified","207RC0001X","CLINICAL CARDIAC ELECTROPHYSIOLOGY PHYSICIAN","3"
"AGACNP-BC","Adult-Gerontology Acute Care Nurse Practitioner Board Certified","207RE0101X","ENDOCRINOLOGY, DIABETES & METABOLISM PHYSICIAN","3"
"AGACNP-BC","Adult-Gerontology Acute Care Nurse Practitioner Board Certified","2086S0102X","SURGICAL CRITICAL CARE PHYSICIAN","3"
"AGACNP-BC","Adult-Gerontology Acute Care Nurse Practitioner Board Certified","2086S0127X","TRAUMA SURGERY PHYSICIAN","3"
"AGNP","Adult-Gerontology Nurse Practitioner","207RC0000X","CARDIOVASCULAR DISEASE PHYSICIAN","3"
"AGNP","Adult-Gerontology Nurse Practitioner","207RG0300X","GERIATRIC MEDICINE (INTERNAL MEDICINE) PHYSICIAN","3"
"AGNP","Adult-Gerontology Nurse Practitioner","207RH0002X","HOSPICE AND PALLIATIVE MEDICINE (INTERNAL MEDICINE) PHYSICIAN","3"
"AGNP-C","Adult-Gerontology Primary Care Nurse Practitioner","207RC0000X","CARDIOVASCULAR DISEASE PHYSICIAN","3"
"AGNP-C","Adult-Gerontology Primary Care Nurse Practitioner","2084P0800X","PSYCHIATRY PHYSICIAN","3"
"AGPCNP","Adult Gerontology Primary Care Nurse Practitioner","208D00000X","GENERAL PRACTICE PHYSICIAN","3"
"ANP","Adult Nurse Practitioner","207RG0300X","GERIATRIC MEDICINE (INTERNAL MEDICINE) PHYSICIAN","3"
"ANP","Adult Nurse Practitioner","207RH0002X","HOSPICE AND PALLIATIVE MEDICINE (INTERNAL MEDICINE) PHYSICIAN","3"
"ANP","Adult Nurse Practitioner","207RI0200X","INFECTIOUS DISEASE PHYSICIAN","3"
"ANP","Adult Nurse Practitioner","2084N0400X","NEUROLOGY PHYSICIAN","3"
"ANP","Adult Nurse Practitioner","2084P0800X","PSYCHIATRY PHYSICIAN","3"
"ANP","Adult Nurse Practitioner","208D00000X","GENERAL PRACTICE PHYSICIAN","3"
"ANP","Adult Nurse Practitioner","208M00000X","HOSPITALIST PHYSICIAN","3"
"ANP-BC","Adult Nurse Practitioner Board Certified","207Q00000X","FAMILY MEDICINE PHYSICIAN","3"
"ANP-BC","Adult Nurse Practitioner Board Certified","207QA0505X","ADULT MEDICINE PHYSICIAN","3"
"ANP-BC","Adult Nurse Practitioner Board Certified","207R00000X","INTERNAL MEDICINE PHYSICIAN","3"
"ANP-BC","Adult Nurse Practitioner Board Certified","207RC0000X","CARDIOVASCULAR DISEASE PHYSICIAN","3"
"ANP-BC","Adult Nurse Practitioner Board Certified","2084N0400X","NEUROLOGY PHYSICIAN","3"
"APN","Advanced Practice Nurse","207K00000X","ALLERGY & IMMUNOLOGY PHYSICIAN","3"
"APN","Advanced Practice Nurse","207RG0100X","GASTROENTEROLOGY PHYSICIAN","3"
"APN","Advanced Practice Nurse","207RG0300X","GERIATRIC MEDICINE (INTERNAL MEDICINE) PHYSICIAN","3"
"APN","Advanced Practice Nurse","207RH0002X","HOSPICE AND PALLIATIVE MEDICINE (INTERNAL MEDICINE) PHYSICIAN","3"
"APN","Advanced Practice Nurse","207RH0003X","HEMATOLOGY & ONCOLOGY PHYSICIAN","3"
"APN","Advanced Practice Nurse","207RP1001X","PULMONARY DISEASE PHYSICIAN","3"
"APN","Advanced Practice Nurse","2080P0201X","PEDIATRIC ALLERGY/IMMUNOLOGY PHYSICIAN","3"
"APN","Advanced Practice Nurse","208100000X","PHYSICAL MEDICINE & REHABILITATION PHYSICIAN","3"
"APN","Advanced Practice Nurse","208G00000X","THORACIC SURGERY (CARDIOTHORACIC VASCULAR SURGERY) PHYSICIAN","3"
"APNP","Advanced Practice Nurse Practitioner","207QA0505X","ADULT MEDICINE PHYSICIAN","3"
"APNP","Advanced Practice Nurse Practitioner","207QG0300X","GERIATRIC MEDICINE (FAMILY MEDICINE) PHYSICIAN","3"
"APNP","Advanced Practice Nurse Practitioner","207VG0400X","GYNECOLOGY PHYSICIAN","3"
"APNP","Advanced Practice Nurse Practitioner","208M00000X","HOSPITALIST PHYSICIAN","3"
"APRN-CNP","Advanced Practice Registered Nurse - Certified Nurse Practitioner","207P00000X","EMERGENCY MEDICINE PHYSICIAN","3"
"APRN-CNP","Advanced Practice Registered Nurse - Certified Nurse Practitioner","207QA0401X","ADDICTION MEDICINE (FAMILY MEDICINE) PHYSICIAN","3"
"APRN-CNP","Advanced Practice Registered Nurse - Certified Nurse Practitioner","207RE0101X","ENDOCRINOLOGY, DIABETES & METABOLISM PHYSICIAN","3"
"APRN-CNP","Advanced Practice Registered Nurse - Certified Nurse Practitioner","207RI0200X","INFECTIOUS DISEASE PHYSICIAN","3"
"ARNP","Advanced Registered Nurse Practitioner","202D00000X","INTEGRATIVE MEDICINE PHYSICIAN","3"
"ARNP","Advanced Registered Nurse Practitioner","207LC0200X","CRITICAL CARE MEDICINE (ANESTHESIOLOGY) PHYSICIAN","3"
"ARNP","Advanced Registered Nurse Practitioner","207NS0135X","PROCEDURAL DERMATOLOGY PHYSICIAN","3"
"ARNP","Advanced Registered Nurse Practitioner","207RA0001X","ADVANCED HEART FAILURE AND TRANSPLANT CARDIOLOGY PHYSICIAN","3"
"ARNP","Advanced Registered Nurse Practitioner","207RG0300X","GERIATRIC MEDICINE (INTERNAL MEDICINE) PHYSICIAN","3"
"ARNP","Advanced Registered Nurse Practitioner","207RH0002X","HOSPICE AND PALLIATIVE MEDICINE (INTERNAL MEDICINE) PHYSICIAN","3"
"ARNP","Advanced Registered Nurse Practitioner","207RI0011X","INTERVENTIONAL CARDIOLOGY PHYSICIAN","3"
"ARNP","Advanced Registered Nurse Practitioner","2080P0203X","PEDIATRIC CRITICAL CARE MEDICINE PHYSICIAN","3"
"ARNP","Advanced Registered Nurse Practitioner","2084P0804X","CHILD & ADOLESCENT PSYCHIATRY PHYSICIAN","3"
"ARNP","Advanced Registered Nurse Practitioner","2086S0127X","TRAUMA SURGERY PHYSICIAN","3"
"ARNP","Advanced Registered Nurse Practitioner","208G00000X","THORACIC SURGERY (CARDIOTHORACIC VASCULAR SURGERY) PHYSICIAN","3"
"ARNP","Advanced Registered Nurse Practitioner","208VP0000X","PAIN MEDICINE PHYSICIAN","3"
"AT","Athletic Trainer","208100000X","PHYSICAL MEDICINE & REHABILITATION PHYSICIAN","3"
"AuD","Doctor of Audiology","207R00000X","INTERNAL MEDICINE PHYSICIAN","3"
"AuD","Doctor of Audiology","2084N0600X","CLINICAL NEUROPHYSIOLOGY PHYSICIAN","3"
"BA","Bachelor of Arts","2084P0804X","CHILD & ADOLESCENT PSYCHIATRY PHYSICIAN","3"
"BA","Bachelor of Arts","208800000X","UROLOGY PHYSICIAN","3"
"BC-ADM","Board Certified-Advanced Diabetes Management","207RE0101X","ENDOCRINOLOGY, DIABETES & METABOLISM PHYSICIAN","3"
"BS","Bachelor of Science","208VP0000X","PAIN MEDICINE PHYSICIAN","3"
"BSN","Bachelor of Science in Nursing","2085R0204X","VASCULAR & INTERVENTIONAL RADIOLOGY PHYSICIAN","3"
"BSN","Bachelor of Science in Nursing","208600000X","SURGERY PHYSICIAN","3"
"BSN","Bachelor of Science in Nursing","208M00000X","HOSPITALIST PHYSICIAN","3"
"CA","Certified Acupuncturist","208D00000X","GENERAL PRACTICE PHYSICIAN","3"
"CA","Certified Acupuncturist","208VP0000X","PAIN MEDICINE PHYSICIAN","3"
"CCC-SLP","Certificate of Clinical Competence in Speech-Language Pathology","207Y00000X","OTOLARYNGOLOGY PHYSICIAN","3"
"CCP","Certified Clinical Perfusionist","208600000X","SURGERY PHYSICIAN","3"
"CDCES","Certified Diabetes Care and Education Specialist","207RE0101X","ENDOCRINOLOGY, DIABETES & METABOLISM PHYSICIAN","3"
"CFNP","Certified Family Nurse Practitioner","207RC0000X","CARDIOVASCULAR DISEASE PHYSICIAN","3"
"CGC","Certified Genetic Counselor","207RX0202X","MEDICAL ONCOLOGY PHYSICIAN","3"
"CMA","Certified Medical Assistant","2083P0901X","PUBLIC HEALTH & GENERAL PREVENTIVE MEDICINE PHYSICIAN","3"
"CMA","Certified Medical Assistant","208D00000X","GENERAL PRACTICE PHYSICIAN","3"
"CNA","Certified Nursing Assistant","207Q00000X","FAMILY MEDICINE PHYSICIAN","3"
"CNM","Certified Nurse Midwife","207VM0101X","MATERNAL & FETAL MEDICINE PHYSICIAN","3"
"CNM","Certified Nurse Midwife","208D00000X","GENERAL PRACTICE PHYSICIAN","3"
"CNM","Certified Nurse Midwife","208M00000X","HOSPITALIST PHYSICIAN","3"
"CNP","Certified Nurse Practitioner","204F00000X","TRANSPLANT SURGERY PHYSICIAN","3"
"CNP","Certified Nurse Practitioner","207RA0401X","ADDICTION MEDICINE (INTERNAL MEDICINE) PHYSICIAN","3"
"CNP","Certified Nurse Practitioner","207RR0500X","RHEUMATOLOGY PHYSICIAN","3"
"CNP","Certified Nurse Practitioner","207Y00000X","OTOLARYNGOLOGY PHYSICIAN","3"
"CNP","Certified Nurse Practitioner","2080P0207X","PEDIATRIC HEMATOLOGY & ONCOLOGY PHYSICIAN","3"
"CNP","Certified Nurse Practitioner","2084A0401X","ADDICTION MEDICINE (PSYCHIATRY & NEUROLOGY) PHYSICIAN","3"
"CNS","Certified Nurse Specialist","207P00000X","EMERGENCY MEDICINE PHYSICIAN","3"
"CNS","Certified Nurse Specialist","207RG0100X","GASTROENTEROLOGY PHYSICIAN","3"
"CNS","Certified Nurse Specialist","207RH0002X","HOSPICE AND PALLIATIVE MEDICINE (INTERNAL MEDICINE) PHYSICIAN","3"
"CNS","Certified Nurse Specialist","207RN0300X","NEPHROLOGY PHYSICIAN","3"
"CNS","Certified Nurse Specialist","208000000X","PEDIATRICS PHYSICIAN","3"
"COTA","Certified Occupational Therapy Assistant","2080P0006X","DEVELOPMENTAL - BEHAVIORAL PEDIATRICS PHYSICIAN","3"
"COTA","Certified Occupational Therapy Assistant","2080P0008X","PEDIATRIC NEURODEVELOPMENTAL DISABILITIES PHYSICIAN","3"
"COTA/L","Certified Occupational Therapy Assistant Licensed","2080P0006X","DEVELOPMENTAL - BEHAVIORAL PEDIATRICS PHYSICIAN","3"
"CPNP","Certified Pediatric Nurse Practitioner","2080P0214X","PEDIATRIC PULMONOLOGY PHYSICIAN","3"
"CPNP","Certified Pediatric Nurse Practitioner","2084N0400X","NEUROLOGY PHYSICIAN","3"
"CPNP-PC","Certified Pediatric Nurse Practitioner Primary Care","207Q00000X","FAMILY MEDICINE PHYSICIAN","3"
"CPNP-PC","Certified Pediatric Nurse Practitioner Primary Care","2080P0201X","PEDIATRIC ALLERGY/IMMUNOLOGY PHYSICIAN","3"
"CPNP-PC","Certified Pediatric Nurse Practitioner Primary Care","2080P0207X","PEDIATRIC HEMATOLOGY & ONCOLOGY PHYSICIAN","3"
"CPNP-PC","Certified Pediatric Nurse Practitioner Primary Care","2080P0214X","PEDIATRIC PULMONOLOGY PHYSICIAN","3"
"CPNP-PC","Certified Pediatric Nurse Practitioner Primary Care","2084P0800X","PSYCHIATRY PHYSICIAN","3"
"CRNA","Certified Registered Nurse Anesthetist","2084P0800X","PSYCHIATRY PHYSICIAN","3"
"CRNFA","Certified Registered Nurse First Assistant","207R00000X","INTERNAL MEDICINE PHYSICIAN","3"
"CRNP","Certified Registered Nurse Practitioner","207PE0004X","EMERGENCY MEDICAL SERVICES (EMERGENCY MEDICINE) PHYSICIAN","3"
"CRNP","Certified Registered Nurse Practitioner","207PP0204X","PEDIATRIC EMERGENCY MEDICINE (EMERGENCY MEDICINE) PHYSICIAN","3"
"CRNP","Certified Registered Nurse Practitioner","207QA0000X","ADOLESCENT MEDICINE (FAMILY MEDICINE) PHYSICIAN","3"
"CRNP","Certified Registered Nurse Practitioner","207QA0401X","ADDICTION MEDICINE (FAMILY MEDICINE) PHYSICIAN","3"
"CRNP","Certified Registered Nurse Practitioner","207RA0001X","ADVANCED HEART FAILURE AND TRANSPLANT CARDIOLOGY PHYSICIAN","3"
"CRNP","Certified Registered Nurse Practitioner","207RH0000X","HEMATOLOGY (INTERNAL MEDICINE) PHYSICIAN","3"
"CRNP","Certified Registered Nurse Practitioner","207VG0400X","GYNECOLOGY PHYSICIAN","3"
"CRNP","Certified Registered Nurse Practitioner","207YP0228X","PEDIATRIC OTOLARYNGOLOGY PHYSICIAN","3"
"CRNP","Certified Registered Nurse Practitioner","2080P0214X","PEDIATRIC PULMONOLOGY PHYSICIAN","3"
"CRNP","Certified Registered Nurse Practitioner","2083X0100X","OCCUPATIONAL MEDICINE PHYSICIAN","3"
"CRNP","Certified Registered Nurse Practitioner","208VP0014X","INTERVENTIONAL PAIN MEDICINE PHYSICIAN","3"
"CSFA","Certified School Food Administrator","207T00000X","NEUROLOGICAL SURGERY PHYSICIAN","3"
"CSW","Clinical Social Worker","207P00000X","EMERGENCY MEDICINE PHYSICIAN","3"
"CSW","Clinical Social Worker","208000000X","PEDIATRICS PHYSICIAN","3"
"CT","Computed Tomography Technologist","2085R0202X","DIAGNOSTIC RADIOLOGY PHYSICIAN","3"
"CTRS","Certified Therapeutic Recreation Specialist","208100000X","PHYSICAL MEDICINE & REHABILITATION PHYSICIAN","3"
"DC","Doctor of Chiropractic","2081S0010X","SPORTS MEDICINE (PHYSICAL MEDICINE & REHABILITATION) PHYSICIAN","3"
"DC","Doctor of Chiropractic","208VP0000X","PAIN MEDICINE PHYSICIAN","3"
"DDS","Doctor of Dental Surgery","208VP0000X","PAIN MEDICINE PHYSICIAN","3"
"DMD","Doctor of Medicine in Dentistry","207ZP0102X","ANATOMIC PATHOLOGY & CLINICAL PATHOLOGY PHYSICIAN","3"
"DMD","Doctor of Medicine in Dentistry","208VP0000X","PAIN MEDICINE PHYSICIAN","3"
"DNP","Doctor of Nursing Practice","207LP3000X","PEDIATRIC ANESTHESIOLOGY PHYSICIAN","3"
"DNP","Doctor of Nursing Practice","207QB0002X","OBESITY MEDICINE (FAMILY MEDICINE) PHYSICIAN","3"
"DNP","Doctor of Nursing Practice","207VG0400X","GYNECOLOGY PHYSICIAN","3"
"DNP","Doctor of Nursing Practice","2080C0008X","CHILD ABUSE PEDIATRICS PHYSICIAN","3"
"DNP","Doctor of Nursing Practice","2080P0204X","PEDIATRIC EMERGENCY MEDICINE (PEDIATRICS) PHYSICIAN","3"
"DNP","Doctor of Nursing Practice","208200000X","PLASTIC SURGERY PHYSICIAN","3"
"DNP","Doctor of Nursing Practice","2085R0001X","RADIATION ONCOLOGY PHYSICIAN","3"
"DNP","Doctor of Nursing Practice","2086S0127X","TRAUMA SURGERY PHYSICIAN","3"
"DNP","Doctor of Nursing Practice","2086S0129X","VASCULAR SURGERY PHYSICIAN","3"
"DPM","Doctor of Podiatric Medicine","207PE0005X","UNDERSEA AND HYPERBARIC MEDICINE (EMERGENCY MEDICINE) PHYSICIAN","3"
"DPM","Doctor of Podiatric Medicine","2083P0011X","UNDERSEA AND HYPERBARIC MEDICINE (PREVENTIVE MEDICINE) PHYSICIAN","3"
"DPM","Doctor of Podiatric Medicine","2086S0122X","PLASTIC AND RECONSTRUCTIVE SURGERY PHYSICIAN","3"
"DPT","Doctor of Physical Therapy","204C00000X","SPORTS MEDICINE (NEUROMUSCULOSKELETAL MEDICINE) PHYSICIAN","3"
"DPT","Doctor of Physical Therapy","204D00000X","NEUROMUSCULOSKELETAL MEDICINE & OMM PHYSICIAN","3"
"DPT","Doctor of Physical Therapy","207X00000X","ORTHOPAEDIC SURGERY PHYSICIAN","3"
"DPT","Doctor of Physical Therapy","2080P0006X","DEVELOPMENTAL - BEHAVIORAL PEDIATRICS PHYSICIAN","3"
"DVM","Doctor of Veterinary Medicine","207T00000X","NEUROLOGICAL SURGERY PHYSICIAN","3"
"FNP","Family Nurse Practitioner","207PE0005X","UNDERSEA AND HYPERBARIC MEDICINE (EMERGENCY MEDICINE) PHYSICIAN","3"
"FNP","Family Nurse Practitioner","207QS0010X","SPORTS MEDICINE (FAMILY MEDICINE) PHYSICIAN","3"
"FNP","Family Nurse Practitioner","207RA0001X","ADVANCED HEART FAILURE AND TRANSPLANT CARDIOLOGY PHYSICIAN","3"
"FNP","Family Nurse Practitioner","207RI0008X","HEPATOLOGY PHYSICIAN","3"
"FNP","Family Nurse Practitioner","2080C0008X","CHILD ABUSE PEDIATRICS PHYSICIAN","3"
"FNP","Family Nurse Practitioner","2080P0205X","PEDIATRIC ENDOCRINOLOGY PHYSICIAN","3"
"FNP","Family Nurse Practitioner","208200000X","PLASTIC SURGERY PHYSICIAN","3"
"FNP","Family Nurse Practitioner","2083A0300X","ADDICTION MEDICINE (PREVENTIVE MEDICINE) PHYSICIAN","3"
"FNP","Family Nurse Practitioner","2083X0100X","OCCUPATIONAL MEDICINE PHYSICIAN","3"
"FNP","Family Nurse Practitioner","2085R0204X","VASCULAR & INTERVENTIONAL RADIOLOGY PHYSICIAN","3"
"FNP-BC","Family Nurse Practitioner Board Certified","202D00000X","INTEGRATIVE MEDICINE PHYSICIAN","3"
"FNP-BC","Family Nurse Practitioner Board Certified","207QA0000X","ADOLESCENT MEDICINE (FAMILY MEDICINE) PHYSICIAN","3"
"FNP-BC","Family Nurse Practitioner Board Certified","207RH0002X","HOSPICE AND PALLIATIVE MEDICINE (INTERNAL MEDICINE) PHYSICIAN","3"
"FNP-BC","Family Nurse Practitioner Board Certified","207RI0011X","INTERVENTIONAL CARDIOLOGY PHYSICIAN","3"
"FNP-BC","Family Nurse Practitioner Board Certified","207RI0200X","INFECTIOUS DISEASE PHYSICIAN","3"
"FNP-BC","Family Nurse Practitioner Board Certified","207RX0202X","MEDICAL ONCOLOGY PHYSICIAN","3"
"FNP-BC","Family Nurse Practitioner Board Certified","207XX0005X","SPORTS MEDICINE (ORTHOPAEDIC SURGERY) PHYSICIAN","3"
"FNP-BC","Family Nurse Practitioner Board Certified","207Y00000X","OTOLARYNGOLOGY PHYSICIAN","3"
"FNP-BC","Family Nurse Practitioner Board Certified","2080P0204X","PEDIATRIC EMERGENCY MEDICINE (PEDIATRICS) PHYSICIAN","3"
"FNP-BC","Family Nurse Practitioner Board Certified","2083P0011X","UNDERSEA AND HYPERBARIC MEDICINE (PREVENTIVE MEDICINE) PHYSICIAN","3"
"FNP-BC","Family Nurse Practitioner Board Certified","2083P0901X","PUBLIC HEALTH & GENERAL PREVENTIVE MEDICINE PHYSICIAN","3"
"FNP-BC","Family Nurse Practitioner Board Certified","2083X0100X","OCCUPATIONAL MEDICINE PHYSICIAN","3"
"FNP-C","Family Nurse Practitioner","207K00000X","ALLERGY & IMMUNOLOGY PHYSICIAN","3"
"FNP-C","Family Nurse Practitioner","207VE0102X","REPRODUCTIVE ENDOCRINOLOGY PHYSICIAN","3"
"FNP-C","Family Nurse Practitioner","2080P0207X","PEDIATRIC HEMATOLOGY & ONCOLOGY PHYSICIAN","3"
"FNP-C","Family Nurse Practitioner","2081P2900X","PAIN MEDICINE (PHYSICAL MEDICINE & REHABILITATION) PHYSICIAN","3"
"FNP-C","Family Nurse Practitioner","2085R0001X","RADIATION ONCOLOGY PHYSICIAN","3"
"FNP-C","Family Nurse Practitioner","2085R0202X","DIAGNOSTIC RADIOLOGY PHYSICIAN","3"
"FNP-C","Family Nurse Practitioner","2086S0120X","PEDIATRIC SURGERY PHYSICIAN","3"
"FNP-C","Family Nurse Practitioner","2086S0129X","VASCULAR SURGERY PHYSICIAN","3"
"GNP","Gerontological Nurse Practitioner","207R00000X","INTERNAL MEDICINE PHYSICIAN","3"
"LAC","Licensed Acupuncturist","208VP0000X","PAIN MEDICINE PHYSICIAN","3"
"LCMHC","Licensed Clinical Mental Health Counselor","2084P0800X","PSYCHIATRY PHYSICIAN","3"
"LCPC","Licensed Clinical Professional Counselor","2084P0804X","CHILD & ADOLESCENT PSYCHIATRY PHYSICIAN","3"
"LCSW","Licensed Clinical Social Worker","208D00000X","GENERAL PRACTICE PHYSICIAN","3"
"LCSW-C","Licensed Clinical Social Worker - Clinical","2084P0804X","CHILD & ADOLESCENT PSYCHIATRY PHYSICIAN","3"
"LMP","Licensed Massage Practitioner","208100000X","PHYSICAL MEDICINE & REHABILITATION PHYSICIAN","3"
"LMT","Licensed Massage Therapist","2083P0901X","PUBLIC HEALTH & GENERAL PREVENTIVE MEDICINE PHYSICIAN","3"
"LPC","Licensed Professional Counselor","207Q00000X","FAMILY MEDICINE PHYSICIAN","3"
"LPC","Licensed Professional Counselor","207R00000X","INTERNAL MEDICINE PHYSICIAN","3"
"LPN","Licensed Practical Nurse","202C00000X","INDEPENDENT MEDICAL EXAMINER PHYSICIAN","3"
"LPN","Licensed Practical Nurse","207QG0300X","GERIATRIC MEDICINE (FAMILY MEDICINE) PHYSICIAN","3"
"LPN","Licensed Practical Nurse","2083A0300X","ADDICTION MEDICINE (PREVENTIVE MEDICINE) PHYSICIAN","3"
"LPN","Licensed Practical Nurse","2083X0100X","OCCUPATIONAL MEDICINE PHYSICIAN","3"
"LPN","Licensed Practical Nurse","208600000X","SURGERY PHYSICIAN","3"
"LPTA","Licensed Physical Therapist Assistant","2081N0008X","NEUROMUSCULAR MEDICINE (PHYSICAL MEDICINE & REHABILITATION) PHYSICIAN","3"
"LSW","Licensed Social Worker","207RI0011X","INTERVENTIONAL CARDIOLOGY PHYSICIAN","3"
"MA","Master of Arts","207N00000X","DERMATOLOGY PHYSICIAN","3"
"MA","Master of Arts","207QA0401X","ADDICTION MEDICINE (FAMILY MEDICINE) PHYSICIAN","3"
"MA","Master of Arts","2080P0006X","DEVELOPMENTAL - BEHAVIORAL PEDIATRICS PHYSICIAN","3"
"MA","Master of Arts","208100000X","PHYSICAL MEDICINE & REHABILITATION PHYSICIAN","3"
"MBA","Master of Business Administration","204E00000X","ORAL & MAXILLOFACIAL SURGERY (D.M.D.)","3"
"MBA","Master of Business Administration","207Q00000X","FAMILY MEDICINE PHYSICIAN","3"
"MED","Master of Education","207Q00000X","FAMILY MEDICINE PHYSICIAN","3"
"MHC","Mental Health Counselor","2080P0006X","DEVELOPMENTAL - BEHAVIORAL PEDIATRICS PHYSICIAN","3"
"MOT","Master of Occupational Therapy","208000000X","PEDIATRICS PHYSICIAN","3"
"MOT","Master of Occupational Therapy","2083X0100X","OCCUPATIONAL MEDICINE PHYSICIAN","3"
"MPAS","Master of Physician Assistant Studies","207R00000X","INTERNAL MEDICINE PHYSICIAN","3"
"MPAS","Master of Physician Assistant Studies","207RI0011X","INTERVENTIONAL CARDIOLOGY PHYSICIAN","3"
"MPAS","Master of Physician Assistant Studies","2084N0400X","NEUROLOGY PHYSICIAN","3"
"MPH","Master of Public Health","207P00000X","EMERGENCY MEDICINE PHYSICIAN","3"
"MPH","Master of Public Health","207V00000X","OBSTETRICS & GYNECOLOGY PHYSICIAN","3"
"MPH","Master of Public Health","2084P0800X","PSYCHIATRY PHYSICIAN","3"
"MPT","Master of Physical Therapy","2081N0008X","NEUROMUSCULAR MEDICINE (PHYSICAL MEDICINE & REHABILITATION) PHYSICIAN","3"
"MPT","Master of Physical Therapy","2081P0010X","PEDIATRIC REHABILITATION MEDICINE PHYSICIAN","3"
"MS","Master of Science","202D00000X","INTEGRATIVE MEDICINE PHYSICIAN","3"
"MS","Master of Science","207QA0401X","ADDICTION MEDICINE (FAMILY MEDICINE) PHYSICIAN","3"
"MS","Master of Science","207RR0500X","RHEUMATOLOGY PHYSICIAN","3"
"MS","Master of Science","207RX0202X","MEDICAL ONCOLOGY PHYSICIAN","3"
"MS","Master of Science","207T00000X","NEUROLOGICAL SURGERY PHYSICIAN","3"
"MS","Master of Science","207W00000X","OPHTHALMOLOGY PHYSICIAN","3"
"MS","Master of Science","2080P0207X","PEDIATRIC HEMATOLOGY & ONCOLOGY PHYSICIAN","3"
"MS","Master of Science","2084B0040X","BEHAVIORAL NEUROLOGY & NEUROPSYCHIATRY PHYSICIAN","3"
"MS","Master of Science","2084P0804X","CHILD & ADOLESCENT PSYCHIATRY PHYSICIAN","3"
"MS","Master of Science","2086X0206X","SURGICAL ONCOLOGY PHYSICIAN","3"
"MS","Master of Science","208800000X","UROLOGY PHYSICIAN","3"
"MS","Master of Science","208G00000X","THORACIC SURGERY (CARDIOTHORACIC VASCULAR SURGERY) PHYSICIAN","3"
"MS","Master of Science","208M00000X","HOSPITALIST PHYSICIAN","3"
"MSN","Master of Science in Nursing","207LC0200X","CRITICAL CARE MEDICINE (ANESTHESIOLOGY) PHYSICIAN","3"
"MSN","Master of Science in Nursing","207LP2900X","PAIN MEDICINE (ANESTHESIOLOGY) PHYSICIAN","3"
"MSN","Master of Science in Nursing","207RA0001X","ADVANCED HEART FAILURE AND TRANSPLANT CARDIOLOGY PHYSICIAN","3"
"MSN","Master of Science in Nursing","207RH0002X","HOSPICE AND PALLIATIVE MEDICINE (INTERNAL MEDICINE) PHYSICIAN","3"
"MSN","Master of Science in Nursing","207RI0011X","INTERVENTIONAL CARDIOLOGY PHYSICIAN","3"
"MSN","Master of Science in Nursing","207RP1001X","PULMONARY DISEASE PHYSICIAN","3"
"MSN","Master of Science in Nursing","207VM0101X","MATERNAL & FETAL MEDICINE PHYSICIAN","3"
"MSN","Master of Science in Nursing","2080P0006X","DEVELOPMENTAL - BEHAVIORAL PEDIATRICS PHYSICIAN","3"
"MSN","Master of Science in Nursing","2080P0214X","PEDIATRIC PULMONOLOGY PHYSICIAN","3"
"MSN","Master of Science in Nursing","208200000X","PLASTIC SURGERY PHYSICIAN","3"
"MSW","Master of Social Work","207Q00000X","FAMILY MEDICINE PHYSICIAN","3"
"MSW","Master of Social Work","2080P0006X","DEVELOPMENTAL - BEHAVIORAL PEDIATRICS PHYSICIAN","3"
"MSW","Master of Social Work","2084P0802X","ADDICTION PSYCHIATRY PHYSICIAN","3"
"MSW","Master of Social Work","208M00000X","HOSPITALIST PHYSICIAN","3"
"ND","Doctor of Naturopathic Medicine","2083P0500X","PREVENTIVE MEDICINE/OCCUPATIONAL ENVIRONMENTAL MEDICINE PHYSICIAN","3"
"ND","Doctor of Naturopathic Medicine","2083S0010X","SPORTS MEDICINE (PREVENTIVE MEDICINE) PHYSICIAN","3"
"NMD","Doctor of Naturopathic Medicine","207QA0505X","ADULT MEDICINE PHYSICIAN","3"
"NNP","Neonatal Nurse Practitioner","207Q00000X","FAMILY MEDICINE PHYSICIAN","3"
"NP","Nurse Practitioner","202K00000X","PHLEBOLOGY PHYSICIAN","3"
"NP","Nurse Practitioner","204C00000X","SPORTS MEDICINE (NEUROMUSCULOSKELETAL MEDICINE) PHYSICIAN","3"
"NP","Nurse Practitioner","204E00000X","ORAL & MAXILLOFACIAL SURGERY (D.M.D.)","3"
"NP","Nurse Practitioner","207ND0900X","DERMATOPATHOLOGY PHYSICIAN","3"
"NP","Nurse Practitioner","207SG0201X","CLINICAL GENETICS (M.D.) PHYSICIAN","3"
"NP","Nurse Practitioner","2081P0004X","SPINAL CORD INJURY MEDICINE PHYSICIAN","3"
"NP","Nurse Practitioner","2081S0010X","SPORTS MEDICINE (PHYSICAL MEDICINE & REHABILITATION) PHYSICIAN","3"
"NP","Nurse Practitioner","2082S0099X","PLASTIC SURGERY WITHIN THE HEAD AND NECK (PLASTIC SURGERY) PHYSICIAN","3"
"NP","Nurse Practitioner","2084H0002X","HOSPICE AND PALLIATIVE MEDICINE (PSYCHIATRY & NEUROLOGY) PHYSICIAN","3"
"NP","Nurse Practitioner","2084N0600X","CLINICAL NEUROPHYSIOLOGY PHYSICIAN","3"
"NP","Nurse Practitioner","2084S0012X","SLEEP MEDICINE (PSYCHIATRY & NEUROLOGY) PHYSICIAN","3"
"NP","Nurse Practitioner","2085B0100X","BODY IMAGING PHYSICIAN","3"
"NP","Nurse Practitioner","2085N0700X","NEURORADIOLOGY PHYSICIAN","3"
"NP","Nurse Practitioner","2085U0001X","DIAGNOSTIC ULTRASOUND PHYSICIAN","3"
"NP-C","Nurse Practitioner Certified","202D00000X","INTEGRATIVE MEDICINE PHYSICIAN","3"
"NP-C","Nurse Practitioner Certified","207K00000X","ALLERGY & IMMUNOLOGY PHYSICIAN","3"
"NP-C","Nurse Practitioner Certified","207PE0004X","EMERGENCY MEDICAL SERVICES (EMERGENCY MEDICINE) PHYSICIAN","3"
"NP-C","Nurse Practitioner Certified","207QS1201X","SLEEP MEDICINE (FAMILY MEDICINE) PHYSICIAN","3"
"NP-C","Nurse Practitioner Certified","207RP1001X","PULMONARY DISEASE PHYSICIAN","3"
"NP-C","Nurse Practitioner Certified","207RS0010X","SPORTS MEDICINE (INTERNAL MEDICINE) PHYSICIAN","3"
"NP-C","Nurse Practitioner Certified","207RS0012X","SLEEP MEDICINE (INTERNAL MEDICINE) PHYSICIAN","3"
"NP-C","Nurse Practitioner Certified","207RX0202X","MEDICAL ONCOLOGY PHYSICIAN","3"
"NP-C","Nurse Practitioner Certified","2083P0011X","UNDERSEA AND HYPERBARIC MEDICINE (PREVENTIVE MEDICINE) PHYSICIAN","3"
"NP-C","Nurse Practitioner Certified","2083X0100X","OCCUPATIONAL MEDICINE PHYSICIAN","3"
"NP-C","Nurse Practitioner Certified","2085R0202X","DIAGNOSTIC RADIOLOGY PHYSICIAN","3"
"NP-C","Nurse Practitioner Certified","2086S0129X","VASCULAR SURGERY PHYSICIAN","3"
"NP-C","Nurse Practitioner Certified","208800000X","UROLOGY PHYSICIAN","3"
"NP-C","Nurse Practitioner Certified","208G00000X","THORACIC SURGERY (CARDIOTHORACIC VASCULAR SURGERY) PHYSICIAN","3"
"NPC","Nurse Practitioner Certified","207RC0000X","CARDIOVASCULAR DISEASE PHYSICIAN","3"
"NURSE","Nurse","207K00000X","ALLERGY & IMMUNOLOGY PHYSICIAN","3"
"NURSE","Nurse","207QS1201X","SLEEP MEDICINE (FAMILY MEDICINE) PHYSICIAN","3"
"NURSE","Nurse","207RC0200X","CRITICAL CARE MEDICINE (INTERNAL MEDICINE) PHYSICIAN","3"
"NURSE","Nurse","2080A0000X","PEDIATRIC ADOLESCENT MEDICINE PHYSICIAN","3"
"NURSE","Nurse","208800000X","UROLOGY PHYSICIAN","3"
"NURSE","Nurse","208D00000X","GENERAL PRACTICE PHYSICIAN","3"
"OCN","Oncology Certified Nurse","207RX0202X","MEDICAL ONCOLOGY PHYSICIAN","3"
"OT","Occupational Therapist","207X00000X","ORTHOPAEDIC SURGERY PHYSICIAN","3"
"OT","Occupational Therapist","2080P0006X","DEVELOPMENTAL - BEHAVIORAL PEDIATRICS PHYSICIAN","3"
"OTR","Occupational Therapist Registered","207R00000X","INTERNAL MEDICINE PHYSICIAN","3"
"OTR","Occupational Therapist Registered","2083P0500X","PREVENTIVE MEDICINE/OCCUPATIONAL ENVIRONMENTAL MEDICINE PHYSICIAN","3"
"PA","Physician Assistant","202C00000X","INDEPENDENT MEDICAL EXAMINER PHYSICIAN","3"
"PA","Physician Assistant","204D00000X","NEUROMUSCULOSKELETAL MEDICINE & OMM PHYSICIAN","3"
"PA","Physician Assistant","207WX0107X","RETINA SPECIALIST (OPHTHALMOLOGY) PHYSICIAN","3"
"PA","Physician Assistant","207YX0602X","OTOLARYNGIC ALLERGY PHYSICIAN","3"
"PA","Physician Assistant","2080P0006X","DEVELOPMENTAL - BEHAVIORAL PEDIATRICS PHYSICIAN","3"
"PA","Physician Assistant","2082S0099X","PLASTIC SURGERY WITHIN THE HEAD AND NECK (PLASTIC SURGERY) PHYSICIAN","3"
"PA","Physician Assistant","2083P0500X","PREVENTIVE MEDICINE/OCCUPATIONAL ENVIRONMENTAL MEDICINE PHYSICIAN","3"
"PA","Physician Assistant","2083S0010X","SPORTS MEDICINE (PREVENTIVE MEDICINE) PHYSICIAN","3"
"PA","Physician Assistant","2084V0102X","VASCULAR NEUROLOGY PHYSICIAN","3"
"PA","Physician Assistant","2085U0001X","DIAGNOSTIC ULTRASOUND PHYSICIAN","3"
"PA-C","Physician Assistant Certified","202C00000X","INDEPENDENT MEDICAL EXAMINER PHYSICIAN","3"
"PA-C","Physician Assistant Certified","202K00000X","PHLEBOLOGY PHYSICIAN","3"
"PA-C","Physician Assistant Certified","207NI0002X","CLINICAL & LABORATORY DERMATOLOGICAL IMMUNOLOGY PHYSICIAN","3"
"PA-C","Physician Assistant Certified","207QA0000X","ADOLESCENT MEDICINE (FAMILY MEDICINE) PHYSICIAN","3"
"PA-C","Physician Assistant Certified","207QS0010X","SPORTS MEDICINE (FAMILY MEDICINE) PHYSICIAN","3"
"PA-C","Physician Assistant Certified","207RH0000X","HEMATOLOGY (INTERNAL MEDICINE) PHYSICIAN","3"
"PA-C","Physician Assistant Certified","207XX0004X","ORTHOPAEDIC FOOT AND ANKLE SURGERY PHYSICIAN","3"
"PA-C","Physician Assistant Certified","207YX0007X","PLASTIC SURGERY WITHIN THE HEAD & NECK (OTOLARYNGOLOGY) PHYSICIAN","3"
"PA-C","Physician Assistant Certified","2080P0006X","DEVELOPMENTAL - BEHAVIORAL PEDIATRICS PHYSICIAN","3"
"PA-C","Physician Assistant Certified","2080P0205X","PEDIATRIC ENDOCRINOLOGY PHYSICIAN","3"
"PA-C","Physician Assistant Certified","2080S0010X","PEDIATRIC SPORTS MEDICINE PHYSICIAN","3"
"PA-C","Physician Assistant Certified","2083B0002X","OBESITY MEDICINE (PREVENTIVE MEDICINE) PHYSICIAN","3"
"PA-C","Physician Assistant Certified","2083P0011X","UNDERSEA AND HYPERBARIC MEDICINE (PREVENTIVE MEDICINE) PHYSICIAN","3"
"PA-C","Physician Assistant Certified","2083S0010X","SPORTS MEDICINE (PREVENTIVE MEDICINE) PHYSICIAN","3"
"PA-C","Physician Assistant Certified","2084A2900X","NEUROCRITICAL CARE PHYSICIAN","3"
"PA-C","Physician Assistant Certified","2084S0012X","SLEEP MEDICINE (PSYCHIATRY & NEUROLOGY) PHYSICIAN","3"
"PAC","Physician Assistant Certified","207NS0135X","PROCEDURAL DERMATOLOGY PHYSICIAN","3"
"PAC","Physician Assistant Certified","207QA0401X","ADDICTION MEDICINE (FAMILY MEDICINE) PHYSICIAN","3"
"PAC","Physician Assistant Certified","207QA0505X","ADULT MEDICINE PHYSICIAN","3"
"PAC","Physician Assistant Certified","207RI0200X","INFECTIOUS DISEASE PHYSICIAN","3"
"PAC","Physician Assistant Certified","207RP1001X","PULMONARY DISEASE PHYSICIAN","3"
"PAC","Physician Assistant Certified","207RR0500X","RHEUMATOLOGY PHYSICIAN","3"
"PAC","Physician Assistant Certified","207RX0202X","MEDICAL ONCOLOGY PHYSICIAN","3"
"PAC","Physician Assistant Certified","207VG0400X","GYNECOLOGY PHYSICIAN","3"
"PAC","Physician Assistant Certified","207Y00000X","OTOLARYNGOLOGY PHYSICIAN","3"
"PAC","Physician Assistant Certified","2084N0400X","NEUROLOGY PHYSICIAN","3"
"PC","Pharmacist Clinician","2080P0207X","PEDIATRIC HEMATOLOGY & ONCOLOGY PHYSICIAN","3"
"PHD","Doctor of Philosophy","202D00000X","INTEGRATIVE MEDICINE PHYSICIAN","3"
"PHD","Doctor of Philosophy","207RC0200X","CRITICAL CARE MEDICINE (INTERNAL MEDICINE) PHYSICIAN","3"
"PHD","Doctor of Philosophy","207SG0207X","MEDICAL BIOCHEMICAL GENETICS","3"
"PHD","Doctor of Philosophy","207T00000X","NEUROLOGICAL SURGERY PHYSICIAN","3"
"PHD","Doctor of Philosophy","207ZC0006X","CLINICAL PATHOLOGY PHYSICIAN","3"
"PHD","Doctor of Philosophy","2084F0202X","FORENSIC PSYCHIATRY PHYSICIAN","3"
"PHD","Doctor of Philosophy","2084N0402X","NEUROLOGY WITH SPECIAL QUALIFICATIONS IN CHILD NEUROLOGY PHYSICIAN","3"
"PHD","Doctor of Philosophy","208G00000X","THORACIC SURGERY (CARDIOTHORACIC VASCULAR SURGERY) PHYSICIAN","3"
"PMHNP","Psychiatric Mental Health Nurse Practitioner","208000000X","PEDIATRICS PHYSICIAN","3"
"PMHNP-BC","Psychiatric Mental Health Nurse Practitioner Board Certified","208D00000X","GENERAL PRACTICE PHYSICIAN","3"
"PMHNP-C","Psychiatric Mental Health Nurse Practitioner","2084P0800X","PSYCHIATRY PHYSICIAN","3"
"PMHS","Pediatric Primary Care Mental Health Specialist","2080P0006X","DEVELOPMENTAL - BEHAVIORAL PEDIATRICS PHYSICIAN","3"
"PNP","Pediatric Nurse Practitioner","207R00000X","INTERNAL MEDICINE PHYSICIAN","3"
"PNP","Pediatric Nurse Practitioner","207RH0002X","HOSPICE AND PALLIATIVE MEDICINE (INTERNAL MEDICINE) PHYSICIAN","3"
"PNP","Pediatric Nurse Practitioner","2080C0008X","CHILD ABUSE PEDIATRICS PHYSICIAN","3"
"PNP","Pediatric Nurse Practitioner","2080P0214X","PEDIATRIC PULMONOLOGY PHYSICIAN","3"
"PNP","Pediatric Nurse Practitioner","2086S0120X","PEDIATRIC SURGERY PHYSICIAN","3"
"PNP","Pediatric Nurse Practitioner","208800000X","UROLOGY PHYSICIAN","3"
"PPCNP-BC","Pediatric Primary Care Nurse Practitioner","208000000X","PEDIATRICS PHYSICIAN","3"
"PT","Physical Therapist","204D00000X","NEUROMUSCULOSKELETAL MEDICINE & OMM PHYSICIAN","3"
"PT","Physical Therapist","207QS0010X","SPORTS MEDICINE (FAMILY MEDICINE) PHYSICIAN","3"
"PT","Physical Therapist","207V00000X","OBSTETRICS & GYNECOLOGY PHYSICIAN","3"
"PT","Physical Therapist","2080P0006X","DEVELOPMENTAL - BEHAVIORAL PEDIATRICS PHYSICIAN","3"
"PT","Physical Therapist","2081P0004X","SPINAL CORD INJURY MEDICINE PHYSICIAN","3"
"PT","Physical Therapist","2081P0301X","BRAIN INJURY MEDICINE (PHYSICAL MEDICINE & REHABILITATION) PHYSICIAN","3"
"PT","Physical Therapist","2083S0010X","SPORTS MEDICINE (PREVENTIVE MEDICINE) PHYSICIAN","3"
"PT","Physical Therapist","2085R0202X","DIAGNOSTIC RADIOLOGY PHYSICIAN","3"
"PT","Physical Therapist","208D00000X","GENERAL PRACTICE PHYSICIAN","3"
"PTA","Physical Therapist Assistant","204C00000X","SPORTS MEDICINE (NEUROMUSCULOSKELETAL MEDICINE) PHYSICIAN","3"
"PTA","Physical Therapist Assistant","2081H0002X","HOSPICE AND PALLIATIVE MEDICINE (PHYSICAL MEDICINE & REHABILITATION) PHYSICIAN","3"
"PTA","Physical Therapist Assistant","2083S0010X","SPORTS MEDICINE (PREVENTIVE MEDICINE) PHYSICIAN","3"
"PharmD","Doctor of Pharmacy","202D00000X","INTEGRATIVE MEDICINE PHYSICIAN","3"
"PsyD","Doctor of Psychology","207Q00000X","FAMILY MEDICINE PHYSICIAN","3"
"PsyD","Doctor of Psychology","2080P0006X","DEVELOPMENTAL - BEHAVIORAL PEDIATRICS PHYSICIAN","3"
"PsyD","Doctor of Psychology","2080P0008X","PEDIATRIC NEURODEVELOPMENTAL DISABILITIES PHYSICIAN","3"
"RD","Registered Dietitian","207RG0100X","GASTROENTEROLOGY PHYSICIAN","3"
"RD","Registered Dietitian","207RH0002X","HOSPICE AND PALLIATIVE MEDICINE (INTERNAL MEDICINE) PHYSICIAN","3"
"RD","Registered Dietitian","208600000X","SURGERY PHYSICIAN","3"
"RDMS","Registered Diagnostic Medical Sonographer","2085B0100X","BODY IMAGING PHYSICIAN","3"
"RN","Registered Nurse","202C00000X","INDEPENDENT MEDICAL EXAMINER PHYSICIAN","3"
"RN","Registered Nurse","207NS0135X","PROCEDURAL DERMATOLOGY PHYSICIAN","3"
"RN","Registered Nurse","207QA0401X","ADDICTION MEDICINE (FAMILY MEDICINE) PHYSICIAN","3"
"RN","Registered Nurse","207RA0401X","ADDICTION MEDICINE (INTERNAL MEDICINE) PHYSICIAN","3"
"RN","Registered Nurse","207RP1001X","PULMONARY DISEASE PHYSICIAN","3"
"RN","Registered Nurse","207VM0101X","MATERNAL & FETAL MEDICINE PHYSICIAN","3"
"RN","Registered Nurse","207Y00000X","OTOLARYNGOLOGY PHYSICIAN","3"
"RN","Registered Nurse","2080P0205X","PEDIATRIC ENDOCRINOLOGY PHYSICIAN","3"
"RN","Registered Nurse","2080P0214X","PEDIATRIC PULMONOLOGY PHYSICIAN","3"
"RPA","Registered Physician Assistant","207R00000X","INTERNAL MEDICINE PHYSICIAN","3"
"RPA-C","Registered Physician Assistant Certified","207P00000X","EMERGENCY MEDICINE PHYSICIAN","3"
"RPA-C","Registered Physician Assistant Certified","207R00000X","INTERNAL MEDICINE PHYSICIAN","3"
"RPA-C","Registered Physician Assistant Certified","207RG0100X","GASTROENTEROLOGY PHYSICIAN","3"
"RPA-C","Registered Physician Assistant Certified","208000000X","PEDIATRICS PHYSICIAN","3"
"RPA-C","Registered Physician Assistant Certified","2084N0400X","NEUROLOGY PHYSICIAN","3"
"RPA-C","Registered Physician Assistant Certified","208800000X","UROLOGY PHYSICIAN","3"
"RPT","Registered Physical Therapist","204C00000X","SPORTS MEDICINE (NEUROMUSCULOSKELETAL MEDICINE) PHYSICIAN","3"
"RT","Respiratory Therapist","2085R0204X","VASCULAR & INTERVENTIONAL RADIOLOGY PHYSICIAN","3"
"SLP","Speech-Language Pathologist","2080P0006X","DEVELOPMENTAL - BEHAVIORAL PEDIATRICS PHYSICIAN","3"
"STUDENT","Student","2084P0800X","PSYCHIATRY PHYSICIAN","3"
"STUDENT","Student","208600000X","SURGERY PHYSICIAN","3"
"VMD","Doctor of Veterinary Medicine","208D00000X","GENERAL PRACTICE PHYSICIAN","3"
"WHNP-BC","Womens Health Nurse Practitioner Board Certified","207Q00000X","FAMILY MEDICINE PHYSICIAN","3"
"WHNP-BC","Womens Health Nurse Practitioner Board Certified","207VM0101X","MATERNAL & FETAL MEDICINE PHYSICIAN","3"
"ACNP","Acute Care Nurse Practitioner","207Q00000X","FAMILY MEDICINE PHYSICIAN","2"
"ACNP","Acute Care Nurse Practitioner","207QH0002X","HOSPICE AND PALLIATIVE MEDICINE (FAMILY MEDICINE) PHYSICIAN","2"
"ACNP","Acute Care Nurse Practitioner","207RH0002X","HOSPICE AND PALLIATIVE MEDICINE (INTERNAL MEDICINE) PHYSICIAN","2"
"ACNP","Acute Care Nurse Practitioner","207RH0003X","HEMATOLOGY & ONCOLOGY PHYSICIAN","2"
"ACNP","Acute Care Nurse Practitioner","207RI0011X","INTERVENTIONAL CARDIOLOGY PHYSICIAN","2"
"ACNP","Acute Care Nurse Practitioner","207RN0300X","NEPHROLOGY PHYSICIAN","2"
"ACNP","Acute Care Nurse Practitioner","207XX0801X","ORTHOPAEDIC TRAUMA PHYSICIAN","2"
"ACNP","Acute Care Nurse Practitioner","208100000X","PHYSICAL MEDICINE & REHABILITATION PHYSICIAN","2"
"ACNP","Acute Care Nurse Practitioner","2084A2900X","NEUROCRITICAL CARE PHYSICIAN","2"
"ACNP","Acute Care Nurse Practitioner","208VP0000X","PAIN MEDICINE PHYSICIAN","2"
"ACNP-BC","Acute Care Nurse Practitioner Board Certified","207Q00000X","FAMILY MEDICINE PHYSICIAN","2"
"ACNP-BC","Acute Care Nurse Practitioner Board Certified","207R00000X","INTERNAL MEDICINE PHYSICIAN","2"
"ACNP-BC","Acute Care Nurse Practitioner Board Certified","2084N0400X","NEUROLOGY PHYSICIAN","2"
"ACNP-BC","Acute Care Nurse Practitioner Board Certified","208M00000X","HOSPITALIST PHYSICIAN","2"
"ACNPC-AG","Acute Care Nurse Practitioner Certified (Adult-Gerontology)","2086S0127X","TRAUMA SURGERY PHYSICIAN","2"
"ACNPC-AG","Acute Care Nurse Practitioner Certified (Adult-Gerontology)","2086S0129X","VASCULAR SURGERY PHYSICIAN","2"
"ACNPC-AG","Acute Care Nurse Practitioner Certified (Adult-Gerontology)","208800000X","UROLOGY PHYSICIAN","2"
"ACNS-BC","Adult Health Clinical Nurse Specialist","207Q00000X","FAMILY MEDICINE PHYSICIAN","2"
"ACSW","Academy of Certified Social Workers","2084P0800X","PSYCHIATRY PHYSICIAN","2"
"AG-ACNP","Adult Gerontology - Acute Care Nurse Practitioner","207RA0001X","ADVANCED HEART FAILURE AND TRANSPLANT CARDIOLOGY PHYSICIAN","2"
"AG-ACNP","Adult Gerontology - Acute Care Nurse Practitioner","207RH0002X","HOSPICE AND PALLIATIVE MEDICINE (INTERNAL MEDICINE) PHYSICIAN","2"
"AG-ACNP","Adult Gerontology - Acute Care Nurse Practitioner","207RI0011X","INTERVENTIONAL CARDIOLOGY PHYSICIAN","2"
"AG-ACNP","Adult Gerontology - Acute Care Nurse Practitioner","207RI0200X","INFECTIOUS DISEASE PHYSICIAN","2"
"AG-ACNP","Adult Gerontology - Acute Care Nurse Practitioner","207XS0117X","ORTHOPAEDIC SURGERY OF THE SPINE PHYSICIAN","2"
"AG-ACNP","Adult Gerontology - Acute Care Nurse Practitioner","208M00000X","HOSPITALIST PHYSICIAN","2"
"AGACNP-BC","Adult-Gerontology Acute Care Nurse Practitioner Board Certified","204F00000X","TRANSPLANT SURGERY PHYSICIAN","2"
"AGACNP-BC","Adult-Gerontology Acute Care Nurse Practitioner Board Certified","207PE0004X","EMERGENCY MEDICAL SERVICES (EMERGENCY MEDICINE) PHYSICIAN","2"
"AGACNP-BC","Adult-Gerontology Acute Care Nurse Practitioner Board Certified","207RG0100X","GASTROENTEROLOGY PHYSICIAN","2"
"AGACNP-BC","Adult-Gerontology Acute Care Nurse Practitioner Board Certified","207X00000X","ORTHOPAEDIC SURGERY PHYSICIAN","2"
"AGACNP-BC","Adult-Gerontology Acute Care Nurse Practitioner Board Certified","2086S0129X","VASCULAR SURGERY PHYSICIAN","2"
"AGACNP-BC","Adult-Gerontology Acute Care Nurse Practitioner Board Certified","208VP0014X","INTERVENTIONAL PAIN MEDICINE PHYSICIAN","2"
"AGCNS-BC","Adult-Gerontology Clinical Nurse Specialist","207RN0300X","NEPHROLOGY PHYSICIAN","2"
"AGNP","Adult-Gerontology Nurse Practitioner","207QH0002X","HOSPICE AND PALLIATIVE MEDICINE (FAMILY MEDICINE) PHYSICIAN","2"
"AGNP","Adult-Gerontology Nurse Practitioner","207RG0100X","GASTROENTEROLOGY PHYSICIAN","2"
"AGNP","Adult-Gerontology Nurse Practitioner","207RH0003X","HEMATOLOGY & ONCOLOGY PHYSICIAN","2"
"AGNP","Adult-Gerontology Nurse Practitioner","207RX0202X","MEDICAL ONCOLOGY PHYSICIAN","2"
"AGNP","Adult-Gerontology Nurse Practitioner","208100000X","PHYSICAL MEDICINE & REHABILITATION PHYSICIAN","2"
"AGNP","Adult-Gerontology Nurse Practitioner","2084N0400X","NEUROLOGY PHYSICIAN","2"
"AGNP","Adult-Gerontology Nurse Practitioner","2084P0800X","PSYCHIATRY PHYSICIAN","2"
"AGNP","Adult-Gerontology Nurse Practitioner","208M00000X","HOSPITALIST PHYSICIAN","2"
"AGNP-C","Adult-Gerontology Primary Care Nurse Practitioner","207RA0001X","ADVANCED HEART FAILURE AND TRANSPLANT CARDIOLOGY PHYSICIAN","2"
"AGNP-C","Adult-Gerontology Primary Care Nurse Practitioner","207RG0300X","GERIATRIC MEDICINE (INTERNAL MEDICINE) PHYSICIAN","2"
"AGNP-C","Adult-Gerontology Primary Care Nurse Practitioner","207RH0002X","HOSPICE AND PALLIATIVE MEDICINE (INTERNAL MEDICINE) PHYSICIAN","2"
"AGNP-C","Adult-Gerontology Primary Care Nurse Practitioner","208800000X","UROLOGY PHYSICIAN","2"
"AGPCNP","Adult Gerontology Primary Care Nurse Practitioner","207R00000X","INTERNAL MEDICINE PHYSICIAN","2"
"AGPCNP-BC","Adult-Gerontology Primary Care Nurse Practitioner Board Certified","207N00000X","DERMATOLOGY PHYSICIAN","2"
"AGPCNP-BC","Adult-Gerontology Primary Care Nurse Practitioner Board Certified","207RH0003X","HEMATOLOGY & ONCOLOGY PHYSICIAN","2"
"AGPCNP-BC","Adult-Gerontology Primary Care Nurse Practitioner Board Certified","2085R0001X","RADIATION ONCOLOGY PHYSICIAN","2"
"AGPCNP-BC","Adult-Gerontology Primary Care Nurse Practitioner Board Certified","208M00000X","HOSPITALIST PHYSICIAN","2"
"ANP","Adult Nurse Practitioner","207L00000X","ANESTHESIOLOGY PHYSICIAN","2"
"ANP","Adult Nurse Practitioner","207LP2900X","PAIN MEDICINE (ANESTHESIOLOGY) PHYSICIAN","2"
"ANP","Adult Nurse Practitioner","207RC0001X","CLINICAL CARDIAC ELECTROPHYSIOLOGY PHYSICIAN","2"
"ANP","Adult Nurse Practitioner","207RH0003X","HEMATOLOGY & ONCOLOGY PHYSICIAN","2"
"ANP","Adult Nurse Practitioner","207RR0500X","RHEUMATOLOGY PHYSICIAN","2"
"ANP","Adult Nurse Practitioner","207RX0202X","MEDICAL ONCOLOGY PHYSICIAN","2"
"ANP","Adult Nurse Practitioner","207VX0000X","OBSTETRICS PHYSICIAN","2"
"ANP","Adult Nurse Practitioner","208000000X","PEDIATRICS PHYSICIAN","2"
"ANP","Adult Nurse Practitioner","208600000X","SURGERY PHYSICIAN","2"
"ANP-BC","Adult Nurse Practitioner Board Certified","207RE0101X","ENDOCRINOLOGY, DIABETES & METABOLISM PHYSICIAN","2"
"ANP-BC","Adult Nurse Practitioner Board Certified","207RH0003X","HEMATOLOGY & ONCOLOGY PHYSICIAN","2"
"ANP-BC","Adult Nurse Practitioner Board Certified","2084P0800X","PSYCHIATRY PHYSICIAN","2"
"ANP-C","Adult Nurse Practitioner Certified","207Q00000X","FAMILY MEDICINE PHYSICIAN","2"
"ANP-C","Adult Nurse Practitioner Certified","207RC0000X","CARDIOVASCULAR DISEASE PHYSICIAN","2"
"ANP-C","Adult Nurse Practitioner Certified","207T00000X","NEUROLOGICAL SURGERY PHYSICIAN","2"
"APN","Advanced Practice Nurse","202D00000X","INTEGRATIVE MEDICINE PHYSICIAN","2"
"APN","Advanced Practice Nurse","207L00000X","ANESTHESIOLOGY PHYSICIAN","2"
"APN","Advanced Practice Nurse","207PE0004X","EMERGENCY MEDICAL SERVICES (EMERGENCY MEDICINE) PHYSICIAN","2"
"APN","Advanced Practice Nurse","207QA0401X","ADDICTION MEDICINE (FAMILY MEDICINE) PHYSICIAN","2"
"APN","Advanced Practice Nurse","207RC0001X","CLINICAL CARDIAC ELECTROPHYSIOLOGY PHYSICIAN","2"
"APN","Advanced Practice Nurse","207RC0200X","CRITICAL CARE MEDICINE (INTERNAL MEDICINE) PHYSICIAN","2"
"APN","Advanced Practice Nurse","207RR0500X","RHEUMATOLOGY PHYSICIAN","2"
"APN","Advanced Practice Nurse","207RX0202X","MEDICAL ONCOLOGY PHYSICIAN","2"
"APN","Advanced Practice Nurse","207T00000X","NEUROLOGICAL SURGERY PHYSICIAN","2"
"APN","Advanced Practice Nurse","2080P0006X","DEVELOPMENTAL - BEHAVIORAL PEDIATRICS PHYSICIAN","2"
"APN","Advanced Practice Nurse","2084P0802X","ADDICTION PSYCHIATRY PHYSICIAN","2"
"APN","Advanced Practice Nurse","2084P0805X","GERIATRIC PSYCHIATRY PHYSICIAN","2"
"APN","Advanced Practice Nurse","2085R0202X","DIAGNOSTIC RADIOLOGY PHYSICIAN","2"
"APNP","Advanced Practice Nurse Practitioner","207P00000X","EMERGENCY MEDICINE PHYSICIAN","2"
"APNP","Advanced Practice Nurse Practitioner","207PE0004X","EMERGENCY MEDICAL SERVICES (EMERGENCY MEDICINE) PHYSICIAN","2"
"APNP","Advanced Practice Nurse Practitioner","207QA0000X","ADOLESCENT MEDICINE (FAMILY MEDICINE) PHYSICIAN","2"
"APNP","Advanced Practice Nurse Practitioner","207QH0002X","HOSPICE AND PALLIATIVE MEDICINE (FAMILY MEDICINE) PHYSICIAN","2"
"APNP","Advanced Practice Nurse Practitioner","207RG0300X","GERIATRIC MEDICINE (INTERNAL MEDICINE) PHYSICIAN","2"
"APNP","Advanced Practice Nurse Practitioner","207RR0500X","RHEUMATOLOGY PHYSICIAN","2"
"APNP","Advanced Practice Nurse Practitioner","207V00000X","OBSTETRICS & GYNECOLOGY PHYSICIAN","2"
"APNP","Advanced Practice Nurse Practitioner","2080N0001X","NEONATAL-PERINATAL MEDICINE PHYSICIAN","2"
"APNP","Advanced Practice Nurse Practitioner","2084P0800X","PSYCHIATRY PHYSICIAN","2"
"APRN-CNP","Advanced Practice Registered Nurse - Certified Nurse Practitioner","207QA0505X","ADULT MEDICINE PHYSICIAN","2"
"APRN-CNP","Advanced Practice Registered Nurse - Certified Nurse Practitioner","207VG0400X","GYNECOLOGY PHYSICIAN","2"
"APRN-CNP","Advanced Practice Registered Nurse - Certified Nurse Practitioner","208M00000X","HOSPITALIST PHYSICIAN","2"
"ARNP","Advanced Registered Nurse Practitioner","207LP2900X","PAIN MEDICINE (ANESTHESIOLOGY) PHYSICIAN","2"
"ARNP","Advanced Registered Nurse Practitioner","207PP0204X","PEDIATRIC EMERGENCY MEDICINE (EMERGENCY MEDICINE) PHYSICIAN","2"
"ARNP","Advanced Registered Nurse Practitioner","207VX0000X","OBSTETRICS PHYSICIAN","2"
"ARNP","Advanced Registered Nurse Practitioner","2080A0000X","PEDIATRIC ADOLESCENT MEDICINE PHYSICIAN","2"
"ARNP","Advanced Registered Nurse Practitioner","2080P0006X","DEVELOPMENTAL - BEHAVIORAL PEDIATRICS PHYSICIAN","2"
"ARNP","Advanced Registered Nurse Practitioner","2080P0206X","PEDIATRIC GASTROENTEROLOGY PHYSICIAN","2"
"ARNP","Advanced Registered Nurse Practitioner","2080P0207X","PEDIATRIC HEMATOLOGY & ONCOLOGY PHYSICIAN","2"
"ARNP","Advanced Registered Nurse Practitioner","2081P2900X","PAIN MEDICINE (PHYSICAL MEDICINE & REHABILITATION) PHYSICIAN","2"
"ARNP","Advanced Registered Nurse Practitioner","2084P0802X","ADDICTION PSYCHIATRY PHYSICIAN","2"
"ARNP","Advanced Registered Nurse Practitioner","2086S0120X","PEDIATRIC SURGERY PHYSICIAN","2"
"AT","Athletic Trainer","204C00000X","SPORTS MEDICINE (NEUROMUSCULOSKELETAL MEDICINE) PHYSICIAN","2"
"ATC","Athletic Trainer Certified","2081P0010X","PEDIATRIC REHABILITATION MEDICINE PHYSICIAN","2"
"ATC","Athletic Trainer Certified","2084S0010X","SPORTS MEDICINE (PSYCHIATRY & NEUROLOGY) PHYSICIAN","2"
"ATC","Athletic Trainer Certified","208600000X","SURGERY PHYSICIAN","2"
"AuD","Doctor of Audiology","207Q00000X","FAMILY MEDICINE PHYSICIAN","2"
"AuD","Doctor of Audiology","208000000X","PEDIATRICS PHYSICIAN","2"
"BA","Bachelor of Arts","207L00000X","ANESTHESIOLOGY PHYSICIAN","2"
"BA","Bachelor of Arts","207P00000X","EMERGENCY MEDICINE PHYSICIAN","2"
"BA","Bachelor of Arts","207R00000X","INTERNAL MEDICINE PHYSICIAN","2"
"BA","Bachelor of Arts","207T00000X","NEUROLOGICAL SURGERY PHYSICIAN","2"
"BA","Bachelor of Arts","207X00000X","ORTHOPAEDIC SURGERY PHYSICIAN","2"
"BA","Bachelor of Arts","207Y00000X","OTOLARYNGOLOGY PHYSICIAN","2"
"BA","Bachelor of Arts","208000000X","PEDIATRICS PHYSICIAN","2"
"BA","Bachelor of Arts","2080C0008X","CHILD ABUSE PEDIATRICS PHYSICIAN","2"
"BCBA","Board Certified Behavior Analyst","208000000X","PEDIATRICS PHYSICIAN","2"
"BDS","Bachelor of Dental Surgery","207ZP0102X","ANATOMIC PATHOLOGY & CLINICAL PATHOLOGY PHYSICIAN","2"
"BS","Bachelor of Science","207P00000X","EMERGENCY MEDICINE PHYSICIAN","2"
"BS","Bachelor of Science","207RC0000X","CARDIOVASCULAR DISEASE PHYSICIAN","2"
"BS","Bachelor of Science","207RP1001X","PULMONARY DISEASE PHYSICIAN","2"
"BS","Bachelor of Science","207W00000X","OPHTHALMOLOGY PHYSICIAN","2"
"BS","Bachelor of Science","2080P0202X","PEDIATRIC CARDIOLOGY PHYSICIAN","2"
"BS","Bachelor of Science","2083P0901X","PUBLIC HEALTH & GENERAL PREVENTIVE MEDICINE PHYSICIAN","2"
"BS","Bachelor of Science","2084A0401X","ADDICTION MEDICINE (PSYCHIATRY & NEUROLOGY) PHYSICIAN","2"
"BS","Bachelor of Science","2084N0600X","CLINICAL NEUROPHYSIOLOGY PHYSICIAN","2"
"BS","Bachelor of Science","2085R0204X","VASCULAR & INTERVENTIONAL RADIOLOGY PHYSICIAN","2"
"BS","Bachelor of Science","208800000X","UROLOGY PHYSICIAN","2"
"BS","Bachelor of Science","208D00000X","GENERAL PRACTICE PHYSICIAN","2"
"BS","Bachelor of Science","208M00000X","HOSPITALIST PHYSICIAN","2"
"BSN","Bachelor of Science in Nursing","207LP2900X","PAIN MEDICINE (ANESTHESIOLOGY) PHYSICIAN","2"
"BSN","Bachelor of Science in Nursing","207PE0004X","EMERGENCY MEDICAL SERVICES (EMERGENCY MEDICINE) PHYSICIAN","2"
"BSN","Bachelor of Science in Nursing","207RE0101X","ENDOCRINOLOGY, DIABETES & METABOLISM PHYSICIAN","2"
"BSN","Bachelor of Science in Nursing","207RG0300X","GERIATRIC MEDICINE (INTERNAL MEDICINE) PHYSICIAN","2"
"BSN","Bachelor of Science in Nursing","207RX0202X","MEDICAL ONCOLOGY PHYSICIAN","2"
"BSN","Bachelor of Science in Nursing","2080A0000X","PEDIATRIC ADOLESCENT MEDICINE PHYSICIAN","2"
"BSN","Bachelor of Science in Nursing","2080N0001X","NEONATAL-PERINATAL MEDICINE PHYSICIAN","2"
"BSN","Bachelor of Science in Nursing","2080P0203X","PEDIATRIC CRITICAL CARE MEDICINE PHYSICIAN","2"
"BSN","Bachelor of Science in Nursing","208100000X","PHYSICAL MEDICINE & REHABILITATION PHYSICIAN","2"
"BSN","Bachelor of Science in Nursing","2084N0400X","NEUROLOGY PHYSICIAN","2"
"BSN","Bachelor of Science in Nursing","2084P0802X","ADDICTION PSYCHIATRY PHYSICIAN","2"
"BSN","Bachelor of Science in Nursing","2086S0127X","TRAUMA SURGERY PHYSICIAN","2"
"BSN","Bachelor of Science in Nursing","208VP0000X","PAIN MEDICINE PHYSICIAN","2"
"CA","Certified Acupuncturist","202D00000X","INTEGRATIVE MEDICINE PHYSICIAN","2"
"CA","Certified Acupuncturist","204C00000X","SPORTS MEDICINE (NEUROMUSCULOSKELETAL MEDICINE) PHYSICIAN","2"
"CADC","Certified Alcohol and Drug Counselor","2084P0800X","PSYCHIATRY PHYSICIAN","2"
"CADC","Certified Alcohol and Drug Counselor","2084P0802X","ADDICTION PSYCHIATRY PHYSICIAN","2"
"CARN-AP","Certified Addictions Registered Nurse - Advanced Practice","2084P0802X","ADDICTION PSYCHIATRY PHYSICIAN","2"
"CASAC","Credentialed Alcoholism and Substance Abuse Counselor","2084P0800X","PSYCHIATRY PHYSICIAN","2"
"CCC-SLP","Certificate of Clinical Competence in Speech-Language Pathology","2081P0010X","PEDIATRIC REHABILITATION MEDICINE PHYSICIAN","2"
"CCP","Certified Clinical Perfusionist","208G00000X","THORACIC SURGERY (CARDIOTHORACIC VASCULAR SURGERY) PHYSICIAN","2"
"CCRN","Critical Care Registered Nurse (Adult)","207Q00000X","FAMILY MEDICINE PHYSICIAN","2"
"CCRN","Critical Care Registered Nurse (Adult)","2080P0203X","PEDIATRIC CRITICAL CARE MEDICINE PHYSICIAN","2"
"CDN","Certified Dialysis Nurse","208100000X","PHYSICAL MEDICINE & REHABILITATION PHYSICIAN","2"
"CFNP","Certified Family Nurse Practitioner","207N00000X","DERMATOLOGY PHYSICIAN","2"
"CHW","Community Health Worker","207Q00000X","FAMILY MEDICINE PHYSICIAN","2"
"CMA","Certified Medical Assistant","207QA0401X","ADDICTION MEDICINE (FAMILY MEDICINE) PHYSICIAN","2"
"CMT","Certified Massage Therapist","204D00000X","NEUROMUSCULOSKELETAL MEDICINE & OMM PHYSICIAN","2"
"CMT","Certified Massage Therapist","2083P0901X","PUBLIC HEALTH & GENERAL PREVENTIVE MEDICINE PHYSICIAN","2"
"CNA","Certified Nursing Assistant","202K00000X","PHLEBOLOGY PHYSICIAN","2"
"CNA","Certified Nursing Assistant","2084P0800X","PSYCHIATRY PHYSICIAN","2"
"CNA","Certified Nursing Assistant","2084P0804X","CHILD & ADOLESCENT PSYCHIATRY PHYSICIAN","2"
"CNA","Certified Nursing Assistant","2085R0202X","DIAGNOSTIC RADIOLOGY PHYSICIAN","2"
"CNE","Certified Nurse Educator","207Q00000X","FAMILY MEDICINE PHYSICIAN","2"
"CNIM","Certified Neurophysiologic Intraoperative Monitoring","204R00000X","ELECTRODIAGNOSTIC MEDICINE PHYSICIAN","2"
"CNM","Certified Nurse Midwife","207P00000X","EMERGENCY MEDICINE PHYSICIAN","2"
"CNM","Certified Nurse Midwife","207VE0102X","REPRODUCTIVE ENDOCRINOLOGY PHYSICIAN","2"
"CNM","Certified Nurse Midwife","2085U0001X","DIAGNOSTIC ULTRASOUND PHYSICIAN","2"
"CNP","Certified Nurse Practitioner","207K00000X","ALLERGY & IMMUNOLOGY PHYSICIAN","2"
"CNP","Certified Nurse Practitioner","207NS0135X","PROCEDURAL DERMATOLOGY PHYSICIAN","2"
"CNP","Certified Nurse Practitioner","207QA0000X","ADOLESCENT MEDICINE (FAMILY MEDICINE) PHYSICIAN","2"
"CNP","Certified Nurse Practitioner","207QA0401X","ADDICTION MEDICINE (FAMILY MEDICINE) PHYSICIAN","2"
"CNP","Certified Nurse Practitioner","207RC0001X","CLINICAL CARDIAC ELECTROPHYSIOLOGY PHYSICIAN","2"
"CNP","Certified Nurse Practitioner","207RS0012X","SLEEP MEDICINE (INTERNAL MEDICINE) PHYSICIAN","2"
"CNP","Certified Nurse Practitioner","207VX0201X","GYNECOLOGIC ONCOLOGY PHYSICIAN","2"
"CNP","Certified Nurse Practitioner","207XS0117X","ORTHOPAEDIC SURGERY OF THE SPINE PHYSICIAN","2"
"CNP","Certified Nurse Practitioner","2080P0202X","PEDIATRIC CARDIOLOGY PHYSICIAN","2"
"CNP","Certified Nurse Practitioner","2080P0205X","PEDIATRIC ENDOCRINOLOGY PHYSICIAN","2"
"CNP","Certified Nurse Practitioner","2084B0040X","BEHAVIORAL NEUROLOGY & NEUROPSYCHIATRY PHYSICIAN","2"
"CNP","Certified Nurse Practitioner","2084P0802X","ADDICTION PSYCHIATRY PHYSICIAN","2"
"CNP","Certified Nurse Practitioner","2084P0804X","CHILD & ADOLESCENT PSYCHIATRY PHYSICIAN","2"
"CNP","Certified Nurse Practitioner","2086S0102X","SURGICAL CRITICAL CARE PHYSICIAN","2"
"CNP","Certified Nurse Practitioner","208VP0014X","INTERVENTIONAL PAIN MEDICINE PHYSICIAN","2"
"CNS","Certified Nurse Specialist","2080N0001X","NEONATAL-PERINATAL MEDICINE PHYSICIAN","2"
"CNS","Certified Nurse Specialist","2086S0129X","VASCULAR SURGERY PHYSICIAN","2"
"CNS","Certified Nurse Specialist","208M00000X","HOSPITALIST PHYSICIAN","2"
"CNS","Certified Nurse Specialist","208VP0000X","PAIN MEDICINE PHYSICIAN","2"
"COTA","Certified Occupational Therapy Assistant","207QG0300X","GERIATRIC MEDICINE (FAMILY MEDICINE) PHYSICIAN","2"
"COTA","Certified Occupational Therapy Assistant","2081N0008X","NEUROMUSCULAR MEDICINE (PHYSICAL MEDICINE & REHABILITATION) PHYSICIAN","2"
"COTA","Certified Occupational Therapy Assistant","2081P0010X","PEDIATRIC REHABILITATION MEDICINE PHYSICIAN","2"
"COTA/L","Certified Occupational Therapy Assistant Licensed","2080P0008X","PEDIATRIC NEURODEVELOPMENTAL DISABILITIES PHYSICIAN","2"
"CPM","Certified Professional Midwife","207V00000X","OBSTETRICS & GYNECOLOGY PHYSICIAN","2"
"CPM","Certified Professional Midwife","207VX0000X","OBSTETRICS PHYSICIAN","2"
"CPN","Certified Pediatric Nurse","208000000X","PEDIATRICS PHYSICIAN","2"
"CPNP","Certified Pediatric Nurse Practitioner","207K00000X","ALLERGY & IMMUNOLOGY PHYSICIAN","2"
"CPNP","Certified Pediatric Nurse Practitioner","2080N0001X","NEONATAL-PERINATAL MEDICINE PHYSICIAN","2"
"CPNP","Certified Pediatric Nurse Practitioner","2080P0008X","PEDIATRIC NEURODEVELOPMENTAL DISABILITIES PHYSICIAN","2"
"CPNP","Certified Pediatric Nurse Practitioner","2080P0205X","PEDIATRIC ENDOCRINOLOGY PHYSICIAN","2"
"CPNP","Certified Pediatric Nurse Practitioner","2080P0216X","PEDIATRIC RHEUMATOLOGY PHYSICIAN","2"
"CPNP","Certified Pediatric Nurse Practitioner","2084P0800X","PSYCHIATRY PHYSICIAN","2"
"CPNP","Certified Pediatric Nurse Practitioner","2084P0804X","CHILD & ADOLESCENT PSYCHIATRY PHYSICIAN","2"
"CPNP","Certified Pediatric Nurse Practitioner","208D00000X","GENERAL PRACTICE PHYSICIAN","2"
"CPNP-AC","Certified Pediatric Nurse Practitioner - Acute Care","207L00000X","ANESTHESIOLOGY PHYSICIAN","2"
"CPNP-PC","Certified Pediatric Nurse Practitioner Primary Care","207YP0228X","PEDIATRIC OTOLARYNGOLOGY PHYSICIAN","2"
"CPNP-PC","Certified Pediatric Nurse Practitioner Primary Care","2080P0204X","PEDIATRIC EMERGENCY MEDICINE (PEDIATRICS) PHYSICIAN","2"
"CPNP-PC","Certified Pediatric Nurse Practitioner Primary Care","2080P0205X","PEDIATRIC ENDOCRINOLOGY PHYSICIAN","2"
"CPNP-PC","Certified Pediatric Nurse Practitioner Primary Care","2086S0120X","PEDIATRIC SURGERY PHYSICIAN","2"
"CPNP-PC","Certified Pediatric Nurse Practitioner Primary Care","208800000X","UROLOGY PHYSICIAN","2"
"CPNP-PC","Certified Pediatric Nurse Practitioner Primary Care","208M00000X","HOSPITALIST PHYSICIAN","2"
"CRNA","Certified Registered Nurse Anesthetist","207LA0401X","ADDICTION MEDICINE (ANESTHESIOLOGY) PHYSICIAN","2"
"CRNA","Certified Registered Nurse Anesthetist","207P00000X","EMERGENCY MEDICINE PHYSICIAN","2"
"CRNA","Certified Registered Nurse Anesthetist","207RC0200X","CRITICAL CARE MEDICINE (INTERNAL MEDICINE) PHYSICIAN","2"
"CRNA","Certified Registered Nurse Anesthetist","207RI0011X","INTERVENTIONAL CARDIOLOGY PHYSICIAN","2"
"CRNA","Certified Registered Nurse Anesthetist","208000000X","PEDIATRICS PHYSICIAN","2"
"CRNA","Certified Registered Nurse Anesthetist","2085R0202X","DIAGNOSTIC RADIOLOGY PHYSICIAN","2"
"CRNA","Certified Registered Nurse Anesthetist","208M00000X","HOSPITALIST PHYSICIAN","2"
"CRNA","Certified Registered Nurse Anesthetist","208VP0000X","PAIN MEDICINE PHYSICIAN","2"
"CRNFA","Certified Registered Nurse First Assistant","208600000X","SURGERY PHYSICIAN","2"
"CRNP","Certified Registered Nurse Practitioner","202D00000X","INTEGRATIVE MEDICINE PHYSICIAN","2"
"CRNP","Certified Registered Nurse Practitioner","207L00000X","ANESTHESIOLOGY PHYSICIAN","2"
"CRNP","Certified Registered Nurse Practitioner","207LC0200X","CRITICAL CARE MEDICINE (ANESTHESIOLOGY) PHYSICIAN","2"
"CRNP","Certified Registered Nurse Practitioner","207LP2900X","PAIN MEDICINE (ANESTHESIOLOGY) PHYSICIAN","2"
"CRNP","Certified Registered Nurse Practitioner","207LP3000X","PEDIATRIC ANESTHESIOLOGY PHYSICIAN","2"
"CRNP","Certified Registered Nurse Practitioner","207RR0500X","RHEUMATOLOGY PHYSICIAN","2"
"CRNP","Certified Registered Nurse Practitioner","207VF0040X","UROGYNECOLOGY AND RECONSTRUCTIVE PELVIC SURGERY (OBSTETRICS & GYNECOLOGY) PHYSICIAN","2"
"CRNP","Certified Registered Nurse Practitioner","2080A0000X","PEDIATRIC ADOLESCENT MEDICINE PHYSICIAN","2"
"CRNP","Certified Registered Nurse Practitioner","2080P0206X","PEDIATRIC GASTROENTEROLOGY PHYSICIAN","2"
"CRNP","Certified Registered Nurse Practitioner","2084P0802X","ADDICTION PSYCHIATRY PHYSICIAN","2"
"CRNP","Certified Registered Nurse Practitioner","2084P0805X","GERIATRIC PSYCHIATRY PHYSICIAN","2"
"CRNP","Certified Registered Nurse Practitioner","2085R0001X","RADIATION ONCOLOGY PHYSICIAN","2"
"CSFA","Certified School Food Administrator","208200000X","PLASTIC SURGERY PHYSICIAN","2"
"CSFA","Certified School Food Administrator","2086S0129X","VASCULAR SURGERY PHYSICIAN","2"
"CSFA","Certified School Food Administrator","208G00000X","THORACIC SURGERY (CARDIOTHORACIC VASCULAR SURGERY) PHYSICIAN","2"
"CSW","Clinical Social Worker","2084A0401X","ADDICTION MEDICINE (PSYCHIATRY & NEUROLOGY) PHYSICIAN","2"
"CSW","Clinical Social Worker","2084P0802X","ADDICTION PSYCHIATRY PHYSICIAN","2"
"CT","Computed Tomography Technologist","207ZC0500X","CYTOPATHOLOGY PHYSICIAN","2"
"DC","Doctor of Chiropractic","204C00000X","SPORTS MEDICINE (NEUROMUSCULOSKELETAL MEDICINE) PHYSICIAN","2"
"DC","Doctor of Chiropractic","204D00000X","NEUROMUSCULOSKELETAL MEDICINE & OMM PHYSICIAN","2"
"DC","Doctor of Chiropractic","204R00000X","ELECTRODIAGNOSTIC MEDICINE PHYSICIAN","2"
"DC","Doctor of Chiropractic","207PS0010X","SPORTS MEDICINE (EMERGENCY MEDICINE) PHYSICIAN","2"
"DC","Doctor of Chiropractic","2083X0100X","OCCUPATIONAL MEDICINE PHYSICIAN","2"
"DCNP","Dermatology Certified Nurse Practitioner","207N00000X","DERMATOLOGY PHYSICIAN","2"
"DDS","Doctor of Dental Surgery","207LP3000X","PEDIATRIC ANESTHESIOLOGY PHYSICIAN","2"
"DDS","Doctor of Dental Surgery","207Y00000X","OTOLARYNGOLOGY PHYSICIAN","2"
"DDS","Doctor of Dental Surgery","2081P2900X","PAIN MEDICINE (PHYSICAL MEDICINE & REHABILITATION) PHYSICIAN","2"
"DDS","Doctor of Dental Surgery","2084P0800X","PSYCHIATRY PHYSICIAN","2"
"DDS","Doctor of Dental Surgery","2086S0122X","PLASTIC AND RECONSTRUCTIVE SURGERY PHYSICIAN","2"
"DMD","Doctor of Medicine in Dentistry","207ZP0101X","ANATOMIC PATHOLOGY PHYSICIAN","2"
"DMD","Doctor of Medicine in Dentistry","208000000X","PEDIATRICS PHYSICIAN","2"
"DMD","Doctor of Medicine in Dentistry","2082S0099X","PLASTIC SURGERY WITHIN THE HEAD AND NECK (PLASTIC SURGERY) PHYSICIAN","2"
"DNP","Doctor of Nursing Practice","202D00000X","INTEGRATIVE MEDICINE PHYSICIAN","2"
"DNP","Doctor of Nursing Practice","204F00000X","TRANSPLANT SURGERY PHYSICIAN","2"
"DNP","Doctor of Nursing Practice","207K00000X","ALLERGY & IMMUNOLOGY PHYSICIAN","2"
"DNP","Doctor of Nursing Practice","207LC0200X","CRITICAL CARE MEDICINE (ANESTHESIOLOGY) PHYSICIAN","2"
"DNP","Doctor of Nursing Practice","207LP2900X","PAIN MEDICINE (ANESTHESIOLOGY) PHYSICIAN","2"
"DNP","Doctor of Nursing Practice","207PE0004X","EMERGENCY MEDICAL SERVICES (EMERGENCY MEDICINE) PHYSICIAN","2"
"DNP","Doctor of Nursing Practice","207RA0001X","ADVANCED HEART FAILURE AND TRANSPLANT CARDIOLOGY PHYSICIAN","2"
"DNP","Doctor of Nursing Practice","207RA0002X","ADULT CONGENITAL HEART DISEASE PHYSICIAN","2"
"DNP","Doctor of Nursing Practice","207RR0500X","RHEUMATOLOGY PHYSICIAN","2"
"DNP","Doctor of Nursing Practice","207RS0012X","SLEEP MEDICINE (INTERNAL MEDICINE) PHYSICIAN","2"
"DNP","Doctor of Nursing Practice","207VX0000X","OBSTETRICS PHYSICIAN","2"
"DNP","Doctor of Nursing Practice","2080A0000X","PEDIATRIC ADOLESCENT MEDICINE PHYSICIAN","2"
"DNP","Doctor of Nursing Practice","2080P0206X","PEDIATRIC GASTROENTEROLOGY PHYSICIAN","2"
"DNP","Doctor of Nursing Practice","2080P0208X","PEDIATRIC INFECTIOUS DISEASES PHYSICIAN","2"
"DNP","Doctor of Nursing Practice","2080P0216X","PEDIATRIC RHEUMATOLOGY PHYSICIAN","2"
"DNP","Doctor of Nursing Practice","2083X0100X","OCCUPATIONAL MEDICINE PHYSICIAN","2"
"DNP","Doctor of Nursing Practice","2084P0805X","GERIATRIC PSYCHIATRY PHYSICIAN","2"
"DNP","Doctor of Nursing Practice","2085R0204X","VASCULAR & INTERVENTIONAL RADIOLOGY PHYSICIAN","2"
"DNP","Doctor of Nursing Practice","2088P0231X","PEDIATRIC UROLOGY PHYSICIAN","2"
"DNP","Doctor of Nursing Practice","209800000X","LEGAL MEDICINE (M.D./D.O.) PHYSICIAN","2"
"DPM","Doctor of Podiatric Medicine","202K00000X","PHLEBOLOGY PHYSICIAN","2"
"DPM","Doctor of Podiatric Medicine","204D00000X","NEUROMUSCULOSKELETAL MEDICINE & OMM PHYSICIAN","2"
"DPM","Doctor of Podiatric Medicine","207N00000X","DERMATOLOGY PHYSICIAN","2"
"DPM","Doctor of Podiatric Medicine","207RG0300X","GERIATRIC MEDICINE (INTERNAL MEDICINE) PHYSICIAN","2"
"DPM","Doctor of Podiatric Medicine","208100000X","PHYSICAL MEDICINE & REHABILITATION PHYSICIAN","2"
"DPM","Doctor of Podiatric Medicine","208VP0000X","PAIN MEDICINE PHYSICIAN","2"
"DPT","Doctor of Physical Therapy","207QS0010X","SPORTS MEDICINE (FAMILY MEDICINE) PHYSICIAN","2"
"DPT","Doctor of Physical Therapy","207R00000X","INTERNAL MEDICINE PHYSICIAN","2"
"DPT","Doctor of Physical Therapy","2080P0008X","PEDIATRIC NEURODEVELOPMENTAL DISABILITIES PHYSICIAN","2"
"DPT","Doctor of Physical Therapy","2081P0301X","BRAIN INJURY MEDICINE (PHYSICAL MEDICINE & REHABILITATION) PHYSICIAN","2"
"DPT","Doctor of Physical Therapy","2083X0100X","OCCUPATIONAL MEDICINE PHYSICIAN","2"
"DPT","Doctor of Physical Therapy","2084N0400X","NEUROLOGY PHYSICIAN","2"
"DPT","Doctor of Physical Therapy","2085R0202X","DIAGNOSTIC RADIOLOGY PHYSICIAN","2"
"DT","Dance Therapist","2080P0006X","DEVELOPMENTAL - BEHAVIORAL PEDIATRICS PHYSICIAN","2"
"DVM","Doctor of Veterinary Medicine","207N00000X","DERMATOLOGY PHYSICIAN","2"
"DVM","Doctor of Veterinary Medicine","207RH0003X","HEMATOLOGY & ONCOLOGY PHYSICIAN","2"
"DVM","Doctor of Veterinary Medicine","2083P0901X","PUBLIC HEALTH & GENERAL PREVENTIVE MEDICINE PHYSICIAN","2"
"EMT","Emergency Medical Technician","207PS0010X","SPORTS MEDICINE (EMERGENCY MEDICINE) PHYSICIAN","2"
"EdD","Doctor of Education","208100000X","PHYSICAL MEDICINE & REHABILITATION PHYSICIAN","2"
"EdD","Doctor of Education","2084P0800X","PSYCHIATRY PHYSICIAN","2"
"FNP","Family Nurse Practitioner","202C00000X","INDEPENDENT MEDICAL EXAMINER PHYSICIAN","2"
"FNP","Family Nurse Practitioner","207LC0200X","CRITICAL CARE MEDICINE (ANESTHESIOLOGY) PHYSICIAN","2"
"FNP","Family Nurse Practitioner","207QB0002X","OBESITY MEDICINE (FAMILY MEDICINE) PHYSICIAN","2"
"FNP","Family Nurse Practitioner","207RA0000X","ADOLESCENT MEDICINE (INTERNAL MEDICINE) PHYSICIAN","2"
"FNP","Family Nurse Practitioner","207RH0000X","HEMATOLOGY (INTERNAL MEDICINE) PHYSICIAN","2"
"FNP","Family Nurse Practitioner","2080P0208X","PEDIATRIC INFECTIOUS DISEASES PHYSICIAN","2"
"FNP","Family Nurse Practitioner","2083S0010X","SPORTS MEDICINE (PREVENTIVE MEDICINE) PHYSICIAN","2"
"FNP","Family Nurse Practitioner","2085R0001X","RADIATION ONCOLOGY PHYSICIAN","2"
"FNP","Family Nurse Practitioner","2086S0102X","SURGICAL CRITICAL CARE PHYSICIAN","2"
"FNP","Family Nurse Practitioner","2086S0120X","PEDIATRIC SURGERY PHYSICIAN","2"
"FNP","Family Nurse Practitioner","2086S0127X","TRAUMA SURGERY PHYSICIAN","2"
"FNP","Family Nurse Practitioner","2088P0231X","PEDIATRIC UROLOGY PHYSICIAN","2"
"FNP","Family Nurse Practitioner","209800000X","LEGAL MEDICINE (M.D./D.O.) PHYSICIAN","2"
"FNP-BC","Family Nurse Practitioner Board Certified","207QB0002X","OBESITY MEDICINE (FAMILY MEDICINE) PHYSICIAN","2"
"FNP-BC","Family Nurse Practitioner Board Certified","207QS0010X","SPORTS MEDICINE (FAMILY MEDICINE) PHYSICIAN","2"
"FNP-BC","Family Nurse Practitioner Board Certified","207RC0200X","CRITICAL CARE MEDICINE (INTERNAL MEDICINE) PHYSICIAN","2"
"FNP-BC","Family Nurse Practitioner Board Certified","207RR0500X","RHEUMATOLOGY PHYSICIAN","2"
"FNP-BC","Family Nurse Practitioner Board Certified","207RS0012X","SLEEP MEDICINE (INTERNAL MEDICINE) PHYSICIAN","2"
"FNP-BC","Family Nurse Practitioner Board Certified","207VX0000X","OBSTETRICS PHYSICIAN","2"
"FNP-BC","Family Nurse Practitioner Board Certified","2080P0202X","PEDIATRIC CARDIOLOGY PHYSICIAN","2"
"FNP-BC","Family Nurse Practitioner Board Certified","2080P0206X","PEDIATRIC GASTROENTEROLOGY PHYSICIAN","2"
"FNP-BC","Family Nurse Practitioner Board Certified","208100000X","PHYSICAL MEDICINE & REHABILITATION PHYSICIAN","2"
"FNP-BC","Family Nurse Practitioner Board Certified","2083B0002X","OBESITY MEDICINE (PREVENTIVE MEDICINE) PHYSICIAN","2"
"FNP-BC","Family Nurse Practitioner Board Certified","2084A0401X","ADDICTION MEDICINE (PSYCHIATRY & NEUROLOGY) PHYSICIAN","2"
"FNP-BC","Family Nurse Practitioner Board Certified","2084B0040X","BEHAVIORAL NEUROLOGY & NEUROPSYCHIATRY PHYSICIAN","2"
"FNP-BC","Family Nurse Practitioner Board Certified","2085N0700X","NEURORADIOLOGY PHYSICIAN","2"
"FNP-BC","Family Nurse Practitioner Board Certified","208G00000X","THORACIC SURGERY (CARDIOTHORACIC VASCULAR SURGERY) PHYSICIAN","2"
"FNP-C","Family Nurse Practitioner","204F00000X","TRANSPLANT SURGERY PHYSICIAN","2"
"FNP-C","Family Nurse Practitioner","207KA0200X","ALLERGY PHYSICIAN","2"
"FNP-C","Family Nurse Practitioner","207LH0002X","HOSPICE AND PALLIATIVE MEDICINE (ANESTHESIOLOGY) PHYSICIAN","2"
"FNP-C","Family Nurse Practitioner","207PE0005X","UNDERSEA AND HYPERBARIC MEDICINE (EMERGENCY MEDICINE) PHYSICIAN","2"
"FNP-C","Family Nurse Practitioner","207RC0001X","CLINICAL CARDIAC ELECTROPHYSIOLOGY PHYSICIAN","2"
"FNP-C","Family Nurse Practitioner","207RH0000X","HEMATOLOGY (INTERNAL MEDICINE) PHYSICIAN","2"
"FNP-C","Family Nurse Practitioner","207VX0000X","OBSTETRICS PHYSICIAN","2"
"FNP-C","Family Nurse Practitioner","207XS0117X","ORTHOPAEDIC SURGERY OF THE SPINE PHYSICIAN","2"
"FNP-C","Family Nurse Practitioner","2080P0202X","PEDIATRIC CARDIOLOGY PHYSICIAN","2"
"FNP-C","Family Nurse Practitioner","2084P0804X","CHILD & ADOLESCENT PSYCHIATRY PHYSICIAN","2"
"FNP-C","Family Nurse Practitioner","2084P2900X","PAIN MEDICINE (PSYCHIATRY & NEUROLOGY) PHYSICIAN","2"
"FNP-C","Family Nurse Practitioner","2086S0127X","TRAUMA SURGERY PHYSICIAN","2"
"LAC","Licensed Acupuncturist","202D00000X","INTEGRATIVE MEDICINE PHYSICIAN","2"
"LAC","Licensed Acupuncturist","207Q00000X","FAMILY MEDICINE PHYSICIAN","2"
"LAC","Licensed Acupuncturist","207R00000X","INTERNAL MEDICINE PHYSICIAN","2"
"LADC","Licensed Alcohol and Drug Counselor","2084P0802X","ADDICTION PSYCHIATRY PHYSICIAN","2"
"LAT","Licensed Athletic Trainer","207X00000X","ORTHOPAEDIC SURGERY PHYSICIAN","2"
"LCADC","Licensed Clinical Alcohol and Drug Counselor","2084P0800X","PSYCHIATRY PHYSICIAN","2"
"LCSW","Licensed Clinical Social Worker","207RA0401X","ADDICTION MEDICINE (INTERNAL MEDICINE) PHYSICIAN","2"
"LCSW","Licensed Clinical Social Worker","2084N0600X","CLINICAL NEUROPHYSIOLOGY PHYSICIAN","2"
"LCSW","Licensed Clinical Social Worker","208M00000X","HOSPITALIST PHYSICIAN","2"
"LCSW-A","Licensed Clinical Social Worker Associate","2084P0800X","PSYCHIATRY PHYSICIAN","2"
"LCSWA","Licensed Clinical Social Worker Associate","2084P0804X","CHILD & ADOLESCENT PSYCHIATRY PHYSICIAN","2"
"LGPC","Licensed Graduate Professional Counselor","2084P0804X","CHILD & ADOLESCENT PSYCHIATRY PHYSICIAN","2"
"LGSW","Licensed Graduate Social Worker","2084P0800X","PSYCHIATRY PHYSICIAN","2"
"LISW","Licensed Independent Social Worker","2084P0802X","ADDICTION PSYCHIATRY PHYSICIAN","2"
"LMFT","Licensed Marriage and Family Therapist","207Q00000X","FAMILY MEDICINE PHYSICIAN","2"
"LMHCA","Licensed Mental Health Counselor Associate","2084P0800X","PSYCHIATRY PHYSICIAN","2"
"LMP","Licensed Massage Practitioner","204C00000X","SPORTS MEDICINE (NEUROMUSCULOSKELETAL MEDICINE) PHYSICIAN","2"
"LP","Licensed Psychologist","2084N0400X","NEUROLOGY PHYSICIAN","2"
"LPC","Licensed Professional Counselor","2084A0401X","ADDICTION MEDICINE (PSYCHIATRY & NEUROLOGY) PHYSICIAN","2"
"LPCA","Licensed Professional Counselor Associate","2084P0800X","PSYCHIATRY PHYSICIAN","2"
"LPN","Licensed Practical Nurse","202K00000X","PHLEBOLOGY PHYSICIAN","2"
"LPN","Licensed Practical Nurse","207P00000X","EMERGENCY MEDICINE PHYSICIAN","2"
"LPN","Licensed Practical Nurse","207RA0401X","ADDICTION MEDICINE (INTERNAL MEDICINE) PHYSICIAN","2"
"LPN","Licensed Practical Nurse","207X00000X","ORTHOPAEDIC SURGERY PHYSICIAN","2"
"LPN","Licensed Practical Nurse","2080A0000X","PEDIATRIC ADOLESCENT MEDICINE PHYSICIAN","2"
"LPN","Licensed Practical Nurse","208200000X","PLASTIC SURGERY PHYSICIAN","2"
"LPN","Licensed Practical Nurse","2083P0901X","PUBLIC HEALTH & GENERAL PREVENTIVE MEDICINE PHYSICIAN","2"
"LPTA","Licensed Physical Therapist Assistant","2081P2900X","PAIN MEDICINE (PHYSICAL MEDICINE & REHABILITATION) PHYSICIAN","2"
"LSW","Licensed Social Worker","2084A0401X","ADDICTION MEDICINE (PSYCHIATRY & NEUROLOGY) PHYSICIAN","2"
"LSW","Licensed Social Worker","2084N0400X","NEUROLOGY PHYSICIAN","2"
"LVN","Licensed Vocational Nurse","207Q00000X","FAMILY MEDICINE PHYSICIAN","2"
"LVN","Licensed Vocational Nurse","2084P0800X","PSYCHIATRY PHYSICIAN","2"
"MA","Master of Arts","204C00000X","SPORTS MEDICINE (NEUROMUSCULOSKELETAL MEDICINE) PHYSICIAN","2"
"MA","Master of Arts","207L00000X","ANESTHESIOLOGY PHYSICIAN","2"
"MA","Master of Arts","207RA0401X","ADDICTION MEDICINE (INTERNAL MEDICINE) PHYSICIAN","2"
"MA","Master of Arts","207RH0003X","HEMATOLOGY & ONCOLOGY PHYSICIAN","2"
"MA","Master of Arts","207RS0010X","SPORTS MEDICINE (INTERNAL MEDICINE) PHYSICIAN","2"
"MA","Master of Arts","2084N0400X","NEUROLOGY PHYSICIAN","2"
"MA","Master of Arts","2085R0202X","DIAGNOSTIC RADIOLOGY PHYSICIAN","2"
"MBA","Master of Business Administration","2081S0010X","SPORTS MEDICINE (PHYSICAL MEDICINE & REHABILITATION) PHYSICIAN","2"
"MBA","Master of Business Administration","2085R0205X","RADIOLOGICAL PHYSICS PHYSICIAN","2"
"MBA","Master of Business Administration","208D00000X","GENERAL PRACTICE PHYSICIAN","2"
"ME","Master of Engineering","208000000X","PEDIATRICS PHYSICIAN","2"
"MED","Master of Education","207PS0010X","SPORTS MEDICINE (EMERGENCY MEDICINE) PHYSICIAN","2"
"MED","Master of Education","207ZP0102X","ANATOMIC PATHOLOGY & CLINICAL PATHOLOGY PHYSICIAN","2"
"MED","Master of Education","2084P0800X","PSYCHIATRY PHYSICIAN","2"
"MFA","Master of Fine Arts","208100000X","PHYSICAL MEDICINE & REHABILITATION PHYSICIAN","2"
"MHC","Mental Health Counselor","207RH0003X","HEMATOLOGY & ONCOLOGY PHYSICIAN","2"
"MPA","Master of Public Administration","2081S0010X","SPORTS MEDICINE (PHYSICAL MEDICINE & REHABILITATION) PHYSICIAN","2"
"MPAS","Master of Physician Assistant Studies","207RG0100X","GASTROENTEROLOGY PHYSICIAN","2"
"MPAS","Master of Physician Assistant Studies","207RH0003X","HEMATOLOGY & ONCOLOGY PHYSICIAN","2"
"MPAS","Master of Physician Assistant Studies","207V00000X","OBSTETRICS & GYNECOLOGY PHYSICIAN","2"
"MPAS","Master of Physician Assistant Studies","208200000X","PLASTIC SURGERY PHYSICIAN","2"
"MPAS","Master of Physician Assistant Studies","2083X0100X","OCCUPATIONAL MEDICINE PHYSICIAN","2"
"MPAS","Master of Physician Assistant Studies","208600000X","SURGERY PHYSICIAN","2"
"MPAS","Master of Physician Assistant Studies","208800000X","UROLOGY PHYSICIAN","2"
"MPH","Master of Public Health","207RC0000X","CARDIOVASCULAR DISEASE PHYSICIAN","2"
"MPH","Master of Public Health","207RE0101X","ENDOCRINOLOGY, DIABETES & METABOLISM PHYSICIAN","2"
"MPH","Master of Public Health","207RH0003X","HEMATOLOGY & ONCOLOGY PHYSICIAN","2"
"MPH","Master of Public Health","208600000X","SURGERY PHYSICIAN","2"
"MPH","Master of Public Health","208800000X","UROLOGY PHYSICIAN","2"
"MS","Master of Science","207NS0135X","PROCEDURAL DERMATOLOGY PHYSICIAN","2"
"MS","Master of Science","207RC0200X","CRITICAL CARE MEDICINE (INTERNAL MEDICINE) PHYSICIAN","2"
"MS","Master of Science","207RG0300X","GERIATRIC MEDICINE (INTERNAL MEDICINE) PHYSICIAN","2"
"MS","Master of Science","207RS0010X","SPORTS MEDICINE (INTERNAL MEDICINE) PHYSICIAN","2"
"MS","Master of Science","207VG0400X","GYNECOLOGY PHYSICIAN","2"
"MS","Master of Science","207VM0101X","MATERNAL & FETAL MEDICINE PHYSICIAN","2"
"MS","Master of Science","207ZC0006X","CLINICAL PATHOLOGY PHYSICIAN","2"
"MS","Master of Science","207ZP0101X","ANATOMIC PATHOLOGY PHYSICIAN","2"
"MS","Master of Science","2081H0002X","HOSPICE AND PALLIATIVE MEDICINE (PHYSICAL MEDICINE & REHABILITATION) PHYSICIAN","2"
"MS","Master of Science","208200000X","PLASTIC SURGERY PHYSICIAN","2"
"MS","Master of Science","2084P0802X","ADDICTION PSYCHIATRY PHYSICIAN","2"
"MS","Master of Science","2086S0122X","PLASTIC AND RECONSTRUCTIVE SURGERY PHYSICIAN","2"
"MS","Master of Science","208VP0014X","INTERVENTIONAL PAIN MEDICINE PHYSICIAN","2"
"MSN","Master of Science in Nursing","202D00000X","INTEGRATIVE MEDICINE PHYSICIAN","2"
"MSN","Master of Science in Nursing","207KA0200X","ALLERGY PHYSICIAN","2"
"MSN","Master of Science in Nursing","207QA0000X","ADOLESCENT MEDICINE (FAMILY MEDICINE) PHYSICIAN","2"
"MSN","Master of Science in Nursing","207QB0002X","OBESITY MEDICINE (FAMILY MEDICINE) PHYSICIAN","2"
"MSN","Master of Science in Nursing","207QS1201X","SLEEP MEDICINE (FAMILY MEDICINE) PHYSICIAN","2"
"MSN","Master of Science in Nursing","207RA0401X","ADDICTION MEDICINE (INTERNAL MEDICINE) PHYSICIAN","2"
"MSN","Master of Science in Nursing","207RC0001X","CLINICAL CARDIAC ELECTROPHYSIOLOGY PHYSICIAN","2"
"MSN","Master of Science in Nursing","207RC0200X","CRITICAL CARE MEDICINE (INTERNAL MEDICINE) PHYSICIAN","2"
"MSN","Master of Science in Nursing","207RX0202X","MEDICAL ONCOLOGY PHYSICIAN","2"
"MSN","Master of Science in Nursing","207VX0201X","GYNECOLOGIC ONCOLOGY PHYSICIAN","2"
"MSN","Master of Science in Nursing","207XS0117X","ORTHOPAEDIC SURGERY OF THE SPINE PHYSICIAN","2"
"MSN","Master of Science in Nursing","207Y00000X","OTOLARYNGOLOGY PHYSICIAN","2"
"MSN","Master of Science in Nursing","2080P0202X","PEDIATRIC CARDIOLOGY PHYSICIAN","2"
"MSN","Master of Science in Nursing","2080P0205X","PEDIATRIC ENDOCRINOLOGY PHYSICIAN","2"
"MSN","Master of Science in Nursing","2083A0300X","ADDICTION MEDICINE (PREVENTIVE MEDICINE) PHYSICIAN","2"
"MSN","Master of Science in Nursing","2083P0011X","UNDERSEA AND HYPERBARIC MEDICINE (PREVENTIVE MEDICINE) PHYSICIAN","2"
"MSN","Master of Science in Nursing","2083X0100X","OCCUPATIONAL MEDICINE PHYSICIAN","2"
"MSN","Master of Science in Nursing","2084B0040X","BEHAVIORAL NEUROLOGY & NEUROPSYCHIATRY PHYSICIAN","2"
"MSN","Master of Science in Nursing","2084N0402X","NEUROLOGY WITH SPECIAL QUALIFICATIONS IN CHILD NEUROLOGY PHYSICIAN","2"
"MSN","Master of Science in Nursing","2084P0802X","ADDICTION PSYCHIATRY PHYSICIAN","2"
"MSN","Master of Science in Nursing","2084P0805X","GERIATRIC PSYCHIATRY PHYSICIAN","2"
"MSN","Master of Science in Nursing","2085R0001X","RADIATION ONCOLOGY PHYSICIAN","2"
"MSN","Master of Science in Nursing","2085R0202X","DIAGNOSTIC RADIOLOGY PHYSICIAN","2"
"MSN","Master of Science in Nursing","2086S0122X","PLASTIC AND RECONSTRUCTIVE SURGERY PHYSICIAN","2"
"MSN","Master of Science in Nursing","2086S0129X","VASCULAR SURGERY PHYSICIAN","2"
"MSN","Master of Science in Nursing","2086X0206X","SURGICAL ONCOLOGY PHYSICIAN","2"
"MSW","Master of Social Work","208D00000X","GENERAL PRACTICE PHYSICIAN","2"
"MT-BC","Music Therapist Board Certified","2080P0006X","DEVELOPMENTAL - BEHAVIORAL PEDIATRICS PHYSICIAN","2"
"MTH","Master of Theology","208100000X","PHYSICAL MEDICINE & REHABILITATION PHYSICIAN","2"
"ND","Doctor of Naturopathic Medicine","202C00000X","INDEPENDENT MEDICAL EXAMINER PHYSICIAN","2"
"ND","Doctor of Naturopathic Medicine","2083B0002X","OBESITY MEDICINE (PREVENTIVE MEDICINE) PHYSICIAN","2"
"NMD","Doctor of Naturopathic Medicine","207N00000X","DERMATOLOGY PHYSICIAN","2"
"NMD","Doctor of Naturopathic Medicine","208000000X","PEDIATRICS PHYSICIAN","2"
"NMD","Doctor of Naturopathic Medicine","2083P0901X","PUBLIC HEALTH & GENERAL PREVENTIVE MEDICINE PHYSICIAN","2"
"NMD","Doctor of Naturopathic Medicine","2083S0010X","SPORTS MEDICINE (PREVENTIVE MEDICINE) PHYSICIAN","2"
"NNP-BC","Neonatal Nurse Practitioner Board Certified","208M00000X","HOSPITALIST PHYSICIAN","2"
"NP","Nurse Practitioner","207RI0001X","CLINICAL & LABORATORY IMMUNOLOGY (INTERNAL MEDICINE) PHYSICIAN","2"
"NP","Nurse Practitioner","207U00000X","NUCLEAR MEDICINE PHYSICIAN","2"
"NP","Nurse Practitioner","207YS0123X","FACIAL PLASTIC SURGERY PHYSICIAN","2"
"NP","Nurse Practitioner","207YX0007X","PLASTIC SURGERY WITHIN THE HEAD & NECK (OTOLARYNGOLOGY) PHYSICIAN","2"
"NP","Nurse Practitioner","2081H0002X","HOSPICE AND PALLIATIVE MEDICINE (PHYSICAL MEDICINE & REHABILITATION) PHYSICIAN","2"
"NP","Nurse Practitioner","2083C0008X","CLINICAL INFORMATICS PHYSICIAN","2"
"NP","Nurse Practitioner","2083S0010X","SPORTS MEDICINE (PREVENTIVE MEDICINE) PHYSICIAN","2"
"NP","Nurse Practitioner","2084F0202X","FORENSIC PSYCHIATRY PHYSICIAN","2"
"NP","Nurse Practitioner","2084P0301X","BRAIN INJURY MEDICINE (PSYCHIATRY & NEUROLOGY) PHYSICIAN","2"
"NP","Nurse Practitioner","2088F0040X","UROGYNECOLOGY AND RECONSTRUCTIVE PELVIC SURGERY (UROLOGY) PHYSICIAN","2"
"NP","Nurse Practitioner","209800000X","LEGAL MEDICINE (M.D./D.O.) PHYSICIAN","2"
"NP-C","Nurse Practitioner Certified","202K00000X","PHLEBOLOGY PHYSICIAN","2"
"NP-C","Nurse Practitioner Certified","207QH0002X","HOSPICE AND PALLIATIVE MEDICINE (FAMILY MEDICINE) PHYSICIAN","2"
"NP-C","Nurse Practitioner Certified","207RC0001X","CLINICAL CARDIAC ELECTROPHYSIOLOGY PHYSICIAN","2"
"NP-C","Nurse Practitioner Certified","207RR0500X","RHEUMATOLOGY PHYSICIAN","2"
"NP-C","Nurse Practitioner Certified","2080P0206X","PEDIATRIC GASTROENTEROLOGY PHYSICIAN","2"
"NP-C","Nurse Practitioner Certified","2084N0402X","NEUROLOGY WITH SPECIAL QUALIFICATIONS IN CHILD NEUROLOGY PHYSICIAN","2"
"NP-C","Nurse Practitioner Certified","2085R0001X","RADIATION ONCOLOGY PHYSICIAN","2"
"NP-C","Nurse Practitioner Certified","2086S0122X","PLASTIC AND RECONSTRUCTIVE SURGERY PHYSICIAN","2"
"NPC","Nurse Practitioner Certified","207P00000X","EMERGENCY MEDICINE PHYSICIAN","2"
"NPC","Nurse Practitioner Certified","207RE0101X","ENDOCRINOLOGY, DIABETES & METABOLISM PHYSICIAN","2"
"NPC","Nurse Practitioner Certified","207RI0011X","INTERVENTIONAL CARDIOLOGY PHYSICIAN","2"
"NURSE","Nurse","207LP2900X","PAIN MEDICINE (ANESTHESIOLOGY) PHYSICIAN","2"
"NURSE","Nurse","207N00000X","DERMATOLOGY PHYSICIAN","2"
"NURSE","Nurse","207QA0401X","ADDICTION MEDICINE (FAMILY MEDICINE) PHYSICIAN","2"
"NURSE","Nurse","207RE0101X","ENDOCRINOLOGY, DIABETES & METABOLISM PHYSICIAN","2"
"NURSE","Nurse","207RG0100X","GASTROENTEROLOGY PHYSICIAN","2"
"NURSE","Nurse","207RR0500X","RHEUMATOLOGY PHYSICIAN","2"
"NURSE","Nurse","207VG0400X","GYNECOLOGY PHYSICIAN","2"
"NURSE","Nurse","207VM0101X","MATERNAL & FETAL MEDICINE PHYSICIAN","2"
"NURSE","Nurse","207X00000X","ORTHOPAEDIC SURGERY PHYSICIAN","2"
"NURSE","Nurse","207Y00000X","OTOLARYNGOLOGY PHYSICIAN","2"
"NURSE","Nurse","2084N0400X","NEUROLOGY PHYSICIAN","2"
"NURSE","Nurse","2086S0102X","SURGICAL CRITICAL CARE PHYSICIAN","2"
"NURSE","Nurse","208VP0014X","INTERVENTIONAL PAIN MEDICINE PHYSICIAN","2"
"OD","Doctor of Optometry","207RN0300X","NEPHROLOGY PHYSICIAN","2"
"OD","Doctor of Optometry","207WX0110X","PEDIATRIC OPHTHALMOLOGY AND STRABISMUS SPECIALIST PHYSICIAN","2"
"OD","Doctor of Optometry","207WX0120X","CORNEA AND EXTERNAL DISEASES SPECIALIST PHYSICIAN","2"
"OD","Doctor of Optometry","208D00000X","GENERAL PRACTICE PHYSICIAN","2"
"OD","Doctor of Optometry","208M00000X","HOSPITALIST PHYSICIAN","2"
"OMD","Oriental Medicine Doctor","208D00000X","GENERAL PRACTICE PHYSICIAN","2"
"OMD","Oriental Medicine Doctor","208VP0000X","PAIN MEDICINE PHYSICIAN","2"
"OMFS","Oral and Maxillofacial Surgeon","204E00000X","ORAL & MAXILLOFACIAL SURGERY (D.M.D.)","2"
"OT","Occupational Therapist","204C00000X","SPORTS MEDICINE (NEUROMUSCULOSKELETAL MEDICINE) PHYSICIAN","2"
"OT","Occupational Therapist","2083P0500X","PREVENTIVE MEDICINE/OCCUPATIONAL ENVIRONMENTAL MEDICINE PHYSICIAN","2"
"OT/L","Occupational Therapist Licensed","208100000X","PHYSICAL MEDICINE & REHABILITATION PHYSICIAN","2"
"OTD","Doctor of Occupational Therapy","208000000X","PEDIATRICS PHYSICIAN","2"
"OTD","Doctor of Occupational Therapy","2080P0006X","DEVELOPMENTAL - BEHAVIORAL PEDIATRICS PHYSICIAN","2"
"OTR","Occupational Therapist Registered","204C00000X","SPORTS MEDICINE (NEUROMUSCULOSKELETAL MEDICINE) PHYSICIAN","2"
"OTR","Occupational Therapist Registered","2080P0008X","PEDIATRIC NEURODEVELOPMENTAL DISABILITIES PHYSICIAN","2"
"OTR","Occupational Therapist Registered","2081S0010X","SPORTS MEDICINE (PHYSICAL MEDICINE & REHABILITATION) PHYSICIAN","2"
"OTR","Occupational Therapist Registered","208M00000X","HOSPITALIST PHYSICIAN","2"
"OTR/L","Occupational Therapist Registered/Licensed","207R00000X","INTERNAL MEDICINE PHYSICIAN","2"
"OTR/L","Occupational Therapist Registered/Licensed","2080P0008X","PEDIATRIC NEURODEVELOPMENTAL DISABILITIES PHYSICIAN","2"
"OTR/L","Occupational Therapist Registered/Licensed","2081S0010X","SPORTS MEDICINE (PHYSICAL MEDICINE & REHABILITATION) PHYSICIAN","2"
"OTRL","Occupational Therapist Registered Licensed","208000000X","PEDIATRICS PHYSICIAN","2"
"PA","Physician Assistant","207ND0101X","MOHS-MICROGRAPHIC SURGERY PHYSICIAN","2"
"PA","Physician Assistant","207PE0005X","UNDERSEA AND HYPERBARIC MEDICINE (EMERGENCY MEDICINE) PHYSICIAN","2"
"PA","Physician Assistant","207PT0002X","MEDICAL TOXICOLOGY (EMERGENCY MEDICINE) PHYSICIAN","2"
"PA","Physician Assistant","207QB0002X","OBESITY MEDICINE (FAMILY MEDICINE) PHYSICIAN","2"
"PA","Physician Assistant","207RA0000X","ADOLESCENT MEDICINE (INTERNAL MEDICINE) PHYSICIAN","2"
"PA","Physician Assistant","207RA0201X","ALLERGY & IMMUNOLOGY (INTERNAL MEDICINE) PHYSICIAN","2"
"PA","Physician Assistant","207RI0008X","HEPATOLOGY PHYSICIAN","2"
"PA","Physician Assistant","2081P0004X","SPINAL CORD INJURY MEDICINE PHYSICIAN","2"
"PA","Physician Assistant","2081P0010X","PEDIATRIC REHABILITATION MEDICINE PHYSICIAN","2"
"PA","Physician Assistant","2082S0105X","SURGERY OF THE HAND (PLASTIC SURGERY) PHYSICIAN","2"
"PA","Physician Assistant","2083B0002X","OBESITY MEDICINE (PREVENTIVE MEDICINE) PHYSICIAN","2"
"PA","Physician Assistant","2084P0301X","BRAIN INJURY MEDICINE (PSYCHIATRY & NEUROLOGY) PHYSICIAN","2"
"PA","Physician Assistant","2084P0805X","GERIATRIC PSYCHIATRY PHYSICIAN","2"
"PA","Physician Assistant","2085N0904X","NUCLEAR RADIOLOGY PHYSICIAN","2"
"PA","Physician Assistant","2086S0105X","SURGERY OF THE HAND (SURGERY) PHYSICIAN","2"
"PA","Physician Assistant","2088P0231X","PEDIATRIC UROLOGY PHYSICIAN","2"
"PA-C","Physician Assistant Certified","204C00000X","SPORTS MEDICINE (NEUROMUSCULOSKELETAL MEDICINE) PHYSICIAN","2"
"PA-C","Physician Assistant Certified","204D00000X","NEUROMUSCULOSKELETAL MEDICINE & OMM PHYSICIAN","2"
"PA-C","Physician Assistant Certified","207QB0002X","OBESITY MEDICINE (FAMILY MEDICINE) PHYSICIAN","2"
"PA-C","Physician Assistant Certified","207QH0002X","HOSPICE AND PALLIATIVE MEDICINE (FAMILY MEDICINE) PHYSICIAN","2"
"PA-C","Physician Assistant Certified","207QS1201X","SLEEP MEDICINE (FAMILY MEDICINE) PHYSICIAN","2"
"PA-C","Physician Assistant Certified","207RA0000X","ADOLESCENT MEDICINE (INTERNAL MEDICINE) PHYSICIAN","2"
"PA-C","Physician Assistant Certified","207RI0008X","HEPATOLOGY PHYSICIAN","2"
"PA-C","Physician Assistant Certified","207WX0107X","RETINA SPECIALIST (OPHTHALMOLOGY) PHYSICIAN","2"
"PA-C","Physician Assistant Certified","207WX0200X","OPHTHALMIC PLASTIC AND RECONSTRUCTIVE SURGERY PHYSICIAN","2"
"PA-C","Physician Assistant Certified","207YX0602X","OTOLARYNGIC ALLERGY PHYSICIAN","2"
"PA-C","Physician Assistant Certified","207YX0901X","OTOLOGY & NEUROTOLOGY PHYSICIAN","2"
"PA-C","Physician Assistant Certified","2081S0010X","SPORTS MEDICINE (PHYSICAL MEDICINE & REHABILITATION) PHYSICIAN","2"
"PA-C","Physician Assistant Certified","2082S0105X","SURGERY OF THE HAND (PLASTIC SURGERY) PHYSICIAN","2"
"PA-C","Physician Assistant Certified","2083P0500X","PREVENTIVE MEDICINE/OCCUPATIONAL ENVIRONMENTAL MEDICINE PHYSICIAN","2"
"PA-C","Physician Assistant Certified","2084N0402X","NEUROLOGY WITH SPECIAL QUALIFICATIONS IN CHILD NEUROLOGY PHYSICIAN","2"
"PA-C","Physician Assistant Certified","2084P2900X","PAIN MEDICINE (PSYCHIATRY & NEUROLOGY) PHYSICIAN","2"
"PA-C","Physician Assistant Certified","2084V0102X","VASCULAR NEUROLOGY PHYSICIAN","2"
"PA-C","Physician Assistant Certified","2085U0001X","DIAGNOSTIC ULTRASOUND PHYSICIAN","2"
"PA-C","Physician Assistant Certified","2088F0040X","UROGYNECOLOGY AND RECONSTRUCTIVE PELVIC SURGERY (UROLOGY) PHYSICIAN","2"
"PA-S","Physician Assistant Student","207P00000X","EMERGENCY MEDICINE PHYSICIAN","2"
"PA-S","Physician Assistant Student","207V00000X","OBSTETRICS & GYNECOLOGY PHYSICIAN","2"
"PA-S","Physician Assistant Student","207X00000X","ORTHOPAEDIC SURGERY PHYSICIAN","2"
"PA-S","Physician Assistant Student","2084P0800X","PSYCHIATRY PHYSICIAN","2"
"PA-S","Physician Assistant Student","2085R0204X","VASCULAR & INTERVENTIONAL RADIOLOGY PHYSICIAN","2"
"PA-S","Physician Assistant Student","208M00000X","HOSPITALIST PHYSICIAN","2"
"PAC","Physician Assistant Certified","204F00000X","TRANSPLANT SURGERY PHYSICIAN","2"
"PAC","Physician Assistant Certified","207KA0200X","ALLERGY PHYSICIAN","2"
"PAC","Physician Assistant Certified","207NI0002X","CLINICAL & LABORATORY DERMATOLOGICAL IMMUNOLOGY PHYSICIAN","2"
"PAC","Physician Assistant Certified","207RA0401X","ADDICTION MEDICINE (INTERNAL MEDICINE) PHYSICIAN","2"
"PAC","Physician Assistant Certified","207RH0002X","HOSPICE AND PALLIATIVE MEDICINE (INTERNAL MEDICINE) PHYSICIAN","2"
"PAC","Physician Assistant Certified","207RS0012X","SLEEP MEDICINE (INTERNAL MEDICINE) PHYSICIAN","2"
"PAC","Physician Assistant Certified","207VX0201X","GYNECOLOGIC ONCOLOGY PHYSICIAN","2"
"PAC","Physician Assistant Certified","2083P0500X","PREVENTIVE MEDICINE/OCCUPATIONAL ENVIRONMENTAL MEDICINE PHYSICIAN","2"
"PAC","Physician Assistant Certified","2083X0100X","OCCUPATIONAL MEDICINE PHYSICIAN","2"
"PAC","Physician Assistant Certified","2086S0122X","PLASTIC AND RECONSTRUCTIVE SURGERY PHYSICIAN","2"
"PC","Pharmacist Clinician","2080P0203X","PEDIATRIC CRITICAL CARE MEDICINE PHYSICIAN","2"
"PC","Pharmacist Clinician","2086S0120X","PEDIATRIC SURGERY PHYSICIAN","2"
"PHD","Doctor of Philosophy","207K00000X","ALLERGY & IMMUNOLOGY PHYSICIAN","2"
"PHD","Doctor of Philosophy","207P00000X","EMERGENCY MEDICINE PHYSICIAN","2"
"PHD","Doctor of Philosophy","207QA0401X","ADDICTION MEDICINE (FAMILY MEDICINE) PHYSICIAN","2"
"PHD","Doctor of Philosophy","207RC0001X","CLINICAL CARDIAC ELECTROPHYSIOLOGY PHYSICIAN","2"
"PHD","Doctor of Philosophy","207RG0100X","GASTROENTEROLOGY PHYSICIAN","2"
"PHD","Doctor of Philosophy","207RG0300X","GERIATRIC MEDICINE (INTERNAL MEDICINE) PHYSICIAN","2"
"PHD","Doctor of Philosophy","207RI0011X","INTERVENTIONAL CARDIOLOGY PHYSICIAN","2"
"PHD","Doctor of Philosophy","207RI0200X","INFECTIOUS DISEASE PHYSICIAN","2"
"PHD","Doctor of Philosophy","207SG0201X","CLINICAL GENETICS (M.D.) PHYSICIAN","2"
"PHD","Doctor of Philosophy","207SM0001X","MOLECULAR GENETIC PATHOLOGY (MEDICAL GENETICS) PHYSICIAN","2"
"PHD","Doctor of Philosophy","207ZP0101X","ANATOMIC PATHOLOGY PHYSICIAN","2"
"PHD","Doctor of Philosophy","2080P0008X","PEDIATRIC NEURODEVELOPMENTAL DISABILITIES PHYSICIAN","2"
"PHD","Doctor of Philosophy","2081S0010X","SPORTS MEDICINE (PHYSICAL MEDICINE & REHABILITATION) PHYSICIAN","2"
"PHD","Doctor of Philosophy","2083B0002X","OBESITY MEDICINE (PREVENTIVE MEDICINE) PHYSICIAN","2"
"PHD","Doctor of Philosophy","2083S0010X","SPORTS MEDICINE (PREVENTIVE MEDICINE) PHYSICIAN","2"
"PHD","Doctor of Philosophy","2084A0401X","ADDICTION MEDICINE (PSYCHIATRY & NEUROLOGY) PHYSICIAN","2"
"PHD","Doctor of Philosophy","2084P0005X","NEURODEVELOPMENTAL DISABILITIES PHYSICIAN","2"
"PHD","Doctor of Philosophy","2084P0802X","ADDICTION PSYCHIATRY PHYSICIAN","2"
"PHD","Doctor of Philosophy","208VP0000X","PAIN MEDICINE PHYSICIAN","2"
"PHD","Doctor of Philosophy","208VP0014X","INTERVENTIONAL PAIN MEDICINE PHYSICIAN","2"
"PMHNP","Psychiatric Mental Health Nurse Practitioner","207LP2900X","PAIN MEDICINE (ANESTHESIOLOGY) PHYSICIAN","2"
"PMHNP","Psychiatric Mental Health Nurse Practitioner","207P00000X","EMERGENCY MEDICINE PHYSICIAN","2"
"PMHNP","Psychiatric Mental Health Nurse Practitioner","207QA0401X","ADDICTION MEDICINE (FAMILY MEDICINE) PHYSICIAN","2"
"PMHNP","Psychiatric Mental Health Nurse Practitioner","207QG0300X","GERIATRIC MEDICINE (FAMILY MEDICINE) PHYSICIAN","2"
"PMHNP","Psychiatric Mental Health Nurse Practitioner","2083A0300X","ADDICTION MEDICINE (PREVENTIVE MEDICINE) PHYSICIAN","2"
"PMHNP","Psychiatric Mental Health Nurse Practitioner","2084F0202X","FORENSIC PSYCHIATRY PHYSICIAN","2"
"PMHNP","Psychiatric Mental Health Nurse Practitioner","2084N0600X","CLINICAL NEUROPHYSIOLOGY PHYSICIAN","2"
"PMHNP","Psychiatric Mental Health Nurse Practitioner","208M00000X","HOSPITALIST PHYSICIAN","2"
"PMHNP-BC","Psychiatric Mental Health Nurse Practitioner Board Certified","2080P0006X","DEVELOPMENTAL - BEHAVIORAL PEDIATRICS PHYSICIAN","2"
"PMHNP-BC","Psychiatric Mental Health Nurse Practitioner Board Certified","2083P0901X","PUBLIC HEALTH & GENERAL PREVENTIVE MEDICINE PHYSICIAN","2"
"PMHNP-BC","Psychiatric Mental Health Nurse Practitioner Board Certified","2084P0005X","NEURODEVELOPMENTAL DISABILITIES PHYSICIAN","2"
"PNP","Pediatric Nurse Practitioner","207LP3000X","PEDIATRIC ANESTHESIOLOGY PHYSICIAN","2"
"PNP","Pediatric Nurse Practitioner","207PP0204X","PEDIATRIC EMERGENCY MEDICINE (EMERGENCY MEDICINE) PHYSICIAN","2"
"PNP","Pediatric Nurse Practitioner","2080N0001X","NEONATAL-PERINATAL MEDICINE PHYSICIAN","2"
"PNP","Pediatric Nurse Practitioner","2080P0006X","DEVELOPMENTAL - BEHAVIORAL PEDIATRICS PHYSICIAN","2"
"PNP","Pediatric Nurse Practitioner","2080P0008X","PEDIATRIC NEURODEVELOPMENTAL DISABILITIES PHYSICIAN","2"
"PNP","Pediatric Nurse Practitioner","2080P0201X","PEDIATRIC ALLERGY/IMMUNOLOGY PHYSICIAN","2"
"PNP","Pediatric Nurse Practitioner","2088P0231X","PEDIATRIC UROLOGY PHYSICIAN","2"
"PT","Physical Therapist","207QA0505X","ADULT MEDICINE PHYSICIAN","2"
"PTA","Physical Therapist Assistant","2080P0008X","PEDIATRIC NEURODEVELOPMENTAL DISABILITIES PHYSICIAN","2"
"PTA","Physical Therapist Assistant","2081P0301X","BRAIN INJURY MEDICINE (PHYSICAL MEDICINE & REHABILITATION) PHYSICIAN","2"
"PharmD","Doctor of Pharmacy","202C00000X","INDEPENDENT MEDICAL EXAMINER PHYSICIAN","2"
"PharmD","Doctor of Pharmacy","207RI0200X","INFECTIOUS DISEASE PHYSICIAN","2"
"PharmD","Doctor of Pharmacy","208000000X","PEDIATRICS PHYSICIAN","2"
"PharmD","Doctor of Pharmacy","2084P0800X","PSYCHIATRY PHYSICIAN","2"
"PsyD","Doctor of Psychology","202C00000X","INDEPENDENT MEDICAL EXAMINER PHYSICIAN","2"
"PsyD","Doctor of Psychology","207LP2900X","PAIN MEDICINE (ANESTHESIOLOGY) PHYSICIAN","2"
"PsyD","Doctor of Psychology","207R00000X","INTERNAL MEDICINE PHYSICIAN","2"
"RD","Registered Dietitian","207RN0300X","NEPHROLOGY PHYSICIAN","2"
"RD","Registered Dietitian","207V00000X","OBSTETRICS & GYNECOLOGY PHYSICIAN","2"
"RD","Registered Dietitian","208100000X","PHYSICAL MEDICINE & REHABILITATION PHYSICIAN","2"
"RD","Registered Dietitian","2083P0500X","PREVENTIVE MEDICINE/OCCUPATIONAL ENVIRONMENTAL MEDICINE PHYSICIAN","2"
"RD","Registered Dietitian","208D00000X","GENERAL PRACTICE PHYSICIAN","2"
"RDCS","Registered Diagnostic Cardiac Sonographer","2085R0202X","DIAGNOSTIC RADIOLOGY PHYSICIAN","2"
"RDN","Registered Dietitian Nutritionist","207R00000X","INTERNAL MEDICINE PHYSICIAN","2"
"RDN","Registered Dietitian Nutritionist","207RE0101X","ENDOCRINOLOGY, DIABETES & METABOLISM PHYSICIAN","2"
"RDN","Registered Dietitian Nutritionist","2080P0206X","PEDIATRIC GASTROENTEROLOGY PHYSICIAN","2"
"RDN","Registered Dietitian Nutritionist","208600000X","SURGERY PHYSICIAN","2"
"RMA","Registered Medical Assistant","202K00000X","PHLEBOLOGY PHYSICIAN","2"
"RN","Registered Nurse","207KA0200X","ALLERGY PHYSICIAN","2"
"RN","Registered Nurse","207LC0200X","CRITICAL CARE MEDICINE (ANESTHESIOLOGY) PHYSICIAN","2"
"RN","Registered Nurse","207LP3000X","PEDIATRIC ANESTHESIOLOGY PHYSICIAN","2"
"RN","Registered Nurse","207QA0000X","ADOLESCENT MEDICINE (FAMILY MEDICINE) PHYSICIAN","2"
"RN","Registered Nurse","207QB0002X","OBESITY MEDICINE (FAMILY MEDICINE) PHYSICIAN","2"
"RN","Registered Nurse","207RC0001X","CLINICAL CARDIAC ELECTROPHYSIOLOGY PHYSICIAN","2"
"RN","Registered Nurse","207RI0001X","CLINICAL & LABORATORY IMMUNOLOGY (INTERNAL MEDICINE) PHYSICIAN","2"
"RN","Registered Nurse","207RI0011X","INTERVENTIONAL CARDIOLOGY PHYSICIAN","2"
"RN","Registered Nurse","207SG0207X","MEDICAL BIOCHEMICAL GENETICS","2"
"RN","Registered Nurse","207UN0902X","NUCLEAR IMAGING & THERAPY PHYSICIAN","2"
"RN","Registered Nurse","207XS0117X","ORTHOPAEDIC SURGERY OF THE SPINE PHYSICIAN","2"
"RN","Registered Nurse","207ZF0201X","FORENSIC PATHOLOGY PHYSICIAN","2"
"RN","Registered Nurse","2080C0008X","CHILD ABUSE PEDIATRICS PHYSICIAN","2"
"RN","Registered Nurse","2080P0206X","PEDIATRIC GASTROENTEROLOGY PHYSICIAN","2"
"RN","Registered Nurse","2081P0004X","SPINAL CORD INJURY MEDICINE PHYSICIAN","2"
"RN","Registered Nurse","2083A0300X","ADDICTION MEDICINE (PREVENTIVE MEDICINE) PHYSICIAN","2"
"RN","Registered Nurse","2083B0002X","OBESITY MEDICINE (PREVENTIVE MEDICINE) PHYSICIAN","2"
"RN","Registered Nurse","2083C0008X","CLINICAL INFORMATICS PHYSICIAN","2"
"RN","Registered Nurse","2083P0011X","UNDERSEA AND HYPERBARIC MEDICINE (PREVENTIVE MEDICINE) PHYSICIAN","2"
"RN","Registered Nurse","2085R0001X","RADIATION ONCOLOGY PHYSICIAN","2"
"RN","Registered Nurse","2085U0001X","DIAGNOSTIC ULTRASOUND PHYSICIAN","2"
"RN","Registered Nurse","2086S0120X","PEDIATRIC SURGERY PHYSICIAN","2"
"RN","Registered Nurse","2086X0206X","SURGICAL ONCOLOGY PHYSICIAN","2"
"RN","Registered Nurse","209800000X","LEGAL MEDICINE (M.D./D.O.) PHYSICIAN","2"
"RNC-NIC","Neonatal Intensive Care Nursing","2080N0001X","NEONATAL-PERINATAL MEDICINE PHYSICIAN","2"
"RNC-OB","Inpatient Obstetric Nursing","207V00000X","OBSTETRICS & GYNECOLOGY PHYSICIAN","2"
"RNFA","Registered Nurse First Assistant","207T00000X","NEUROLOGICAL SURGERY PHYSICIAN","2"
"RNFA","Registered Nurse First Assistant","208200000X","PLASTIC SURGERY PHYSICIAN","2"
"RPA","Registered Physician Assistant","207XX0005X","SPORTS MEDICINE (ORTHOPAEDIC SURGERY) PHYSICIAN","2"
"RPA","Registered Physician Assistant","208800000X","UROLOGY PHYSICIAN","2"
"RPA-C","Registered Physician Assistant Certified","207V00000X","OBSTETRICS & GYNECOLOGY PHYSICIAN","2"
"RPA-C","Registered Physician Assistant Certified","208600000X","SURGERY PHYSICIAN","2"
"RPT","Registered Physical Therapist","202K00000X","PHLEBOLOGY PHYSICIAN","2"
"SLP","Speech-Language Pathologist","207ZC0006X","CLINICAL PATHOLOGY PHYSICIAN","2"
"SLP","Speech-Language Pathologist","208000000X","PEDIATRICS PHYSICIAN","2"
"STUDENT","Student","208000000X","PEDIATRICS PHYSICIAN","2"
"STUDENT","Student","208D00000X","GENERAL PRACTICE PHYSICIAN","2"
"VMD","Doctor of Veterinary Medicine","207R00000X","INTERNAL MEDICINE PHYSICIAN","2"
"WHNP","Womens Health Nurse Practitioner","207R00000X","INTERNAL MEDICINE PHYSICIAN","2"
"WHNP","Womens Health Nurse Practitioner","207VE0102X","REPRODUCTIVE ENDOCRINOLOGY PHYSICIAN","2"
"WHNP","Womens Health Nurse Practitioner","207VM0101X","MATERNAL & FETAL MEDICINE PHYSICIAN","2"
"WHNP-BC","Womens Health Nurse Practitioner Board Certified","207R00000X","INTERNAL MEDICINE PHYSICIAN","2"
"WHNP-BC","Womens Health Nurse Practitioner Board Certified","207VF0040X","UROGYNECOLOGY AND RECONSTRUCTIVE PELVIC SURGERY (OBSTETRICS & GYNECOLOGY) PHYSICIAN","2"
"AA","Associate of Arts","207P00000X","EMERGENCY MEDICINE PHYSICIAN","1"
"AA","Associate of Arts","207Q00000X","FAMILY MEDICINE PHYSICIAN","1"
"AA","Associate of Arts","208100000X","PHYSICAL MEDICINE & REHABILITATION PHYSICIAN","1"
"AA","Associate of Arts","208600000X","SURGERY PHYSICIAN","1"
"AAS","Associate of Applied Science","207W00000X","OPHTHALMOLOGY PHYSICIAN","1"
"AAS","Associate of Applied Science","208100000X","PHYSICAL MEDICINE & REHABILITATION PHYSICIAN","1"
"AAS","Associate of Applied Science","2085R0202X","DIAGNOSTIC RADIOLOGY PHYSICIAN","1"
"ABO","American Board of Otolaryngology","207W00000X","OPHTHALMOLOGY PHYSICIAN","1"
"ABPN","American Board of Psychiatry and Neurology","208000000X","PEDIATRICS PHYSICIAN","1"
"ABPN","American Board of Psychiatry and Neurology","2080P0207X","PEDIATRIC HEMATOLOGY & ONCOLOGY PHYSICIAN","1"
"ABPN","American Board of Psychiatry and Neurology","2084P0005X","NEURODEVELOPMENTAL DISABILITIES PHYSICIAN","1"
"ABPN","American Board of Psychiatry and Neurology","2084P0804X","CHILD & ADOLESCENT PSYCHIATRY PHYSICIAN","1"
"ACCNS-AG","Acute Care Clinical Nurse Specialist (Adult-Gerontology)","207T00000X","NEUROLOGICAL SURGERY PHYSICIAN","1"
"ACCNS-AG","Acute Care Clinical Nurse Specialist (Adult-Gerontology)","208100000X","PHYSICAL MEDICINE & REHABILITATION PHYSICIAN","1"
"ACCNS-N","Acute Care Clinical Nurse Specialist (Neonatal)","2080N0001X","NEONATAL-PERINATAL MEDICINE PHYSICIAN","1"
"ACCNS-P","Acute Care Clinical Nurse Specialist (Pediatric)","2080P0203X","PEDIATRIC CRITICAL CARE MEDICINE PHYSICIAN","1"
"ACHPN","Advanced Certified Hospice and Palliative Nurse","2084H0002X","HOSPICE AND PALLIATIVE MEDICINE (PSYCHIATRY & NEUROLOGY) PHYSICIAN","1"
"ACHPN","Advanced Certified Hospice and Palliative Nurse","208VP0000X","PAIN MEDICINE PHYSICIAN","1"
"ACNP","Acute Care Nurse Practitioner","207L00000X","ANESTHESIOLOGY PHYSICIAN","1"
"ACNP","Acute Care Nurse Practitioner","207RC0001X","CLINICAL CARDIAC ELECTROPHYSIOLOGY PHYSICIAN","1"
"ACNP","Acute Care Nurse Practitioner","207RE0101X","ENDOCRINOLOGY, DIABETES & METABOLISM PHYSICIAN","1"
"ACNP","Acute Care Nurse Practitioner","207W00000X","OPHTHALMOLOGY PHYSICIAN","1"
"ACNP","Acute Care Nurse Practitioner","2084P0800X","PSYCHIATRY PHYSICIAN","1"
"ACNP","Acute Care Nurse Practitioner","2085R0204X","VASCULAR & INTERVENTIONAL RADIOLOGY PHYSICIAN","1"
"ACNP","Acute Care Nurse Practitioner","2086S0102X","SURGICAL CRITICAL CARE PHYSICIAN","1"
"ACNP","Acute Care Nurse Practitioner","2086S0127X","TRAUMA SURGERY PHYSICIAN","1"
"ACNP","Acute Care Nurse Practitioner","208800000X","UROLOGY PHYSICIAN","1"
"ACNP-BC","Acute Care Nurse Practitioner Board Certified","207L00000X","ANESTHESIOLOGY PHYSICIAN","1"
"ACNP-BC","Acute Care Nurse Practitioner Board Certified","207N00000X","DERMATOLOGY PHYSICIAN","1"
"ACNP-BC","Acute Care Nurse Practitioner Board Certified","207P00000X","EMERGENCY MEDICINE PHYSICIAN","1"
"ACNP-BC","Acute Care Nurse Practitioner Board Certified","207RH0003X","HEMATOLOGY & ONCOLOGY PHYSICIAN","1"
"ACNP-BC","Acute Care Nurse Practitioner Board Certified","207RI0011X","INTERVENTIONAL CARDIOLOGY PHYSICIAN","1"
"ACNP-BC","Acute Care Nurse Practitioner Board Certified","207RI0200X","INFECTIOUS DISEASE PHYSICIAN","1"
"ACNP-BC","Acute Care Nurse Practitioner Board Certified","207RP1001X","PULMONARY DISEASE PHYSICIAN","1"
"ACNP-BC","Acute Care Nurse Practitioner Board Certified","207RX0202X","MEDICAL ONCOLOGY PHYSICIAN","1"
"ACNP-BC","Acute Care Nurse Practitioner Board Certified","207W00000X","OPHTHALMOLOGY PHYSICIAN","1"
"ACNP-BC","Acute Care Nurse Practitioner Board Certified","207X00000X","ORTHOPAEDIC SURGERY PHYSICIAN","1"
"ACNP-BC","Acute Care Nurse Practitioner Board Certified","208000000X","PEDIATRICS PHYSICIAN","1"
"ACNP-BC","Acute Care Nurse Practitioner Board Certified","2086S0102X","SURGICAL CRITICAL CARE PHYSICIAN","1"
"ACNP-BC","Acute Care Nurse Practitioner Board Certified","2086S0129X","VASCULAR SURGERY PHYSICIAN","1"
"ACNP-BC","Acute Care Nurse Practitioner Board Certified","208G00000X","THORACIC SURGERY (CARDIOTHORACIC VASCULAR SURGERY) PHYSICIAN","1"
"ACNP-BC","Acute Care Nurse Practitioner Board Certified","208VP0014X","INTERVENTIONAL PAIN MEDICINE PHYSICIAN","1"
"ACNPC","Acute Care Nurse Practitioner Certified","207Q00000X","FAMILY MEDICINE PHYSICIAN","1"
"ACNPC","Acute Care Nurse Practitioner Certified","207RC0200X","CRITICAL CARE MEDICINE (INTERNAL MEDICINE) PHYSICIAN","1"
"ACNPC","Acute Care Nurse Practitioner Certified","207RH0003X","HEMATOLOGY & ONCOLOGY PHYSICIAN","1"
"ACNPC-AG","Acute Care Nurse Practitioner Certified (Adult-Gerontology)","207P00000X","EMERGENCY MEDICINE PHYSICIAN","1"
"ACNPC-AG","Acute Care Nurse Practitioner Certified (Adult-Gerontology)","207PE0004X","EMERGENCY MEDICAL SERVICES (EMERGENCY MEDICINE) PHYSICIAN","1"
"ACNPC-AG","Acute Care Nurse Practitioner Certified (Adult-Gerontology)","207R00000X","INTERNAL MEDICINE PHYSICIAN","1"
"ACNPC-AG","Acute Care Nurse Practitioner Certified (Adult-Gerontology)","207RH0002X","HOSPICE AND PALLIATIVE MEDICINE (INTERNAL MEDICINE) PHYSICIAN","1"
"ACNPC-AG","Acute Care Nurse Practitioner Certified (Adult-Gerontology)","207RH0003X","HEMATOLOGY & ONCOLOGY PHYSICIAN","1"
"ACNPC-AG","Acute Care Nurse Practitioner Certified (Adult-Gerontology)","207RI0011X","INTERVENTIONAL CARDIOLOGY PHYSICIAN","1"
"ACNPC-AG","Acute Care Nurse Practitioner Certified (Adult-Gerontology)","207RN0300X","NEPHROLOGY PHYSICIAN","1"
"ACNPC-AG","Acute Care Nurse Practitioner Certified (Adult-Gerontology)","207T00000X","NEUROLOGICAL SURGERY PHYSICIAN","1"
"ACNPC-AG","Acute Care Nurse Practitioner Certified (Adult-Gerontology)","2086S0102X","SURGICAL CRITICAL CARE PHYSICIAN","1"
"ACNS-BC","Adult Health Clinical Nurse Specialist","207RH0002X","HOSPICE AND PALLIATIVE MEDICINE (INTERNAL MEDICINE) PHYSICIAN","1"
"ACRN","HIV/AIDS Certified Registered Nurse","207RC0000X","CARDIOVASCULAR DISEASE PHYSICIAN","1"
"ACUPUNCTURIST","Acupuncturist","208D00000X","GENERAL PRACTICE PHYSICIAN","1"
"ADMINISTRATOR","Administrator","207ND0101X","MOHS-MICROGRAPHIC SURGERY PHYSICIAN","1"
"AE-C","Certified Asthma Educator","208D00000X","GENERAL PRACTICE PHYSICIAN","1"
"AFN-BC","Forensic Nursing Advanced","2080C0008X","CHILD ABUSE PEDIATRICS PHYSICIAN","1"
"AG-ACNP","Adult Gerontology - Acute Care Nurse Practitioner","207L00000X","ANESTHESIOLOGY PHYSICIAN","1"
"AG-ACNP","Adult Gerontology - Acute Care Nurse Practitioner","207Q00000X","FAMILY MEDICINE PHYSICIAN","1"
"AG-ACNP","Adult Gerontology - Acute Care Nurse Practitioner","207QG0300X","GERIATRIC MEDICINE (FAMILY MEDICINE) PHYSICIAN","1"
"AG-ACNP","Adult Gerontology - Acute Care Nurse Practitioner","207XS0114X","ADULT RECONSTRUCTIVE ORTHOPAEDIC SURGERY PHYSICIAN","1"
"AG-ACNP","Adult Gerontology - Acute Care Nurse Practitioner","207XX0801X","ORTHOPAEDIC TRAUMA PHYSICIAN","1"
"AG-ACNP","Adult Gerontology - Acute Care Nurse Practitioner","2080P0202X","PEDIATRIC CARDIOLOGY PHYSICIAN","1"
"AG-ACNP","Adult Gerontology - Acute Care Nurse Practitioner","2081P0004X","SPINAL CORD INJURY MEDICINE PHYSICIAN","1"
"AG-ACNP","Adult Gerontology - Acute Care Nurse Practitioner","2085R0202X","DIAGNOSTIC RADIOLOGY PHYSICIAN","1"
"AG-ACNP","Adult Gerontology - Acute Care Nurse Practitioner","2086S0122X","PLASTIC AND RECONSTRUCTIVE SURGERY PHYSICIAN","1"
"AG-ACNP","Adult Gerontology - Acute Care Nurse Practitioner","208D00000X","GENERAL PRACTICE PHYSICIAN","1"
"AG-ACNP","Adult Gerontology - Acute Care Nurse Practitioner","208VP0014X","INTERVENTIONAL PAIN MEDICINE PHYSICIAN","1"
"AGACNP-BC","Adult-Gerontology Acute Care Nurse Practitioner Board Certified","202D00000X","INTEGRATIVE MEDICINE PHYSICIAN","1"
"AGACNP-BC","Adult-Gerontology Acute Care Nurse Practitioner Board Certified","207PH0002X","HOSPICE AND PALLIATIVE MEDICINE (EMERGENCY MEDICINE) PHYSICIAN","1"
"AGACNP-BC","Adult-Gerontology Acute Care Nurse Practitioner Board Certified","207QA0505X","ADULT MEDICINE PHYSICIAN","1"
"AGACNP-BC","Adult-Gerontology Acute Care Nurse Practitioner Board Certified","207RA0002X","ADULT CONGENITAL HEART DISEASE PHYSICIAN","1"
"AGACNP-BC","Adult-Gerontology Acute Care Nurse Practitioner Board Certified","207RH0000X","HEMATOLOGY (INTERNAL MEDICINE) PHYSICIAN","1"
"AGACNP-BC","Adult-Gerontology Acute Care Nurse Practitioner Board Certified","207RI0200X","INFECTIOUS DISEASE PHYSICIAN","1"
"AGACNP-BC","Adult-Gerontology Acute Care Nurse Practitioner Board Certified","207RN0300X","NEPHROLOGY PHYSICIAN","1"
"AGACNP-BC","Adult-Gerontology Acute Care Nurse Practitioner Board Certified","207RR0500X","RHEUMATOLOGY PHYSICIAN","1"
"AGACNP-BC","Adult-Gerontology Acute Care Nurse Practitioner Board Certified","207RX0202X","MEDICAL ONCOLOGY PHYSICIAN","1"
"AGACNP-BC","Adult-Gerontology Acute Care Nurse Practitioner Board Certified","208100000X","PHYSICAL MEDICINE & REHABILITATION PHYSICIAN","1"
"AGACNP-BC","Adult-Gerontology Acute Care Nurse Practitioner Board Certified","2083P0011X","UNDERSEA AND HYPERBARIC MEDICINE (PREVENTIVE MEDICINE) PHYSICIAN","1"
"AGACNP-BC","Adult-Gerontology Acute Care Nurse Practitioner Board Certified","2084A2900X","NEUROCRITICAL CARE PHYSICIAN","1"
"AGACNP-BC","Adult-Gerontology Acute Care Nurse Practitioner Board Certified","2084P0800X","PSYCHIATRY PHYSICIAN","1"
"AGACNP-BC","Adult-Gerontology Acute Care Nurse Practitioner Board Certified","2085R0202X","DIAGNOSTIC RADIOLOGY PHYSICIAN","1"
"AGACNP-BC","Adult-Gerontology Acute Care Nurse Practitioner Board Certified","2086S0122X","PLASTIC AND RECONSTRUCTIVE SURGERY PHYSICIAN","1"
"AGACNP-BC","Adult-Gerontology Acute Care Nurse Practitioner Board Certified","208800000X","UROLOGY PHYSICIAN","1"
"AGCNS-BC","Adult-Gerontology Clinical Nurse Specialist","207QG0300X","GERIATRIC MEDICINE (FAMILY MEDICINE) PHYSICIAN","1"
"AGCNS-BC","Adult-Gerontology Clinical Nurse Specialist","207QH0002X","HOSPICE AND PALLIATIVE MEDICINE (FAMILY MEDICINE) PHYSICIAN","1"
"AGCNS-BC","Adult-Gerontology Clinical Nurse Specialist","207RC0000X","CARDIOVASCULAR DISEASE PHYSICIAN","1"
"AGCNS-BC","Adult-Gerontology Clinical Nurse Specialist","2086S0122X","PLASTIC AND RECONSTRUCTIVE SURGERY PHYSICIAN","1"
"AGCNS-BC","Adult-Gerontology Clinical Nurse Specialist","208C00000X","COLON & RECTAL SURGERY PHYSICIAN","1"
"AGNP","Adult-Gerontology Nurse Practitioner","207L00000X","ANESTHESIOLOGY PHYSICIAN","1"
"AGNP","Adult-Gerontology Nurse Practitioner","207LC0200X","CRITICAL CARE MEDICINE (ANESTHESIOLOGY) PHYSICIAN","1"
"AGNP","Adult-Gerontology Nurse Practitioner","207P00000X","EMERGENCY MEDICINE PHYSICIAN","1"
"AGNP","Adult-Gerontology Nurse Practitioner","207RI0011X","INTERVENTIONAL CARDIOLOGY PHYSICIAN","1"
"AGNP","Adult-Gerontology Nurse Practitioner","207RI0200X","INFECTIOUS DISEASE PHYSICIAN","1"
"AGNP","Adult-Gerontology Nurse Practitioner","207RR0500X","RHEUMATOLOGY PHYSICIAN","1"
"AGNP","Adult-Gerontology Nurse Practitioner","207RS0010X","SPORTS MEDICINE (INTERNAL MEDICINE) PHYSICIAN","1"
"AGNP","Adult-Gerontology Nurse Practitioner","2083P0901X","PUBLIC HEALTH & GENERAL PREVENTIVE MEDICINE PHYSICIAN","1"
"AGNP","Adult-Gerontology Nurse Practitioner","2084P0802X","ADDICTION PSYCHIATRY PHYSICIAN","1"
"AGNP","Adult-Gerontology Nurse Practitioner","2085R0001X","RADIATION ONCOLOGY PHYSICIAN","1"
"AGNP","Adult-Gerontology Nurse Practitioner","208D00000X","GENERAL PRACTICE PHYSICIAN","1"
"AGNP","Adult-Gerontology Nurse Practitioner","208VP0000X","PAIN MEDICINE PHYSICIAN","1"
"AGNP","Adult-Gerontology Nurse Practitioner","208VP0014X","INTERVENTIONAL PAIN MEDICINE PHYSICIAN","1"
"AGNP-C","Adult-Gerontology Primary Care Nurse Practitioner","207L00000X","ANESTHESIOLOGY PHYSICIAN","1"
"AGNP-C","Adult-Gerontology Primary Care Nurse Practitioner","207QA0000X","ADOLESCENT MEDICINE (FAMILY MEDICINE) PHYSICIAN","1"
"AGNP-C","Adult-Gerontology Primary Care Nurse Practitioner","207RH0003X","HEMATOLOGY & ONCOLOGY PHYSICIAN","1"
"AGNP-C","Adult-Gerontology Primary Care Nurse Practitioner","207RI0011X","INTERVENTIONAL CARDIOLOGY PHYSICIAN","1"
"AGNP-C","Adult-Gerontology Primary Care Nurse Practitioner","207T00000X","NEUROLOGICAL SURGERY PHYSICIAN","1"
"AGNP-C","Adult-Gerontology Primary Care Nurse Practitioner","207V00000X","OBSTETRICS & GYNECOLOGY PHYSICIAN","1"
"AGNP-C","Adult-Gerontology Primary Care Nurse Practitioner","207VG0400X","GYNECOLOGY PHYSICIAN","1"
"AGNP-C","Adult-Gerontology Primary Care Nurse Practitioner","207X00000X","ORTHOPAEDIC SURGERY PHYSICIAN","1"
"AGNP-C","Adult-Gerontology Primary Care Nurse Practitioner","207Y00000X","OTOLARYNGOLOGY PHYSICIAN","1"
"AGNP-C","Adult-Gerontology Primary Care Nurse Practitioner","207ZN0500X","NEUROPATHOLOGY PHYSICIAN","1"
"AGNP-C","Adult-Gerontology Primary Care Nurse Practitioner","2084N0400X","NEUROLOGY PHYSICIAN","1"
"AGNP-C","Adult-Gerontology Primary Care Nurse Practitioner","2084P0805X","GERIATRIC PSYCHIATRY PHYSICIAN","1"
"AGNP-C","Adult-Gerontology Primary Care Nurse Practitioner","2085R0001X","RADIATION ONCOLOGY PHYSICIAN","1"
"AGNP-C","Adult-Gerontology Primary Care Nurse Practitioner","2086S0122X","PLASTIC AND RECONSTRUCTIVE SURGERY PHYSICIAN","1"
"AGNP-C","Adult-Gerontology Primary Care Nurse Practitioner","208G00000X","THORACIC SURGERY (CARDIOTHORACIC VASCULAR SURGERY) PHYSICIAN","1"
"AGNP-C","Adult-Gerontology Primary Care Nurse Practitioner","208M00000X","HOSPITALIST PHYSICIAN","1"
"AGPCNP","Adult Gerontology Primary Care Nurse Practitioner","207Q00000X","FAMILY MEDICINE PHYSICIAN","1"
"AGPCNP","Adult Gerontology Primary Care Nurse Practitioner","207QA0505X","ADULT MEDICINE PHYSICIAN","1"
"AGPCNP","Adult Gerontology Primary Care Nurse Practitioner","207RN0300X","NEPHROLOGY PHYSICIAN","1"
"AGPCNP","Adult Gerontology Primary Care Nurse Practitioner","207RX0202X","MEDICAL ONCOLOGY PHYSICIAN","1"
"AGPCNP","Adult Gerontology Primary Care Nurse Practitioner","2084P0800X","PSYCHIATRY PHYSICIAN","1"
"AGPCNP","Adult Gerontology Primary Care Nurse Practitioner","2084P0804X","CHILD & ADOLESCENT PSYCHIATRY PHYSICIAN","1"
"AGPCNP-BC","Adult-Gerontology Primary Care Nurse Practitioner Board Certified","207LP2900X","PAIN MEDICINE (ANESTHESIOLOGY) PHYSICIAN","1"
"AGPCNP-BC","Adult-Gerontology Primary Care Nurse Practitioner Board Certified","207QH0002X","HOSPICE AND PALLIATIVE MEDICINE (FAMILY MEDICINE) PHYSICIAN","1"
"AGPCNP-BC","Adult-Gerontology Primary Care Nurse Practitioner Board Certified","207RB0002X","OBESITY MEDICINE (INTERNAL MEDICINE) PHYSICIAN","1"
"AGPCNP-BC","Adult-Gerontology Primary Care Nurse Practitioner Board Certified","207RC0000X","CARDIOVASCULAR DISEASE PHYSICIAN","1"
"AGPCNP-BC","Adult-Gerontology Primary Care Nurse Practitioner Board Certified","207RC0200X","CRITICAL CARE MEDICINE (INTERNAL MEDICINE) PHYSICIAN","1"
"AGPCNP-BC","Adult-Gerontology Primary Care Nurse Practitioner Board Certified","207RH0002X","HOSPICE AND PALLIATIVE MEDICINE (INTERNAL MEDICINE) PHYSICIAN","1"
"AGPCNP-BC","Adult-Gerontology Primary Care Nurse Practitioner Board Certified","207RI0011X","INTERVENTIONAL CARDIOLOGY PHYSICIAN","1"
"AGPCNP-BC","Adult-Gerontology Primary Care Nurse Practitioner Board Certified","207RP1001X","PULMONARY DISEASE PHYSICIAN","1"
"AGPCNP-BC","Adult-Gerontology Primary Care Nurse Practitioner Board Certified","207RR0500X","RHEUMATOLOGY PHYSICIAN","1"
"AGPCNP-BC","Adult-Gerontology Primary Care Nurse Practitioner Board Certified","207RX0202X","MEDICAL ONCOLOGY PHYSICIAN","1"
"AGPCNP-BC","Adult-Gerontology Primary Care Nurse Practitioner Board Certified","2084N0400X","NEUROLOGY PHYSICIAN","1"
"AGPCNP-BC","Adult-Gerontology Primary Care Nurse Practitioner Board Certified","208800000X","UROLOGY PHYSICIAN","1"
"AGPCNP-BC","Adult-Gerontology Primary Care Nurse Practitioner Board Certified","208D00000X","GENERAL PRACTICE PHYSICIAN","1"
"AGPCNP-BC","Adult-Gerontology Primary Care Nurse Practitioner Board Certified","208VP0000X","PAIN MEDICINE PHYSICIAN","1"
"AMB-BC","Ambulatory Care Nursing","207RR0500X","RHEUMATOLOGY PHYSICIAN","1"
"AMFT","Associate Marriage and Family Therapist","2084P0800X","PSYCHIATRY PHYSICIAN","1"
"ANP","Adult Nurse Practitioner","207LH0002X","HOSPICE AND PALLIATIVE MEDICINE (ANESTHESIOLOGY) PHYSICIAN","1"
"ANP","Adult Nurse Practitioner","207QG0300X","GERIATRIC MEDICINE (FAMILY MEDICINE) PHYSICIAN","1"
"ANP","Adult Nurse Practitioner","207QS1201X","SLEEP MEDICINE (FAMILY MEDICINE) PHYSICIAN","1"
"ANP","Adult Nurse Practitioner","207RA0000X","ADOLESCENT MEDICINE (INTERNAL MEDICINE) PHYSICIAN","1"
"ANP","Adult Nurse Practitioner","207RC0200X","CRITICAL CARE MEDICINE (INTERNAL MEDICINE) PHYSICIAN","1"
"ANP","Adult Nurse Practitioner","207RE0101X","ENDOCRINOLOGY, DIABETES & METABOLISM PHYSICIAN","1"
"ANP","Adult Nurse Practitioner","207RG0100X","GASTROENTEROLOGY PHYSICIAN","1"
"ANP","Adult Nurse Practitioner","207VM0101X","MATERNAL & FETAL MEDICINE PHYSICIAN","1"
"ANP","Adult Nurse Practitioner","207X00000X","ORTHOPAEDIC SURGERY PHYSICIAN","1"
"ANP","Adult Nurse Practitioner","2080P0214X","PEDIATRIC PULMONOLOGY PHYSICIAN","1"
"ANP","Adult Nurse Practitioner","208100000X","PHYSICAL MEDICINE & REHABILITATION PHYSICIAN","1"
"ANP","Adult Nurse Practitioner","2083P0011X","UNDERSEA AND HYPERBARIC MEDICINE (PREVENTIVE MEDICINE) PHYSICIAN","1"
"ANP","Adult Nurse Practitioner","2084P0804X","CHILD & ADOLESCENT PSYCHIATRY PHYSICIAN","1"
"ANP","Adult Nurse Practitioner","2086S0129X","VASCULAR SURGERY PHYSICIAN","1"
"ANP","Adult Nurse Practitioner","208G00000X","THORACIC SURGERY (CARDIOTHORACIC VASCULAR SURGERY) PHYSICIAN","1"
"ANP","Adult Nurse Practitioner","208VP0000X","PAIN MEDICINE PHYSICIAN","1"
"ANP-BC","Adult Nurse Practitioner Board Certified","207N00000X","DERMATOLOGY PHYSICIAN","1"
"ANP-BC","Adult Nurse Practitioner Board Certified","207RA0002X","ADULT CONGENITAL HEART DISEASE PHYSICIAN","1"
"ANP-BC","Adult Nurse Practitioner Board Certified","207RG0100X","GASTROENTEROLOGY PHYSICIAN","1"
"ANP-BC","Adult Nurse Practitioner Board Certified","207RH0002X","HOSPICE AND PALLIATIVE MEDICINE (INTERNAL MEDICINE) PHYSICIAN","1"
"ANP-BC","Adult Nurse Practitioner Board Certified","207RI0011X","INTERVENTIONAL CARDIOLOGY PHYSICIAN","1"
"ANP-BC","Adult Nurse Practitioner Board Certified","207RN0300X","NEPHROLOGY PHYSICIAN","1"
"ANP-BC","Adult Nurse Practitioner Board Certified","207VM0101X","MATERNAL & FETAL MEDICINE PHYSICIAN","1"
"ANP-BC","Adult Nurse Practitioner Board Certified","207X00000X","ORTHOPAEDIC SURGERY PHYSICIAN","1"
"ANP-BC","Adult Nurse Practitioner Board Certified","2081P2900X","PAIN MEDICINE (PHYSICAL MEDICINE & REHABILITATION) PHYSICIAN","1"
"ANP-BC","Adult Nurse Practitioner Board Certified","2083P0901X","PUBLIC HEALTH & GENERAL PREVENTIVE MEDICINE PHYSICIAN","1"
"ANP-BC","Adult Nurse Practitioner Board Certified","208800000X","UROLOGY PHYSICIAN","1"
"ANP-C","Adult Nurse Practitioner Certified","207LP2900X","PAIN MEDICINE (ANESTHESIOLOGY) PHYSICIAN","1"
"ANP-C","Adult Nurse Practitioner Certified","207QA0505X","ADULT MEDICINE PHYSICIAN","1"
"ANP-C","Adult Nurse Practitioner Certified","207QG0300X","GERIATRIC MEDICINE (FAMILY MEDICINE) PHYSICIAN","1"
"ANP-C","Adult Nurse Practitioner Certified","207QH0002X","HOSPICE AND PALLIATIVE MEDICINE (FAMILY MEDICINE) PHYSICIAN","1"
"ANP-C","Adult Nurse Practitioner Certified","207RI0011X","INTERVENTIONAL CARDIOLOGY PHYSICIAN","1"
"ANP-C","Adult Nurse Practitioner Certified","207V00000X","OBSTETRICS & GYNECOLOGY PHYSICIAN","1"
"ANP-C","Adult Nurse Practitioner Certified","208800000X","UROLOGY PHYSICIAN","1"
"ANP-C","Adult Nurse Practitioner Certified","208M00000X","HOSPITALIST PHYSICIAN","1"
"AOCNP","Advanced Oncology Certified Nurse Practitioner","207Q00000X","FAMILY MEDICINE PHYSICIAN","1"
"AOCNP","Advanced Oncology Certified Nurse Practitioner","207RH0003X","HEMATOLOGY & ONCOLOGY PHYSICIAN","1"
"APN","Advanced Practice Nurse","202C00000X","INDEPENDENT MEDICAL EXAMINER PHYSICIAN","1"
"APN","Advanced Practice Nurse","204F00000X","TRANSPLANT SURGERY PHYSICIAN","1"
"APN","Advanced Practice Nurse","207KA0200X","ALLERGY PHYSICIAN","1"
"APN","Advanced Practice Nurse","207LC0200X","CRITICAL CARE MEDICINE (ANESTHESIOLOGY) PHYSICIAN","1"
"APN","Advanced Practice Nurse","207LH0002X","HOSPICE AND PALLIATIVE MEDICINE (ANESTHESIOLOGY) PHYSICIAN","1"
"APN","Advanced Practice Nurse","207LP2900X","PAIN MEDICINE (ANESTHESIOLOGY) PHYSICIAN","1"
"APN","Advanced Practice Nurse","207PH0002X","HOSPICE AND PALLIATIVE MEDICINE (EMERGENCY MEDICINE) PHYSICIAN","1"
"APN","Advanced Practice Nurse","207RA0002X","ADULT CONGENITAL HEART DISEASE PHYSICIAN","1"
"APN","Advanced Practice Nurse","207RA0401X","ADDICTION MEDICINE (INTERNAL MEDICINE) PHYSICIAN","1"
"APN","Advanced Practice Nurse","207RI0008X","HEPATOLOGY PHYSICIAN","1"
"APN","Advanced Practice Nurse","207RS0010X","SPORTS MEDICINE (INTERNAL MEDICINE) PHYSICIAN","1"
"APN","Advanced Practice Nurse","207VE0102X","REPRODUCTIVE ENDOCRINOLOGY PHYSICIAN","1"
"APN","Advanced Practice Nurse","207VF0040X","UROGYNECOLOGY AND RECONSTRUCTIVE PELVIC SURGERY (OBSTETRICS & GYNECOLOGY) PHYSICIAN","1"
"APN","Advanced Practice Nurse","207VX0000X","OBSTETRICS PHYSICIAN","1"
"APN","Advanced Practice Nurse","207VX0201X","GYNECOLOGIC ONCOLOGY PHYSICIAN","1"
"APN","Advanced Practice Nurse","207XP3100X","PEDIATRIC ORTHOPAEDIC SURGERY PHYSICIAN","1"
"APN","Advanced Practice Nurse","2080A0000X","PEDIATRIC ADOLESCENT MEDICINE PHYSICIAN","1"
"APN","Advanced Practice Nurse","2080H0002X","PEDIATRIC HOSPICE AND PALLIATIVE MEDICINE PHYSICIAN","1"
"APN","Advanced Practice Nurse","2080N0001X","NEONATAL-PERINATAL MEDICINE PHYSICIAN","1"
"APN","Advanced Practice Nurse","2080P0008X","PEDIATRIC NEURODEVELOPMENTAL DISABILITIES PHYSICIAN","1"
"APN","Advanced Practice Nurse","2080P0202X","PEDIATRIC CARDIOLOGY PHYSICIAN","1"
"APN","Advanced Practice Nurse","2080P0204X","PEDIATRIC EMERGENCY MEDICINE (PEDIATRICS) PHYSICIAN","1"
"APN","Advanced Practice Nurse","2080P0206X","PEDIATRIC GASTROENTEROLOGY PHYSICIAN","1"
"APN","Advanced Practice Nurse","2080P0207X","PEDIATRIC HEMATOLOGY & ONCOLOGY PHYSICIAN","1"
"APN","Advanced Practice Nurse","2080P0210X","PEDIATRIC NEPHROLOGY PHYSICIAN","1"
"APN","Advanced Practice Nurse","208200000X","PLASTIC SURGERY PHYSICIAN","1"
"APN","Advanced Practice Nurse","2083A0300X","ADDICTION MEDICINE (PREVENTIVE MEDICINE) PHYSICIAN","1"
"APN","Advanced Practice Nurse","2083B0002X","OBESITY MEDICINE (PREVENTIVE MEDICINE) PHYSICIAN","1"
"APN","Advanced Practice Nurse","2083P0011X","UNDERSEA AND HYPERBARIC MEDICINE (PREVENTIVE MEDICINE) PHYSICIAN","1"
"APN","Advanced Practice Nurse","2084A0401X","ADDICTION MEDICINE (PSYCHIATRY & NEUROLOGY) PHYSICIAN","1"
"APN","Advanced Practice Nurse","2084B0040X","BEHAVIORAL NEUROLOGY & NEUROPSYCHIATRY PHYSICIAN","1"
"APN","Advanced Practice Nurse","2086S0102X","SURGICAL CRITICAL CARE PHYSICIAN","1"
"APN","Advanced Practice Nurse","2086S0129X","VASCULAR SURGERY PHYSICIAN","1"
"APN","Advanced Practice Nurse","209800000X","LEGAL MEDICINE (M.D./D.O.) PHYSICIAN","1"
"APNP","Advanced Practice Nurse Practitioner","207PE0005X","UNDERSEA AND HYPERBARIC MEDICINE (EMERGENCY MEDICINE) PHYSICIAN","1"
"APNP","Advanced Practice Nurse Practitioner","207RH0003X","HEMATOLOGY & ONCOLOGY PHYSICIAN","1"
"APNP","Advanced Practice Nurse Practitioner","207RN0300X","NEPHROLOGY PHYSICIAN","1"
"APNP","Advanced Practice Nurse Practitioner","207VX0000X","OBSTETRICS PHYSICIAN","1"
"APNP","Advanced Practice Nurse Practitioner","208000000X","PEDIATRICS PHYSICIAN","1"
"APNP","Advanced Practice Nurse Practitioner","208100000X","PHYSICAL MEDICINE & REHABILITATION PHYSICIAN","1"
"APNP","Advanced Practice Nurse Practitioner","2083B0002X","OBESITY MEDICINE (PREVENTIVE MEDICINE) PHYSICIAN","1"
"APNP","Advanced Practice Nurse Practitioner","2083X0100X","OCCUPATIONAL MEDICINE PHYSICIAN","1"
"APNP","Advanced Practice Nurse Practitioner","2084E0001X","EPILEPSY PHYSICIAN","1"
"APNP","Advanced Practice Nurse Practitioner","2084N0400X","NEUROLOGY PHYSICIAN","1"
"APNP","Advanced Practice Nurse Practitioner","208G00000X","THORACIC SURGERY (CARDIOTHORACIC VASCULAR SURGERY) PHYSICIAN","1"
"APNP","Advanced Practice Nurse Practitioner","208VP0014X","INTERVENTIONAL PAIN MEDICINE PHYSICIAN","1"
"APRN-CNP","Advanced Practice Registered Nurse - Certified Nurse Practitioner","207N00000X","DERMATOLOGY PHYSICIAN","1"
"APRN-CNP","Advanced Practice Registered Nurse - Certified Nurse Practitioner","207NS0135X","PROCEDURAL DERMATOLOGY PHYSICIAN","1"
"APRN-CNP","Advanced Practice Registered Nurse - Certified Nurse Practitioner","207PP0204X","PEDIATRIC EMERGENCY MEDICINE (EMERGENCY MEDICINE) PHYSICIAN","1"
"APRN-CNP","Advanced Practice Registered Nurse - Certified Nurse Practitioner","207QS1201X","SLEEP MEDICINE (FAMILY MEDICINE) PHYSICIAN","1"
"APRN-CNP","Advanced Practice Registered Nurse - Certified Nurse Practitioner","207RA0001X","ADVANCED HEART FAILURE AND TRANSPLANT CARDIOLOGY PHYSICIAN","1"
"APRN-CNP","Advanced Practice Registered Nurse - Certified Nurse Practitioner","207RG0100X","GASTROENTEROLOGY PHYSICIAN","1"
"APRN-CNP","Advanced Practice Registered Nurse - Certified Nurse Practitioner","207RG0300X","GERIATRIC MEDICINE (INTERNAL MEDICINE) PHYSICIAN","1"
"APRN-CNP","Advanced Practice Registered Nurse - Certified Nurse Practitioner","207RH0003X","HEMATOLOGY & ONCOLOGY PHYSICIAN","1"
"APRN-CNP","Advanced Practice Registered Nurse - Certified Nurse Practitioner","207RN0300X","NEPHROLOGY PHYSICIAN","1"
"APRN-CNP","Advanced Practice Registered Nurse - Certified Nurse Practitioner","207RX0202X","MEDICAL ONCOLOGY PHYSICIAN","1"
"APRN-CNP","Advanced Practice Registered Nurse - Certified Nurse Practitioner","207VX0201X","GYNECOLOGIC ONCOLOGY PHYSICIAN","1"
"APRN-CNP","Advanced Practice Registered Nurse - Certified Nurse Practitioner","207X00000X","ORTHOPAEDIC SURGERY PHYSICIAN","1"
"APRN-CNP","Advanced Practice Registered Nurse - Certified Nurse Practitioner","207YX0905X","OTOLARYNGOLOGY/FACIAL PLASTIC SURGERY PHYSICIAN","1"
"APRN-CNP","Advanced Practice Registered Nurse - Certified Nurse Practitioner","2080N0001X","NEONATAL-PERINATAL MEDICINE PHYSICIAN","1"
"APRN-CNP","Advanced Practice Registered Nurse - Certified Nurse Practitioner","2080P0203X","PEDIATRIC CRITICAL CARE MEDICINE PHYSICIAN","1"
"APRN-CNP","Advanced Practice Registered Nurse - Certified Nurse Practitioner","208100000X","PHYSICAL MEDICINE & REHABILITATION PHYSICIAN","1"
"APRN-CNP","Advanced Practice Registered Nurse - Certified Nurse Practitioner","2084P0804X","CHILD & ADOLESCENT PSYCHIATRY PHYSICIAN","1"
"APRN-CNP","Advanced Practice Registered Nurse - Certified Nurse Practitioner","2085R0204X","VASCULAR & INTERVENTIONAL RADIOLOGY PHYSICIAN","1"
"APRN-CNP","Advanced Practice Registered Nurse - Certified Nurse Practitioner","2086X0206X","SURGICAL ONCOLOGY PHYSICIAN","1"
"APRN-CNP","Advanced Practice Registered Nurse - Certified Nurse Practitioner","208VP0000X","PAIN MEDICINE PHYSICIAN","1"
"ARNP","Advanced Registered Nurse Practitioner","202C00000X","INDEPENDENT MEDICAL EXAMINER PHYSICIAN","1"
"ARNP","Advanced Registered Nurse Practitioner","207LA0401X","ADDICTION MEDICINE (ANESTHESIOLOGY) PHYSICIAN","1"
"ARNP","Advanced Registered Nurse Practitioner","207LP3000X","PEDIATRIC ANESTHESIOLOGY PHYSICIAN","1"
"ARNP","Advanced Registered Nurse Practitioner","207NI0002X","CLINICAL & LABORATORY DERMATOLOGICAL IMMUNOLOGY PHYSICIAN","1"
"ARNP","Advanced Registered Nurse Practitioner","207NP0225X","PEDIATRIC DERMATOLOGY PHYSICIAN","1"
"ARNP","Advanced Registered Nurse Practitioner","207PE0005X","UNDERSEA AND HYPERBARIC MEDICINE (EMERGENCY MEDICINE) PHYSICIAN","1"
"ARNP","Advanced Registered Nurse Practitioner","207QS1201X","SLEEP MEDICINE (FAMILY MEDICINE) PHYSICIAN","1"
"ARNP","Advanced Registered Nurse Practitioner","207RA0002X","ADULT CONGENITAL HEART DISEASE PHYSICIAN","1"
"ARNP","Advanced Registered Nurse Practitioner","207RA0401X","ADDICTION MEDICINE (INTERNAL MEDICINE) PHYSICIAN","1"
"ARNP","Advanced Registered Nurse Practitioner","207VE0102X","REPRODUCTIVE ENDOCRINOLOGY PHYSICIAN","1"
"ARNP","Advanced Registered Nurse Practitioner","207VX0201X","GYNECOLOGIC ONCOLOGY PHYSICIAN","1"
"ARNP","Advanced Registered Nurse Practitioner","207W00000X","OPHTHALMOLOGY PHYSICIAN","1"
"ARNP","Advanced Registered Nurse Practitioner","207Y00000X","OTOLARYNGOLOGY PHYSICIAN","1"
"ARNP","Advanced Registered Nurse Practitioner","2080C0008X","CHILD ABUSE PEDIATRICS PHYSICIAN","1"
"ARNP","Advanced Registered Nurse Practitioner","2080P0008X","PEDIATRIC NEURODEVELOPMENTAL DISABILITIES PHYSICIAN","1"
"ARNP","Advanced Registered Nurse Practitioner","2080P0201X","PEDIATRIC ALLERGY/IMMUNOLOGY PHYSICIAN","1"
"ARNP","Advanced Registered Nurse Practitioner","2080P0205X","PEDIATRIC ENDOCRINOLOGY PHYSICIAN","1"
"ARNP","Advanced Registered Nurse Practitioner","2081S0010X","SPORTS MEDICINE (PHYSICAL MEDICINE & REHABILITATION) PHYSICIAN","1"
"ARNP","Advanced Registered Nurse Practitioner","208200000X","PLASTIC SURGERY PHYSICIAN","1"
"ARNP","Advanced Registered Nurse Practitioner","2083C0008X","CLINICAL INFORMATICS PHYSICIAN","1"
"ARNP","Advanced Registered Nurse Practitioner","2083P0500X","PREVENTIVE MEDICINE/OCCUPATIONAL ENVIRONMENTAL MEDICINE PHYSICIAN","1"
"ARNP","Advanced Registered Nurse Practitioner","2083P0901X","PUBLIC HEALTH & GENERAL PREVENTIVE MEDICINE PHYSICIAN","1"
"ARNP","Advanced Registered Nurse Practitioner","2084A0401X","ADDICTION MEDICINE (PSYCHIATRY & NEUROLOGY) PHYSICIAN","1"
"ARNP","Advanced Registered Nurse Practitioner","2084P0805X","GERIATRIC PSYCHIATRY PHYSICIAN","1"
"ARNP","Advanced Registered Nurse Practitioner","2085R0204X","VASCULAR & INTERVENTIONAL RADIOLOGY PHYSICIAN","1"
"ARNP","Advanced Registered Nurse Practitioner","2085U0001X","DIAGNOSTIC ULTRASOUND PHYSICIAN","1"
"ARNP","Advanced Registered Nurse Practitioner","2086S0129X","VASCULAR SURGERY PHYSICIAN","1"
"ARNP","Advanced Registered Nurse Practitioner","2086X0206X","SURGICAL ONCOLOGY PHYSICIAN","1"
"ARNP","Advanced Registered Nurse Practitioner","2088P0231X","PEDIATRIC UROLOGY PHYSICIAN","1"
"ARNP-C","Advanced Registered Nurse Practitioner Certified","207K00000X","ALLERGY & IMMUNOLOGY PHYSICIAN","1"
"ARNP-C","Advanced Registered Nurse Practitioner Certified","207N00000X","DERMATOLOGY PHYSICIAN","1"
"ARNP-C","Advanced Registered Nurse Practitioner Certified","207R00000X","INTERNAL MEDICINE PHYSICIAN","1"
"ARNP-C","Advanced Registered Nurse Practitioner Certified","207RC0000X","CARDIOVASCULAR DISEASE PHYSICIAN","1"
"ARNP-C","Advanced Registered Nurse Practitioner Certified","2083P0011X","UNDERSEA AND HYPERBARIC MEDICINE (PREVENTIVE MEDICINE) PHYSICIAN","1"
"ARNP-C","Advanced Registered Nurse Practitioner Certified","208600000X","SURGERY PHYSICIAN","1"
"ARNP-C","Advanced Registered Nurse Practitioner Certified","208M00000X","HOSPITALIST PHYSICIAN","1"
"AS","Associate of Science","207XS0106X","ORTHOPAEDIC HAND SURGERY PHYSICIAN","1"
"AS","Associate of Science","2081P0010X","PEDIATRIC REHABILITATION MEDICINE PHYSICIAN","1"
"ASW","Associate Social Worker","207RI0011X","INTERVENTIONAL CARDIOLOGY PHYSICIAN","1"
"ASW","Associate Social Worker","2084P0804X","CHILD & ADOLESCENT PSYCHIATRY PHYSICIAN","1"
"AT","Athletic Trainer","207Q00000X","FAMILY MEDICINE PHYSICIAN","1"
"AT","Athletic Trainer","207RS0010X","SPORTS MEDICINE (INTERNAL MEDICINE) PHYSICIAN","1"
"AT","Athletic Trainer","207X00000X","ORTHOPAEDIC SURGERY PHYSICIAN","1"
"AT","Athletic Trainer","207XX0005X","SPORTS MEDICINE (ORTHOPAEDIC SURGERY) PHYSICIAN","1"
"AT","Athletic Trainer","207ZP0102X","ANATOMIC PATHOLOGY & CLINICAL PATHOLOGY PHYSICIAN","1"
"AT","Athletic Trainer","2084S0010X","SPORTS MEDICINE (PSYCHIATRY & NEUROLOGY) PHYSICIAN","1"
"ATC","Athletic Trainer Certified","207V00000X","OBSTETRICS & GYNECOLOGY PHYSICIAN","1"
"ATC","Athletic Trainer Certified","207XX0004X","ORTHOPAEDIC FOOT AND ANKLE SURGERY PHYSICIAN","1"
"ATC","Athletic Trainer Certified","207ZP0102X","ANATOMIC PATHOLOGY & CLINICAL PATHOLOGY PHYSICIAN","1"
"ATC","Athletic Trainer Certified","208000000X","PEDIATRICS PHYSICIAN","1"
"ATC","Athletic Trainer Certified","2080P0214X","PEDIATRIC PULMONOLOGY PHYSICIAN","1"
"ATC","Athletic Trainer Certified","2081H0002X","HOSPICE AND PALLIATIVE MEDICINE (PHYSICAL MEDICINE & REHABILITATION) PHYSICIAN","1"
"ATC","Athletic Trainer Certified","2081P2900X","PAIN MEDICINE (PHYSICAL MEDICINE & REHABILITATION) PHYSICIAN","1"
"ATC","Athletic Trainer Certified","2084N0400X","NEUROLOGY PHYSICIAN","1"
"ATR-BC","Art Therapist Registered - Board Certified","2080C0008X","CHILD ABUSE PEDIATRICS PHYSICIAN","1"
"ATR-BC","Art Therapist Registered - Board Certified","2084P0800X","PSYCHIATRY PHYSICIAN","1"
"AuD","Doctor of Audiology","207YX0007X","PLASTIC SURGERY WITHIN THE HEAD & NECK (OTOLARYNGOLOGY) PHYSICIAN","1"
"AuD","Doctor of Audiology","207YX0901X","OTOLOGY & NEUROTOLOGY PHYSICIAN","1"
"AuD","Doctor of Audiology","207YX0905X","OTOLARYNGOLOGY/FACIAL PLASTIC SURGERY PHYSICIAN","1"
"AuD","Doctor of Audiology","2085N0700X","NEURORADIOLOGY PHYSICIAN","1"
"AuD","Doctor of Audiology","2085R0202X","DIAGNOSTIC RADIOLOGY PHYSICIAN","1"
"AuD","Doctor of Audiology","208600000X","SURGERY PHYSICIAN","1"
"AuD","Doctor of Audiology","208M00000X","HOSPITALIST PHYSICIAN","1"
"BA","Bachelor of Arts","204C00000X","SPORTS MEDICINE (NEUROMUSCULOSKELETAL MEDICINE) PHYSICIAN","1"
"BA","Bachelor of Arts","207RI0200X","INFECTIOUS DISEASE PHYSICIAN","1"
"BA","Bachelor of Arts","207VE0102X","REPRODUCTIVE ENDOCRINOLOGY PHYSICIAN","1"
"BA","Bachelor of Arts","2080H0002X","PEDIATRIC HOSPICE AND PALLIATIVE MEDICINE PHYSICIAN","1"
"BA","Bachelor of Arts","2080P0006X","DEVELOPMENTAL - BEHAVIORAL PEDIATRICS PHYSICIAN","1"
"BA","Bachelor of Arts","208100000X","PHYSICAL MEDICINE & REHABILITATION PHYSICIAN","1"
"BA","Bachelor of Arts","2083A0300X","ADDICTION MEDICINE (PREVENTIVE MEDICINE) PHYSICIAN","1"
"BA","Bachelor of Arts","2084N0400X","NEUROLOGY PHYSICIAN","1"
"BA","Bachelor of Arts","208600000X","SURGERY PHYSICIAN","1"
"BA","Bachelor of Arts","2086S0127X","TRAUMA SURGERY PHYSICIAN","1"
"BA","Bachelor of Arts","208VP0000X","PAIN MEDICINE PHYSICIAN","1"
"BCABA","Board Certified Assistant Behavior Analyst","2080P0006X","DEVELOPMENTAL - BEHAVIORAL PEDIATRICS PHYSICIAN","1"
"BCABA","Board Certified Assistant Behavior Analyst","2084P0800X","PSYCHIATRY PHYSICIAN","1"
"BCBA","Board Certified Behavior Analyst","2084P0005X","NEURODEVELOPMENTAL DISABILITIES PHYSICIAN","1"
"BCPP","Board Certified Psychiatric Pharmacist","208D00000X","GENERAL PRACTICE PHYSICIAN","1"
"BCPP","Board Certified Psychiatric Pharmacist","208U00000X","CLINICAL PHARMACOLOGY PHYSICIAN","1"
"BCPS","Board Certified Pharmacotherapy Specialist","208U00000X","CLINICAL PHARMACOLOGY PHYSICIAN","1"
"BDS","Bachelor of Dental Surgery","208600000X","SURGERY PHYSICIAN","1"
"BMS","Bachelor of Medical Science","207ZP0102X","ANATOMIC PATHOLOGY & CLINICAL PATHOLOGY PHYSICIAN","1"
"BS","Bachelor of Science","204C00000X","SPORTS MEDICINE (NEUROMUSCULOSKELETAL MEDICINE) PHYSICIAN","1"
"BS","Bachelor of Science","204F00000X","TRANSPLANT SURGERY PHYSICIAN","1"
"BS","Bachelor of Science","207LA0401X","ADDICTION MEDICINE (ANESTHESIOLOGY) PHYSICIAN","1"
"BS","Bachelor of Science","207LP3000X","PEDIATRIC ANESTHESIOLOGY PHYSICIAN","1"
"BS","Bachelor of Science","207N00000X","DERMATOLOGY PHYSICIAN","1"
"BS","Bachelor of Science","207PE0004X","EMERGENCY MEDICAL SERVICES (EMERGENCY MEDICINE) PHYSICIAN","1"
"BS","Bachelor of Science","207PS0010X","SPORTS MEDICINE (EMERGENCY MEDICINE) PHYSICIAN","1"
"BS","Bachelor of Science","207RA0401X","ADDICTION MEDICINE (INTERNAL MEDICINE) PHYSICIAN","1"
"BS","Bachelor of Science","207RC0200X","CRITICAL CARE MEDICINE (INTERNAL MEDICINE) PHYSICIAN","1"
"BS","Bachelor of Science","207RG0100X","GASTROENTEROLOGY PHYSICIAN","1"
"BS","Bachelor of Science","207RN0300X","NEPHROLOGY PHYSICIAN","1"
"BS","Bachelor of Science","207RX0202X","MEDICAL ONCOLOGY PHYSICIAN","1"
"BS","Bachelor of Science","207T00000X","NEUROLOGICAL SURGERY PHYSICIAN","1"
"BS","Bachelor of Science","207U00000X","NUCLEAR MEDICINE PHYSICIAN","1"
"BS","Bachelor of Science","207UN0901X","NUCLEAR CARDIOLOGY PHYSICIAN","1"
"BS","Bachelor of Science","207V00000X","OBSTETRICS & GYNECOLOGY PHYSICIAN","1"
"BS","Bachelor of Science","207XS0106X","ORTHOPAEDIC HAND SURGERY PHYSICIAN","1"
"BS","Bachelor of Science","207ZP0102X","ANATOMIC PATHOLOGY & CLINICAL PATHOLOGY PHYSICIAN","1"
"BS","Bachelor of Science","207ZP0105X","CLINICAL PATHOLOGY/LABORATORY MEDICINE PHYSICIAN","1"
"BS","Bachelor of Science","207ZP0213X","PEDIATRIC PATHOLOGY PHYSICIAN","1"
"BS","Bachelor of Science","2080A0000X","PEDIATRIC ADOLESCENT MEDICINE PHYSICIAN","1"
"BS","Bachelor of Science","2080N0001X","NEONATAL-PERINATAL MEDICINE PHYSICIAN","1"
"BS","Bachelor of Science","2080P0006X","DEVELOPMENTAL - BEHAVIORAL PEDIATRICS PHYSICIAN","1"
"BS","Bachelor of Science","2080P0205X","PEDIATRIC ENDOCRINOLOGY PHYSICIAN","1"
"BS","Bachelor of Science","208200000X","PLASTIC SURGERY PHYSICIAN","1"
"BS","Bachelor of Science","2083S0010X","SPORTS MEDICINE (PREVENTIVE MEDICINE) PHYSICIAN","1"
"BS","Bachelor of Science","2084B0040X","BEHAVIORAL NEUROLOGY & NEUROPSYCHIATRY PHYSICIAN","1"
"BS","Bachelor of Science","2084N0008X","NEUROMUSCULAR MEDICINE (PSYCHIATRY & NEUROLOGY) PHYSICIAN","1"
"BS","Bachelor of Science","2084N0400X","NEUROLOGY PHYSICIAN","1"
"BS","Bachelor of Science","2084P0802X","ADDICTION PSYCHIATRY PHYSICIAN","1"
"BS","Bachelor of Science","2084P0804X","CHILD & ADOLESCENT PSYCHIATRY PHYSICIAN","1"
"BS","Bachelor of Science","2084V0102X","VASCULAR NEUROLOGY PHYSICIAN","1"
"BS","Bachelor of Science","2086S0120X","PEDIATRIC SURGERY PHYSICIAN","1"
"BS","Bachelor of Science","2086S0122X","PLASTIC AND RECONSTRUCTIVE SURGERY PHYSICIAN","1"
"BS","Bachelor of Science","208U00000X","CLINICAL PHARMACOLOGY PHYSICIAN","1"
"BSN","Bachelor of Science in Nursing","207K00000X","ALLERGY & IMMUNOLOGY PHYSICIAN","1"
"BSN","Bachelor of Science in Nursing","207KA0200X","ALLERGY PHYSICIAN","1"
"BSN","Bachelor of Science in Nursing","207N00000X","DERMATOLOGY PHYSICIAN","1"
"BSN","Bachelor of Science in Nursing","207P00000X","EMERGENCY MEDICINE PHYSICIAN","1"
"BSN","Bachelor of Science in Nursing","207RA0401X","ADDICTION MEDICINE (INTERNAL MEDICINE) PHYSICIAN","1"
"BSN","Bachelor of Science in Nursing","207RC0000X","CARDIOVASCULAR DISEASE PHYSICIAN","1"
"BSN","Bachelor of Science in Nursing","207RG0100X","GASTROENTEROLOGY PHYSICIAN","1"
"BSN","Bachelor of Science in Nursing","207RH0002X","HOSPICE AND PALLIATIVE MEDICINE (INTERNAL MEDICINE) PHYSICIAN","1"
"BSN","Bachelor of Science in Nursing","207RH0003X","HEMATOLOGY & ONCOLOGY PHYSICIAN","1"
"BSN","Bachelor of Science in Nursing","207RI0011X","INTERVENTIONAL CARDIOLOGY PHYSICIAN","1"
"BSN","Bachelor of Science in Nursing","207RI0200X","INFECTIOUS DISEASE PHYSICIAN","1"
"BSN","Bachelor of Science in Nursing","207RR0500X","RHEUMATOLOGY PHYSICIAN","1"
"BSN","Bachelor of Science in Nursing","207VE0102X","REPRODUCTIVE ENDOCRINOLOGY PHYSICIAN","1"
"BSN","Bachelor of Science in Nursing","207VF0040X","UROGYNECOLOGY AND RECONSTRUCTIVE PELVIC SURGERY (OBSTETRICS & GYNECOLOGY) PHYSICIAN","1"
"BSN","Bachelor of Science in Nursing","207VG0400X","GYNECOLOGY PHYSICIAN","1"
"BSN","Bachelor of Science in Nursing","207VX0201X","GYNECOLOGIC ONCOLOGY PHYSICIAN","1"
"BSN","Bachelor of Science in Nursing","207ZF0201X","FORENSIC PATHOLOGY PHYSICIAN","1"
"BSN","Bachelor of Science in Nursing","2080C0008X","CHILD ABUSE PEDIATRICS PHYSICIAN","1"
"BSN","Bachelor of Science in Nursing","2080P0006X","DEVELOPMENTAL - BEHAVIORAL PEDIATRICS PHYSICIAN","1"
"BSN","Bachelor of Science in Nursing","2080P0204X","PEDIATRIC EMERGENCY MEDICINE (PEDIATRICS) PHYSICIAN","1"
"BSN","Bachelor of Science in Nursing","2080P0214X","PEDIATRIC PULMONOLOGY PHYSICIAN","1"
"BSN","Bachelor of Science in Nursing","2081P0004X","SPINAL CORD INJURY MEDICINE PHYSICIAN","1"
"BSN","Bachelor of Science in Nursing","208200000X","PLASTIC SURGERY PHYSICIAN","1"
"BSN","Bachelor of Science in Nursing","2083C0008X","CLINICAL INFORMATICS PHYSICIAN","1"
"BSN","Bachelor of Science in Nursing","2084A2900X","NEUROCRITICAL CARE PHYSICIAN","1"
"BSN","Bachelor of Science in Nursing","2084P0804X","CHILD & ADOLESCENT PSYCHIATRY PHYSICIAN","1"
"BSN","Bachelor of Science in Nursing","2086S0102X","SURGICAL CRITICAL CARE PHYSICIAN","1"
"BSN","Bachelor of Science in Nursing","2086S0120X","PEDIATRIC SURGERY PHYSICIAN","1"
"BSN","Bachelor of Science in Nursing","2086S0129X","VASCULAR SURGERY PHYSICIAN","1"
"BSN","Bachelor of Science in Nursing","2086X0206X","SURGICAL ONCOLOGY PHYSICIAN","1"
"BSN","Bachelor of Science in Nursing","208800000X","UROLOGY PHYSICIAN","1"
"CA","Certified Acupuncturist","207K00000X","ALLERGY & IMMUNOLOGY PHYSICIAN","1"
"CA","Certified Acupuncturist","207R00000X","INTERNAL MEDICINE PHYSICIAN","1"
"CA","Certified Acupuncturist","207RS0010X","SPORTS MEDICINE (INTERNAL MEDICINE) PHYSICIAN","1"
"CA","Certified Acupuncturist","207RX0202X","MEDICAL ONCOLOGY PHYSICIAN","1"
"CA","Certified Acupuncturist","207VG0400X","GYNECOLOGY PHYSICIAN","1"
"CA","Certified Acupuncturist","207X00000X","ORTHOPAEDIC SURGERY PHYSICIAN","1"
"CA","Certified Acupuncturist","2080P0205X","PEDIATRIC ENDOCRINOLOGY PHYSICIAN","1"
"CA","Certified Acupuncturist","2081P0004X","SPINAL CORD INJURY MEDICINE PHYSICIAN","1"
"CA","Certified Acupuncturist","2083X0100X","OCCUPATIONAL MEDICINE PHYSICIAN","1"
"CA","Certified Acupuncturist","208600000X","SURGERY PHYSICIAN","1"
"CAC","Certified Animal Chiropractor","207RI0011X","INTERVENTIONAL CARDIOLOGY PHYSICIAN","1"
"CAC","Certified Animal Chiropractor","2084A0401X","ADDICTION MEDICINE (PSYCHIATRY & NEUROLOGY) PHYSICIAN","1"
"CAC","Certified Animal Chiropractor","2084P0800X","PSYCHIATRY PHYSICIAN","1"
"CANP","Certified Adult Nurse Practitioner","207K00000X","ALLERGY & IMMUNOLOGY PHYSICIAN","1"
"CANP","Certified Adult Nurse Practitioner","207Q00000X","FAMILY MEDICINE PHYSICIAN","1"
"CANP","Certified Adult Nurse Practitioner","207R00000X","INTERNAL MEDICINE PHYSICIAN","1"
"CANP","Certified Adult Nurse Practitioner","207RC0000X","CARDIOVASCULAR DISEASE PHYSICIAN","1"
"CANP","Certified Adult Nurse Practitioner","207RI0200X","INFECTIOUS DISEASE PHYSICIAN","1"
"CARN-AP","Certified Addictions Registered Nurse - Advanced Practice","207Q00000X","FAMILY MEDICINE PHYSICIAN","1"
"CASAC","Credentialed Alcoholism and Substance Abuse Counselor","2084A0401X","ADDICTION MEDICINE (PSYCHIATRY & NEUROLOGY) PHYSICIAN","1"
"CASAC-T","Credentialed Alcoholism and Substance Abuse Counselor - Trainee","207QA0401X","ADDICTION MEDICINE (FAMILY MEDICINE) PHYSICIAN","1"
"CCC-SLP","Certificate of Clinical Competence in Speech-Language Pathology","207P00000X","EMERGENCY MEDICINE PHYSICIAN","1"
"CCC-SLP","Certificate of Clinical Competence in Speech-Language Pathology","207Q00000X","FAMILY MEDICINE PHYSICIAN","1"
"CCC-SLP","Certificate of Clinical Competence in Speech-Language Pathology","207RG0100X","GASTROENTEROLOGY PHYSICIAN","1"
"CCC-SLP","Certificate of Clinical Competence in Speech-Language Pathology","207YX0905X","OTOLARYNGOLOGY/FACIAL PLASTIC SURGERY PHYSICIAN","1"
"CCC-SLP","Certificate of Clinical Competence in Speech-Language Pathology","207ZP0213X","PEDIATRIC PATHOLOGY PHYSICIAN","1"
"CCC-SLP","Certificate of Clinical Competence in Speech-Language Pathology","2080P0006X","DEVELOPMENTAL - BEHAVIORAL PEDIATRICS PHYSICIAN","1"
"CCC-SLP","Certificate of Clinical Competence in Speech-Language Pathology","2084N0400X","NEUROLOGY PHYSICIAN","1"
"CCP","Certified Clinical Perfusionist","207Q00000X","FAMILY MEDICINE PHYSICIAN","1"
"CCRN","Critical Care Registered Nurse (Adult)","207UN0902X","NUCLEAR IMAGING & THERAPY PHYSICIAN","1"
"CCRN","Critical Care Registered Nurse (Adult)","207V00000X","OBSTETRICS & GYNECOLOGY PHYSICIAN","1"
"CCRN","Critical Care Registered Nurse (Adult)","2083P0901X","PUBLIC HEALTH & GENERAL PREVENTIVE MEDICINE PHYSICIAN","1"
"CCRN","Critical Care Registered Nurse (Adult)","2086S0102X","SURGICAL CRITICAL CARE PHYSICIAN","1"
"CCRN","Critical Care Registered Nurse (Adult)","208M00000X","HOSPITALIST PHYSICIAN","1"
"CCRN","Critical Care Registered Nurse (Adult)","208VP0014X","INTERVENTIONAL PAIN MEDICINE PHYSICIAN","1"
"CDCA","Certified Drug and Alcohol Counselor","207RA0401X","ADDICTION MEDICINE (INTERNAL MEDICINE) PHYSICIAN","1"
"CDCA","Certified Drug and Alcohol Counselor","2084P0802X","ADDICTION PSYCHIATRY PHYSICIAN","1"
"CDCES","Certified Diabetes Care and Education Specialist","207Q00000X","FAMILY MEDICINE PHYSICIAN","1"
"CDCES","Certified Diabetes Care and Education Specialist","207RC0000X","CARDIOVASCULAR DISEASE PHYSICIAN","1"
"CDCES","Certified Diabetes Care and Education Specialist","2080P0205X","PEDIATRIC ENDOCRINOLOGY PHYSICIAN","1"
"CDCES","Certified Diabetes Care and Education Specialist","2080P0206X","PEDIATRIC GASTROENTEROLOGY PHYSICIAN","1"
"CDN","Certified Dialysis Nurse","207RC0000X","CARDIOVASCULAR DISEASE PHYSICIAN","1"
"CDN","Certified Dialysis Nurse","208600000X","SURGERY PHYSICIAN","1"
"CEN","Certified Emergency Nurse","207LP2900X","PAIN MEDICINE (ANESTHESIOLOGY) PHYSICIAN","1"
"CEN","Certified Emergency Nurse","207P00000X","EMERGENCY MEDICINE PHYSICIAN","1"
"CEN","Certified Emergency Nurse","207Q00000X","FAMILY MEDICINE PHYSICIAN","1"
"CEO","Chief Executive Officer","207Q00000X","FAMILY MEDICINE PHYSICIAN","1"
"CER","Certificate","208600000X","SURGERY PHYSICIAN","1"
"CF-SLP","Clinical Fellow Speech-Language Pathologist","207R00000X","INTERNAL MEDICINE PHYSICIAN","1"
"CF-SLP","Clinical Fellow Speech-Language Pathologist","207ZC0006X","CLINICAL PATHOLOGY PHYSICIAN","1"
"CF-SLP","Clinical Fellow Speech-Language Pathologist","207ZP0213X","PEDIATRIC PATHOLOGY PHYSICIAN","1"
"CFNP","Certified Family Nurse Practitioner","207K00000X","ALLERGY & IMMUNOLOGY PHYSICIAN","1"
"CFNP","Certified Family Nurse Practitioner","207PE0004X","EMERGENCY MEDICAL SERVICES (EMERGENCY MEDICINE) PHYSICIAN","1"
"CFNP","Certified Family Nurse Practitioner","207QA0505X","ADULT MEDICINE PHYSICIAN","1"
"CFNP","Certified Family Nurse Practitioner","207RC0001X","CLINICAL CARDIAC ELECTROPHYSIOLOGY PHYSICIAN","1"
"CFNP","Certified Family Nurse Practitioner","207RE0101X","ENDOCRINOLOGY, DIABETES & METABOLISM PHYSICIAN","1"
"CFNP","Certified Family Nurse Practitioner","207RH0003X","HEMATOLOGY & ONCOLOGY PHYSICIAN","1"
"CFNP","Certified Family Nurse Practitioner","207RR0500X","RHEUMATOLOGY PHYSICIAN","1"
"CFNP","Certified Family Nurse Practitioner","207V00000X","OBSTETRICS & GYNECOLOGY PHYSICIAN","1"
"CFNP","Certified Family Nurse Practitioner","207VX0000X","OBSTETRICS PHYSICIAN","1"
"CFNP","Certified Family Nurse Practitioner","207Y00000X","OTOLARYNGOLOGY PHYSICIAN","1"
"CFNP","Certified Family Nurse Practitioner","208100000X","PHYSICAL MEDICINE & REHABILITATION PHYSICIAN","1"
"CFNP","Certified Family Nurse Practitioner","2084P0800X","PSYCHIATRY PHYSICIAN","1"
"CFNP","Certified Family Nurse Practitioner","208M00000X","HOSPITALIST PHYSICIAN","1"
"CFRN","Certified Flight Registered Nurse","208VP0000X","PAIN MEDICINE PHYSICIAN","1"
"CGC","Certified Genetic Counselor","207Q00000X","FAMILY MEDICINE PHYSICIAN","1"
"CGC","Certified Genetic Counselor","207SG0202X","CLINICAL BIOCHEMICAL GENETICS PHYSICIAN","1"
"CGC","Certified Genetic Counselor","207VM0101X","MATERNAL & FETAL MEDICINE PHYSICIAN","1"
"CGC","Certified Genetic Counselor","2080P0206X","PEDIATRIC GASTROENTEROLOGY PHYSICIAN","1"
"CGC","Certified Genetic Counselor","2080P0208X","PEDIATRIC INFECTIOUS DISEASES PHYSICIAN","1"
"CHPN","Certified Hospice and Palliative Nurse","207RH0002X","HOSPICE AND PALLIATIVE MEDICINE (INTERNAL MEDICINE) PHYSICIAN","1"
"CHPN","Certified Hospice and Palliative Nurse","207RX0202X","MEDICAL ONCOLOGY PHYSICIAN","1"
"CHW","Community Health Worker","207QA0000X","ADOLESCENT MEDICINE (FAMILY MEDICINE) PHYSICIAN","1"
"CHW","Community Health Worker","207VH0002X","HOSPICE AND PALLIATIVE MEDICINE (OBSTETRICS & GYNECOLOGY) PHYSICIAN","1"
"CHW","Community Health Worker","2080A0000X","PEDIATRIC ADOLESCENT MEDICINE PHYSICIAN","1"
"CHW","Community Health Worker","2083P0901X","PUBLIC HEALTH & GENERAL PREVENTIVE MEDICINE PHYSICIAN","1"
"CHW","Community Health Worker","2084P0800X","PSYCHIATRY PHYSICIAN","1"
"CIC","Certified in Infection Control","207KI0005X","CLINICAL & LABORATORY IMMUNOLOGY (ALLERGY & IMMUNOLOGY) PHYSICIAN","1"
"CIC","Certified in Infection Control","207ZB0001X","BLOOD BANKING & TRANSFUSION MEDICINE PHYSICIAN","1"
"CIC","Certified in Infection Control","207ZI0100X","IMMUNOPATHOLOGY PHYSICIAN","1"
"CIC","Certified in Infection Control","207ZM0300X","MEDICAL MICROBIOLOGY PHYSICIAN","1"
"CIC","Certified in Infection Control","207ZP0105X","CLINICAL PATHOLOGY/LABORATORY MEDICINE PHYSICIAN","1"
"CIC","Certified in Infection Control","2083P0901X","PUBLIC HEALTH & GENERAL PREVENTIVE MEDICINE PHYSICIAN","1"
"CLC","Certified Lactation Counselor","207Q00000X","FAMILY MEDICINE PHYSICIAN","1"
"CLC","Certified Lactation Counselor","207VX0000X","OBSTETRICS PHYSICIAN","1"
"CM","Occupational Health Nursing Case Management","207V00000X","OBSTETRICS & GYNECOLOGY PHYSICIAN","1"
"CM","Occupational Health Nursing Case Management","207ZM0300X","MEDICAL MICROBIOLOGY PHYSICIAN","1"
"CM","Occupational Health Nursing Case Management","207ZP0105X","CLINICAL PATHOLOGY/LABORATORY MEDICINE PHYSICIAN","1"
"CMA","Certified Medical Assistant","207R00000X","INTERNAL MEDICINE PHYSICIAN","1"
"CMA","Certified Medical Assistant","207RG0100X","GASTROENTEROLOGY PHYSICIAN","1"
"CMA","Certified Medical Assistant","207RH0002X","HOSPICE AND PALLIATIVE MEDICINE (INTERNAL MEDICINE) PHYSICIAN","1"
"CMA","Certified Medical Assistant","207T00000X","NEUROLOGICAL SURGERY PHYSICIAN","1"
"CMA","Certified Medical Assistant","2080C0008X","CHILD ABUSE PEDIATRICS PHYSICIAN","1"
"CMA","Certified Medical Assistant","208100000X","PHYSICAL MEDICINE & REHABILITATION PHYSICIAN","1"
"CMA","Certified Medical Assistant","2083A0300X","ADDICTION MEDICINE (PREVENTIVE MEDICINE) PHYSICIAN","1"
"CMHC","Community Mental Health Counselor","207Q00000X","FAMILY MEDICINE PHYSICIAN","1"
"CMT","Certified Massage Therapist","207P00000X","EMERGENCY MEDICINE PHYSICIAN","1"
"CMT","Certified Massage Therapist","207Q00000X","FAMILY MEDICINE PHYSICIAN","1"
"CMT","Certified Massage Therapist","207XX0005X","SPORTS MEDICINE (ORTHOPAEDIC SURGERY) PHYSICIAN","1"
"CMT","Certified Massage Therapist","208100000X","PHYSICAL MEDICINE & REHABILITATION PHYSICIAN","1"
"CMT","Certified Massage Therapist","2081S0010X","SPORTS MEDICINE (PHYSICAL MEDICINE & REHABILITATION) PHYSICIAN","1"
"CNA","Certified Nursing Assistant","202C00000X","INDEPENDENT MEDICAL EXAMINER PHYSICIAN","1"
"CNA","Certified Nursing Assistant","207LP3000X","PEDIATRIC ANESTHESIOLOGY PHYSICIAN","1"
"CNA","Certified Nursing Assistant","207N00000X","DERMATOLOGY PHYSICIAN","1"
"CNA","Certified Nursing Assistant","207P00000X","EMERGENCY MEDICINE PHYSICIAN","1"
"CNA","Certified Nursing Assistant","207QA0401X","ADDICTION MEDICINE (FAMILY MEDICINE) PHYSICIAN","1"
"CNA","Certified Nursing Assistant","207QG0300X","GERIATRIC MEDICINE (FAMILY MEDICINE) PHYSICIAN","1"
"CNA","Certified Nursing Assistant","207RE0101X","ENDOCRINOLOGY, DIABETES & METABOLISM PHYSICIAN","1"
"CNA","Certified Nursing Assistant","207RG0300X","GERIATRIC MEDICINE (INTERNAL MEDICINE) PHYSICIAN","1"
"CNA","Certified Nursing Assistant","207RI0011X","INTERVENTIONAL CARDIOLOGY PHYSICIAN","1"
"CNA","Certified Nursing Assistant","207V00000X","OBSTETRICS & GYNECOLOGY PHYSICIAN","1"
"CNA","Certified Nursing Assistant","207VH0002X","HOSPICE AND PALLIATIVE MEDICINE (OBSTETRICS & GYNECOLOGY) PHYSICIAN","1"
"CNA","Certified Nursing Assistant","2080H0002X","PEDIATRIC HOSPICE AND PALLIATIVE MEDICINE PHYSICIAN","1"
"CNA","Certified Nursing Assistant","2081H0002X","HOSPICE AND PALLIATIVE MEDICINE (PHYSICAL MEDICINE & REHABILITATION) PHYSICIAN","1"
"CNA","Certified Nursing Assistant","2084N0400X","NEUROLOGY PHYSICIAN","1"
"CNA","Certified Nursing Assistant","208D00000X","GENERAL PRACTICE PHYSICIAN","1"
"CNA","Certified Nursing Assistant","208M00000X","HOSPITALIST PHYSICIAN","1"
"CNA","Certified Nursing Assistant","208VP0000X","PAIN MEDICINE PHYSICIAN","1"
"CNIM","Certified Neurophysiologic Intraoperative Monitoring","2084N0400X","NEUROLOGY PHYSICIAN","1"
"CNM","Certified Nurse Midwife","207QA0401X","ADDICTION MEDICINE (FAMILY MEDICINE) PHYSICIAN","1"
"CNM","Certified Nurse Midwife","207R00000X","INTERNAL MEDICINE PHYSICIAN","1"
"CNM","Certified Nurse Midwife","207RC0000X","CARDIOVASCULAR DISEASE PHYSICIAN","1"
"CNM","Certified Nurse Midwife","207RH0003X","HEMATOLOGY & ONCOLOGY PHYSICIAN","1"
"CNM","Certified Nurse Midwife","207VH0002X","HOSPICE AND PALLIATIVE MEDICINE (OBSTETRICS & GYNECOLOGY) PHYSICIAN","1"
"CNM","Certified Nurse Midwife","207VX0201X","GYNECOLOGIC ONCOLOGY PHYSICIAN","1"
"CNM","Certified Nurse Midwife","207ZC0006X","CLINICAL PATHOLOGY PHYSICIAN","1"
"CNM","Certified Nurse Midwife","207ZN0500X","NEUROPATHOLOGY PHYSICIAN","1"
"CNM","Certified Nurse Midwife","208000000X","PEDIATRICS PHYSICIAN","1"
"CNM","Certified Nurse Midwife","2083A0300X","ADDICTION MEDICINE (PREVENTIVE MEDICINE) PHYSICIAN","1"
"CNM","Certified Nurse Midwife","2083P0011X","UNDERSEA AND HYPERBARIC MEDICINE (PREVENTIVE MEDICINE) PHYSICIAN","1"
"CNM","Certified Nurse Midwife","2083P0901X","PUBLIC HEALTH & GENERAL PREVENTIVE MEDICINE PHYSICIAN","1"
"CNM","Certified Nurse Midwife","2084A0401X","ADDICTION MEDICINE (PSYCHIATRY & NEUROLOGY) PHYSICIAN","1"
"CNM","Certified Nurse Midwife","2084P0804X","CHILD & ADOLESCENT PSYCHIATRY PHYSICIAN","1"
"CNM","Certified Nurse Midwife","208600000X","SURGERY PHYSICIAN","1"
"CNM","Certified Nurse Midwife","208800000X","UROLOGY PHYSICIAN","1"
"CNOR","Certified Perioperative Nurse","207Q00000X","FAMILY MEDICINE PHYSICIAN","1"
"CNOR","Certified Perioperative Nurse","207T00000X","NEUROLOGICAL SURGERY PHYSICIAN","1"
"CNOR","Certified Perioperative Nurse","207VX0000X","OBSTETRICS PHYSICIAN","1"
"CNOR","Certified Perioperative Nurse","208200000X","PLASTIC SURGERY PHYSICIAN","1"
"CNOR","Certified Perioperative Nurse","2086S0129X","VASCULAR SURGERY PHYSICIAN","1"
"CNOR","Certified Perioperative Nurse","2088F0040X","UROGYNECOLOGY AND RECONSTRUCTIVE PELVIC SURGERY (UROLOGY) PHYSICIAN","1"
"CNP","Certified Nurse Practitioner","207KA0200X","ALLERGY PHYSICIAN","1"
"CNP","Certified Nurse Practitioner","207L00000X","ANESTHESIOLOGY PHYSICIAN","1"
"CNP","Certified Nurse Practitioner","207LH0002X","HOSPICE AND PALLIATIVE MEDICINE (ANESTHESIOLOGY) PHYSICIAN","1"
"CNP","Certified Nurse Practitioner","207NP0225X","PEDIATRIC DERMATOLOGY PHYSICIAN","1"
"CNP","Certified Nurse Practitioner","207RI0008X","HEPATOLOGY PHYSICIAN","1"
"CNP","Certified Nurse Practitioner","207RX0202X","MEDICAL ONCOLOGY PHYSICIAN","1"
"CNP","Certified Nurse Practitioner","207VM0101X","MATERNAL & FETAL MEDICINE PHYSICIAN","1"
"CNP","Certified Nurse Practitioner","207XX0801X","ORTHOPAEDIC TRAUMA PHYSICIAN","1"
"CNP","Certified Nurse Practitioner","2080P0203X","PEDIATRIC CRITICAL CARE MEDICINE PHYSICIAN","1"
"CNP","Certified Nurse Practitioner","2080P0204X","PEDIATRIC EMERGENCY MEDICINE (PEDIATRICS) PHYSICIAN","1"
"CNP","Certified Nurse Practitioner","2080P0214X","PEDIATRIC PULMONOLOGY PHYSICIAN","1"
"CNP","Certified Nurse Practitioner","2080T0002X","PEDIATRIC MEDICAL TOXICOLOGY PHYSICIAN","1"
"CNP","Certified Nurse Practitioner","2083P0011X","UNDERSEA AND HYPERBARIC MEDICINE (PREVENTIVE MEDICINE) PHYSICIAN","1"
"CNP","Certified Nurse Practitioner","2083P0901X","PUBLIC HEALTH & GENERAL PREVENTIVE MEDICINE PHYSICIAN","1"
"CNP","Certified Nurse Practitioner","2083X0100X","OCCUPATIONAL MEDICINE PHYSICIAN","1"
"CNP","Certified Nurse Practitioner","2084F0202X","FORENSIC PSYCHIATRY PHYSICIAN","1"
"CNP","Certified Nurse Practitioner","2084P0015X","PSYCHOSOMATIC MEDICINE PHYSICIAN","1"
"CNP","Certified Nurse Practitioner","2084P0805X","GERIATRIC PSYCHIATRY PHYSICIAN","1"
"CNP","Certified Nurse Practitioner","2085R0001X","RADIATION ONCOLOGY PHYSICIAN","1"
"CNRN","Certified Neuroscience Registered Nurse","207RG0300X","GERIATRIC MEDICINE (INTERNAL MEDICINE) PHYSICIAN","1"
"CNRN","Certified Neuroscience Registered Nurse","207T00000X","NEUROLOGICAL SURGERY PHYSICIAN","1"
"CNRN","Certified Neuroscience Registered Nurse","2086S0102X","SURGICAL CRITICAL CARE PHYSICIAN","1"
"CNS","Certified Nurse Specialist","207L00000X","ANESTHESIOLOGY PHYSICIAN","1"
"CNS","Certified Nurse Specialist","207QA0505X","ADULT MEDICINE PHYSICIAN","1"
"CNS","Certified Nurse Specialist","207QG0300X","GERIATRIC MEDICINE (FAMILY MEDICINE) PHYSICIAN","1"
"CNS","Certified Nurse Specialist","207QH0002X","HOSPICE AND PALLIATIVE MEDICINE (FAMILY MEDICINE) PHYSICIAN","1"
"CNS","Certified Nurse Specialist","207RI0200X","INFECTIOUS DISEASE PHYSICIAN","1"
"CNS","Certified Nurse Specialist","207RP1001X","PULMONARY DISEASE PHYSICIAN","1"
"CNS","Certified Nurse Specialist","207RX0202X","MEDICAL ONCOLOGY PHYSICIAN","1"
"CNS","Certified Nurse Specialist","207T00000X","NEUROLOGICAL SURGERY PHYSICIAN","1"
"CNS","Certified Nurse Specialist","2080P0203X","PEDIATRIC CRITICAL CARE MEDICINE PHYSICIAN","1"
"CNS","Certified Nurse Specialist","2080P0207X","PEDIATRIC HEMATOLOGY & ONCOLOGY PHYSICIAN","1"
"CNS","Certified Nurse Specialist","2084P0802X","ADDICTION PSYCHIATRY PHYSICIAN","1"
"CNS","Certified Nurse Specialist","2084P0804X","CHILD & ADOLESCENT PSYCHIATRY PHYSICIAN","1"
"CNS","Certified Nurse Specialist","208600000X","SURGERY PHYSICIAN","1"
"CNS","Certified Nurse Specialist","2086S0102X","SURGICAL CRITICAL CARE PHYSICIAN","1"
"CNS","Certified Nurse Specialist","2086S0122X","PLASTIC AND RECONSTRUCTIVE SURGERY PHYSICIAN","1"
"CNS","Certified Nurse Specialist","2086X0206X","SURGICAL ONCOLOGY PHYSICIAN","1"
"CNS","Certified Nurse Specialist","208800000X","UROLOGY PHYSICIAN","1"
"CNS","Certified Nurse Specialist","208C00000X","COLON & RECTAL SURGERY PHYSICIAN","1"
"CNS","Certified Nurse Specialist","208G00000X","THORACIC SURGERY (CARDIOTHORACIC VASCULAR SURGERY) PHYSICIAN","1"
"CNS-BC","Clinical Nurse Specialist Core","208M00000X","HOSPITALIST PHYSICIAN","1"
"CORLN","Certified Otorhinolaryngology Nurse","207Y00000X","OTOLARYNGOLOGY PHYSICIAN","1"
"COTA","Certified Occupational Therapy Assistant","202C00000X","INDEPENDENT MEDICAL EXAMINER PHYSICIAN","1"
"COTA","Certified Occupational Therapy Assistant","2080S0010X","PEDIATRIC SPORTS MEDICINE PHYSICIAN","1"
"COTA/L","Certified Occupational Therapy Assistant Licensed","2081N0008X","NEUROMUSCULAR MEDICINE (PHYSICAL MEDICINE & REHABILITATION) PHYSICIAN","1"
"CPA","Certified Public Accountant","207Q00000X","FAMILY MEDICINE PHYSICIAN","1"
"CPA","Certified Public Accountant","2083P0901X","PUBLIC HEALTH & GENERAL PREVENTIVE MEDICINE PHYSICIAN","1"
"CPC","Certified Professional Coder","207RH0003X","HEMATOLOGY & ONCOLOGY PHYSICIAN","1"
"CPC","Certified Professional Coder","2084A0401X","ADDICTION MEDICINE (PSYCHIATRY & NEUROLOGY) PHYSICIAN","1"
"CPHT","Certified Pharmacy Technician","207PE0004X","EMERGENCY MEDICAL SERVICES (EMERGENCY MEDICINE) PHYSICIAN","1"
"CPN","Certified Pediatric Nurse","207L00000X","ANESTHESIOLOGY PHYSICIAN","1"
"CPN","Certified Pediatric Nurse","2080P0203X","PEDIATRIC CRITICAL CARE MEDICINE PHYSICIAN","1"
"CPN","Certified Pediatric Nurse","2083P0901X","PUBLIC HEALTH & GENERAL PREVENTIVE MEDICINE PHYSICIAN","1"
"CPNP","Certified Pediatric Nurse Practitioner","207KA0200X","ALLERGY PHYSICIAN","1"
"CPNP","Certified Pediatric Nurse Practitioner","207P00000X","EMERGENCY MEDICINE PHYSICIAN","1"
"CPNP","Certified Pediatric Nurse Practitioner","207PP0204X","PEDIATRIC EMERGENCY MEDICINE (EMERGENCY MEDICINE) PHYSICIAN","1"
"CPNP","Certified Pediatric Nurse Practitioner","207RC0000X","CARDIOVASCULAR DISEASE PHYSICIAN","1"
"CPNP","Certified Pediatric Nurse Practitioner","207RE0101X","ENDOCRINOLOGY, DIABETES & METABOLISM PHYSICIAN","1"
"CPNP","Certified Pediatric Nurse Practitioner","207RH0002X","HOSPICE AND PALLIATIVE MEDICINE (INTERNAL MEDICINE) PHYSICIAN","1"
"CPNP","Certified Pediatric Nurse Practitioner","207RX0202X","MEDICAL ONCOLOGY PHYSICIAN","1"
"CPNP","Certified Pediatric Nurse Practitioner","207SG0201X","CLINICAL GENETICS (M.D.) PHYSICIAN","1"
"CPNP","Certified Pediatric Nurse Practitioner","207T00000X","NEUROLOGICAL SURGERY PHYSICIAN","1"
"CPNP","Certified Pediatric Nurse Practitioner","207Y00000X","OTOLARYNGOLOGY PHYSICIAN","1"
"CPNP","Certified Pediatric Nurse Practitioner","2080H0002X","PEDIATRIC HOSPICE AND PALLIATIVE MEDICINE PHYSICIAN","1"
"CPNP","Certified Pediatric Nurse Practitioner","2080P0201X","PEDIATRIC ALLERGY/IMMUNOLOGY PHYSICIAN","1"
"CPNP","Certified Pediatric Nurse Practitioner","2080P0208X","PEDIATRIC INFECTIOUS DISEASES PHYSICIAN","1"
"CPNP","Certified Pediatric Nurse Practitioner","2080T0002X","PEDIATRIC MEDICAL TOXICOLOGY PHYSICIAN","1"
"CPNP","Certified Pediatric Nurse Practitioner","2081P0010X","PEDIATRIC REHABILITATION MEDICINE PHYSICIAN","1"
"CPNP","Certified Pediatric Nurse Practitioner","2084P0005X","NEURODEVELOPMENTAL DISABILITIES PHYSICIAN","1"
"CPNP","Certified Pediatric Nurse Practitioner","208800000X","UROLOGY PHYSICIAN","1"
"CPNP","Certified Pediatric Nurse Practitioner","2088P0231X","PEDIATRIC UROLOGY PHYSICIAN","1"
"CPNP","Certified Pediatric Nurse Practitioner","208G00000X","THORACIC SURGERY (CARDIOTHORACIC VASCULAR SURGERY) PHYSICIAN","1"
"CPNP","Certified Pediatric Nurse Practitioner","208M00000X","HOSPITALIST PHYSICIAN","1"
"CPNP-AC","Certified Pediatric Nurse Practitioner - Acute Care","207LP3000X","PEDIATRIC ANESTHESIOLOGY PHYSICIAN","1"
"CPNP-AC","Certified Pediatric Nurse Practitioner - Acute Care","207RC0200X","CRITICAL CARE MEDICINE (INTERNAL MEDICINE) PHYSICIAN","1"
"CPNP-AC","Certified Pediatric Nurse Practitioner - Acute Care","207T00000X","NEUROLOGICAL SURGERY PHYSICIAN","1"
"CPNP-AC","Certified Pediatric Nurse Practitioner - Acute Care","207YP0228X","PEDIATRIC OTOLARYNGOLOGY PHYSICIAN","1"
"CPNP-AC","Certified Pediatric Nurse Practitioner - Acute Care","207YX0007X","PLASTIC SURGERY WITHIN THE HEAD & NECK (OTOLARYNGOLOGY) PHYSICIAN","1"
"CPNP-AC","Certified Pediatric Nurse Practitioner - Acute Care","2080A0000X","PEDIATRIC ADOLESCENT MEDICINE PHYSICIAN","1"
"CPNP-AC","Certified Pediatric Nurse Practitioner - Acute Care","2080P0006X","DEVELOPMENTAL - BEHAVIORAL PEDIATRICS PHYSICIAN","1"
"CPNP-AC","Certified Pediatric Nurse Practitioner - Acute Care","2080P0206X","PEDIATRIC GASTROENTEROLOGY PHYSICIAN","1"
"CPNP-AC","Certified Pediatric Nurse Practitioner - Acute Care","2080P0208X","PEDIATRIC INFECTIOUS DISEASES PHYSICIAN","1"
"CPNP-AC","Certified Pediatric Nurse Practitioner - Acute Care","2080P0210X","PEDIATRIC NEPHROLOGY PHYSICIAN","1"
"CPNP-AC","Certified Pediatric Nurse Practitioner - Acute Care","2085P0229X","PEDIATRIC RADIOLOGY PHYSICIAN","1"
"CPNP-AC","Certified Pediatric Nurse Practitioner - Acute Care","208800000X","UROLOGY PHYSICIAN","1"
"CPNP-AC","Certified Pediatric Nurse Practitioner - Acute Care","2088P0231X","PEDIATRIC UROLOGY PHYSICIAN","1"
"CPNP-AC","Certified Pediatric Nurse Practitioner - Acute Care","208M00000X","HOSPITALIST PHYSICIAN","1"
"CPNP-PC","Certified Pediatric Nurse Practitioner Primary Care","207K00000X","ALLERGY & IMMUNOLOGY PHYSICIAN","1"
"CPNP-PC","Certified Pediatric Nurse Practitioner Primary Care","207LP3000X","PEDIATRIC ANESTHESIOLOGY PHYSICIAN","1"
"CPNP-PC","Certified Pediatric Nurse Practitioner Primary Care","207R00000X","INTERNAL MEDICINE PHYSICIAN","1"
"CPNP-PC","Certified Pediatric Nurse Practitioner Primary Care","207Y00000X","OTOLARYNGOLOGY PHYSICIAN","1"
"CPNP-PC","Certified Pediatric Nurse Practitioner Primary Care","2080C0008X","CHILD ABUSE PEDIATRICS PHYSICIAN","1"
"CPNP-PC","Certified Pediatric Nurse Practitioner Primary Care","2080P0203X","PEDIATRIC CRITICAL CARE MEDICINE PHYSICIAN","1"
"CPNP-PC","Certified Pediatric Nurse Practitioner Primary Care","2080P0208X","PEDIATRIC INFECTIOUS DISEASES PHYSICIAN","1"
"CPNP-PC","Certified Pediatric Nurse Practitioner Primary Care","2080P0210X","PEDIATRIC NEPHROLOGY PHYSICIAN","1"
"CPNP-PC","Certified Pediatric Nurse Practitioner Primary Care","2080P0216X","PEDIATRIC RHEUMATOLOGY PHYSICIAN","1"
"CPNP-PC","Certified Pediatric Nurse Practitioner Primary Care","208200000X","PLASTIC SURGERY PHYSICIAN","1"
"CPNP-PC","Certified Pediatric Nurse Practitioner Primary Care","2084N0402X","NEUROLOGY WITH SPECIAL QUALIFICATIONS IN CHILD NEUROLOGY PHYSICIAN","1"
"CPNP-PC","Certified Pediatric Nurse Practitioner Primary Care","2088P0231X","PEDIATRIC UROLOGY PHYSICIAN","1"
"CPON","Certified Pediatric Oncology Nurse","208000000X","PEDIATRICS PHYSICIAN","1"
"CPSS","Certified Peer Support Specialist","2084P0800X","PSYCHIATRY PHYSICIAN","1"
"CRNA","Certified Registered Nurse Anesthetist","204C00000X","SPORTS MEDICINE (NEUROMUSCULOSKELETAL MEDICINE) PHYSICIAN","1"
"CRNA","Certified Registered Nurse Anesthetist","207LH0002X","HOSPICE AND PALLIATIVE MEDICINE (ANESTHESIOLOGY) PHYSICIAN","1"
"CRNA","Certified Registered Nurse Anesthetist","207QA0401X","ADDICTION MEDICINE (FAMILY MEDICINE) PHYSICIAN","1"
"CRNA","Certified Registered Nurse Anesthetist","207RC0001X","CLINICAL CARDIAC ELECTROPHYSIOLOGY PHYSICIAN","1"
"CRNA","Certified Registered Nurse Anesthetist","207RE0101X","ENDOCRINOLOGY, DIABETES & METABOLISM PHYSICIAN","1"
"CRNA","Certified Registered Nurse Anesthetist","207XS0106X","ORTHOPAEDIC HAND SURGERY PHYSICIAN","1"
"CRNA","Certified Registered Nurse Anesthetist","2080P0207X","PEDIATRIC HEMATOLOGY & ONCOLOGY PHYSICIAN","1"
"CRNA","Certified Registered Nurse Anesthetist","2084A0401X","ADDICTION MEDICINE (PSYCHIATRY & NEUROLOGY) PHYSICIAN","1"
"CRNA","Certified Registered Nurse Anesthetist","2086S0102X","SURGICAL CRITICAL CARE PHYSICIAN","1"
"CRNFA","Certified Registered Nurse First Assistant","2086X0206X","SURGICAL ONCOLOGY PHYSICIAN","1"
"CRNO","Certification for Registered Nurses of Ophthalmology","207L00000X","ANESTHESIOLOGY PHYSICIAN","1"
"CRNP","Certified Registered Nurse Practitioner","202C00000X","INDEPENDENT MEDICAL EXAMINER PHYSICIAN","1"
"CRNP","Certified Registered Nurse Practitioner","204F00000X","TRANSPLANT SURGERY PHYSICIAN","1"
"CRNP","Certified Registered Nurse Practitioner","207KA0200X","ALLERGY PHYSICIAN","1"
"CRNP","Certified Registered Nurse Practitioner","207QB0002X","OBESITY MEDICINE (FAMILY MEDICINE) PHYSICIAN","1"
"CRNP","Certified Registered Nurse Practitioner","207QS1201X","SLEEP MEDICINE (FAMILY MEDICINE) PHYSICIAN","1"
"CRNP","Certified Registered Nurse Practitioner","207RA0401X","ADDICTION MEDICINE (INTERNAL MEDICINE) PHYSICIAN","1"
"CRNP","Certified Registered Nurse Practitioner","207RI0008X","HEPATOLOGY PHYSICIAN","1"
"CRNP","Certified Registered Nurse Practitioner","207RI0011X","INTERVENTIONAL CARDIOLOGY PHYSICIAN","1"
"CRNP","Certified Registered Nurse Practitioner","207RS0012X","SLEEP MEDICINE (INTERNAL MEDICINE) PHYSICIAN","1"
"CRNP","Certified Registered Nurse Practitioner","207VE0102X","REPRODUCTIVE ENDOCRINOLOGY PHYSICIAN","1"
"CRNP","Certified Registered Nurse Practitioner","207VX0201X","GYNECOLOGIC ONCOLOGY PHYSICIAN","1"
"CRNP","Certified Registered Nurse Practitioner","207XP3100X","PEDIATRIC ORTHOPAEDIC SURGERY PHYSICIAN","1"
"CRNP","Certified Registered Nurse Practitioner","207XX0004X","ORTHOPAEDIC FOOT AND ANKLE SURGERY PHYSICIAN","1"
"CRNP","Certified Registered Nurse Practitioner","207XX0801X","ORTHOPAEDIC TRAUMA PHYSICIAN","1"
"CRNP","Certified Registered Nurse Practitioner","2080B0002X","PEDIATRIC OBESITY MEDICINE PHYSICIAN","1"
"CRNP","Certified Registered Nurse Practitioner","2080I0007X","PEDIATRIC CLINICAL & LABORATORY IMMUNOLOGY PHYSICIAN","1"
"CRNP","Certified Registered Nurse Practitioner","2080P0006X","DEVELOPMENTAL - BEHAVIORAL PEDIATRICS PHYSICIAN","1"
"CRNP","Certified Registered Nurse Practitioner","2080P0201X","PEDIATRIC ALLERGY/IMMUNOLOGY PHYSICIAN","1"
"CRNP","Certified Registered Nurse Practitioner","2080P0202X","PEDIATRIC CARDIOLOGY PHYSICIAN","1"
"CRNP","Certified Registered Nurse Practitioner","2080P0205X","PEDIATRIC ENDOCRINOLOGY PHYSICIAN","1"
"CRNP","Certified Registered Nurse Practitioner","2080P0210X","PEDIATRIC NEPHROLOGY PHYSICIAN","1"
"CRNP","Certified Registered Nurse Practitioner","2080P0216X","PEDIATRIC RHEUMATOLOGY PHYSICIAN","1"
"CRNP","Certified Registered Nurse Practitioner","2080T0002X","PEDIATRIC MEDICAL TOXICOLOGY PHYSICIAN","1"
"CRNP","Certified Registered Nurse Practitioner","2081P0010X","PEDIATRIC REHABILITATION MEDICINE PHYSICIAN","1"
"CRNP","Certified Registered Nurse Practitioner","208200000X","PLASTIC SURGERY PHYSICIAN","1"
"CRNP","Certified Registered Nurse Practitioner","2083P0901X","PUBLIC HEALTH & GENERAL PREVENTIVE MEDICINE PHYSICIAN","1"
"CRNP","Certified Registered Nurse Practitioner","2084B0040X","BEHAVIORAL NEUROLOGY & NEUROPSYCHIATRY PHYSICIAN","1"
"CRNP","Certified Registered Nurse Practitioner","2084E0001X","EPILEPSY PHYSICIAN","1"
"CRNP","Certified Registered Nurse Practitioner","2085R0204X","VASCULAR & INTERVENTIONAL RADIOLOGY PHYSICIAN","1"
"CRNP","Certified Registered Nurse Practitioner","2086S0102X","SURGICAL CRITICAL CARE PHYSICIAN","1"
"CRNP","Certified Registered Nurse Practitioner","2086S0120X","PEDIATRIC SURGERY PHYSICIAN","1"
"CRNP","Certified Registered Nurse Practitioner","2086S0129X","VASCULAR SURGERY PHYSICIAN","1"
"CRNP","Certified Registered Nurse Practitioner","2086X0206X","SURGICAL ONCOLOGY PHYSICIAN","1"
"CRNP","Certified Registered Nurse Practitioner","2088P0231X","PEDIATRIC UROLOGY PHYSICIAN","1"
"CRNP","Certified Registered Nurse Practitioner","208G00000X","THORACIC SURGERY (CARDIOTHORACIC VASCULAR SURGERY) PHYSICIAN","1"
"CRRN","Certified Rehabilitation Registered Nurse","207Q00000X","FAMILY MEDICINE PHYSICIAN","1"
"CRT","Certified Respiratory Therapist","207RP1001X","PULMONARY DISEASE PHYSICIAN","1"
"CRT","Certified Respiratory Therapist","2081P0301X","BRAIN INJURY MEDICINE (PHYSICAL MEDICINE & REHABILITATION) PHYSICIAN","1"
"CRT","Certified Respiratory Therapist","2085B0100X","BODY IMAGING PHYSICIAN","1"
"CRT","Certified Respiratory Therapist","2085R0202X","DIAGNOSTIC RADIOLOGY PHYSICIAN","1"
"CRT","Certified Respiratory Therapist","2085U0001X","DIAGNOSTIC ULTRASOUND PHYSICIAN","1"
"CSFA","Certified School Food Administrator","207Q00000X","FAMILY MEDICINE PHYSICIAN","1"
"CSFA","Certified School Food Administrator","207VF0040X","UROGYNECOLOGY AND RECONSTRUCTIVE PELVIC SURGERY (OBSTETRICS & GYNECOLOGY) PHYSICIAN","1"
"CSFA","Certified School Food Administrator","207XX0801X","ORTHOPAEDIC TRAUMA PHYSICIAN","1"
"CSFA","Certified School Food Administrator","2086S0120X","PEDIATRIC SURGERY PHYSICIAN","1"
"CSFA","Certified School Food Administrator","2086S0122X","PLASTIC AND RECONSTRUCTIVE SURGERY PHYSICIAN","1"
"CSFA","Certified School Food Administrator","2086S0127X","TRAUMA SURGERY PHYSICIAN","1"
"CST","Certified Surgical Technologist","207Q00000X","FAMILY MEDICINE PHYSICIAN","1"
"CST","Certified Surgical Technologist","207T00000X","NEUROLOGICAL SURGERY PHYSICIAN","1"
"CST","Certified Surgical Technologist","208200000X","PLASTIC SURGERY PHYSICIAN","1"
"CST","Certified Surgical Technologist","2086S0120X","PEDIATRIC SURGERY PHYSICIAN","1"
"CST","Certified Surgical Technologist","2086S0127X","TRAUMA SURGERY PHYSICIAN","1"
"CST","Certified Surgical Technologist","2086S0129X","VASCULAR SURGERY PHYSICIAN","1"
"CSW","Clinical Social Worker","207R00000X","INTERNAL MEDICINE PHYSICIAN","1"
"CSW","Clinical Social Worker","207RA0401X","ADDICTION MEDICINE (INTERNAL MEDICINE) PHYSICIAN","1"
"CSW","Clinical Social Worker","207RH0003X","HEMATOLOGY & ONCOLOGY PHYSICIAN","1"
"CSW","Clinical Social Worker","207V00000X","OBSTETRICS & GYNECOLOGY PHYSICIAN","1"
"CSW","Clinical Social Worker","2080P0006X","DEVELOPMENTAL - BEHAVIORAL PEDIATRICS PHYSICIAN","1"
"CSW","Clinical Social Worker","2084N0400X","NEUROLOGY PHYSICIAN","1"
"CSW","Clinical Social Worker","2084N0600X","CLINICAL NEUROPHYSIOLOGY PHYSICIAN","1"
"CSW","Clinical Social Worker","2085R0202X","DIAGNOSTIC RADIOLOGY PHYSICIAN","1"
"CSW","Clinical Social Worker","208D00000X","GENERAL PRACTICE PHYSICIAN","1"
"CT","Computed Tomography Technologist","207U00000X","NUCLEAR MEDICINE PHYSICIAN","1"
"CT","Computed Tomography Technologist","2085B0100X","BODY IMAGING PHYSICIAN","1"
"CTRS","Certified Therapeutic Recreation Specialist","207ZP0102X","ANATOMIC PATHOLOGY & CLINICAL PATHOLOGY PHYSICIAN","1"
"CWCN","Certified Wound Care Nurse","208D00000X","GENERAL PRACTICE PHYSICIAN","1"
"CWON","Certified Wound Ostomy Nurse","2083P0901X","PUBLIC HEALTH & GENERAL PREVENTIVE MEDICINE PHYSICIAN","1"
"CWS","Certified Wound Specialist","207RA0401X","ADDICTION MEDICINE (INTERNAL MEDICINE) PHYSICIAN","1"
"CWS","Certified Wound Specialist","208100000X","PHYSICAL MEDICINE & REHABILITATION PHYSICIAN","1"
"CWS","Certified Wound Specialist","2083P0011X","UNDERSEA AND HYPERBARIC MEDICINE (PREVENTIVE MEDICINE) PHYSICIAN","1"
"DACBN","Diplomate of American Chiropractic Board of Nutrition","208D00000X","GENERAL PRACTICE PHYSICIAN","1"
"DACVD","Diplomate of the American College of Veterinary Dermatology","207N00000X","DERMATOLOGY PHYSICIAN","1"
"DBA","Doctor of Business Administration","207RI0001X","CLINICAL & LABORATORY IMMUNOLOGY (INTERNAL MEDICINE) PHYSICIAN","1"
"DC","Doctor of Chiropractic","202C00000X","INDEPENDENT MEDICAL EXAMINER PHYSICIAN","1"
"DC","Doctor of Chiropractic","207KI0005X","CLINICAL & LABORATORY IMMUNOLOGY (ALLERGY & IMMUNOLOGY) PHYSICIAN","1"
"DC","Doctor of Chiropractic","207P00000X","EMERGENCY MEDICINE PHYSICIAN","1"
"DC","Doctor of Chiropractic","207QS0010X","SPORTS MEDICINE (FAMILY MEDICINE) PHYSICIAN","1"
"DC","Doctor of Chiropractic","207RA0401X","ADDICTION MEDICINE (INTERNAL MEDICINE) PHYSICIAN","1"
"DC","Doctor of Chiropractic","207RC0000X","CARDIOVASCULAR DISEASE PHYSICIAN","1"
"DC","Doctor of Chiropractic","207T00000X","NEUROLOGICAL SURGERY PHYSICIAN","1"
"DC","Doctor of Chiropractic","208000000X","PEDIATRICS PHYSICIAN","1"
"DC","Doctor of Chiropractic","2081H0002X","HOSPICE AND PALLIATIVE MEDICINE (PHYSICAL MEDICINE & REHABILITATION) PHYSICIAN","1"
"DC","Doctor of Chiropractic","2083A0300X","ADDICTION MEDICINE (PREVENTIVE MEDICINE) PHYSICIAN","1"
"DC","Doctor of Chiropractic","2083P0011X","UNDERSEA AND HYPERBARIC MEDICINE (PREVENTIVE MEDICINE) PHYSICIAN","1"
"DC","Doctor of Chiropractic","2083P0901X","PUBLIC HEALTH & GENERAL PREVENTIVE MEDICINE PHYSICIAN","1"
"DC","Doctor of Chiropractic","2083S0010X","SPORTS MEDICINE (PREVENTIVE MEDICINE) PHYSICIAN","1"
"DC","Doctor of Chiropractic","2084N0400X","NEUROLOGY PHYSICIAN","1"
"DC","Doctor of Chiropractic","2084N0402X","NEUROLOGY WITH SPECIAL QUALIFICATIONS IN CHILD NEUROLOGY PHYSICIAN","1"
"DC","Doctor of Chiropractic","2084P0800X","PSYCHIATRY PHYSICIAN","1"
"DDS","Doctor of Dental Surgery","207LH0002X","HOSPICE AND PALLIATIVE MEDICINE (ANESTHESIOLOGY) PHYSICIAN","1"
"DDS","Doctor of Dental Surgery","207LP2900X","PAIN MEDICINE (ANESTHESIOLOGY) PHYSICIAN","1"
"DDS","Doctor of Dental Surgery","207ND0900X","DERMATOPATHOLOGY PHYSICIAN","1"
"DDS","Doctor of Dental Surgery","207PE0005X","UNDERSEA AND HYPERBARIC MEDICINE (EMERGENCY MEDICINE) PHYSICIAN","1"
"DDS","Doctor of Dental Surgery","207QG0300X","GERIATRIC MEDICINE (FAMILY MEDICINE) PHYSICIAN","1"
"DDS","Doctor of Dental Surgery","207RA0000X","ADOLESCENT MEDICINE (INTERNAL MEDICINE) PHYSICIAN","1"
"DDS","Doctor of Dental Surgery","207RC0200X","CRITICAL CARE MEDICINE (INTERNAL MEDICINE) PHYSICIAN","1"
"DDS","Doctor of Dental Surgery","207RS0012X","SLEEP MEDICINE (INTERNAL MEDICINE) PHYSICIAN","1"
"DDS","Doctor of Dental Surgery","207ZC0006X","CLINICAL PATHOLOGY PHYSICIAN","1"
"DDS","Doctor of Dental Surgery","2080P0203X","PEDIATRIC CRITICAL CARE MEDICINE PHYSICIAN","1"
"DDS","Doctor of Dental Surgery","2083P0011X","UNDERSEA AND HYPERBARIC MEDICINE (PREVENTIVE MEDICINE) PHYSICIAN","1"
"DDS","Doctor of Dental Surgery","2084N0400X","NEUROLOGY PHYSICIAN","1"
"DDS","Doctor of Dental Surgery","2084S0012X","SLEEP MEDICINE (PSYCHIATRY & NEUROLOGY) PHYSICIAN","1"
"DDS","Doctor of Dental Surgery","2085R0202X","DIAGNOSTIC RADIOLOGY PHYSICIAN","1"
"DDS","Doctor of Dental Surgery","2086S0129X","VASCULAR SURGERY PHYSICIAN","1"
"DDS","Doctor of Dental Surgery","208VP0014X","INTERVENTIONAL PAIN MEDICINE PHYSICIAN","1"
"DMD","Doctor of Medicine in Dentistry","202C00000X","INDEPENDENT MEDICAL EXAMINER PHYSICIAN","1"
"DMD","Doctor of Medicine in Dentistry","207KA0200X","ALLERGY PHYSICIAN","1"
"DMD","Doctor of Medicine in Dentistry","207LP2900X","PAIN MEDICINE (ANESTHESIOLOGY) PHYSICIAN","1"
"DMD","Doctor of Medicine in Dentistry","207QG0300X","GERIATRIC MEDICINE (FAMILY MEDICINE) PHYSICIAN","1"
"DMD","Doctor of Medicine in Dentistry","207R00000X","INTERNAL MEDICINE PHYSICIAN","1"
"DMD","Doctor of Medicine in Dentistry","207RC0200X","CRITICAL CARE MEDICINE (INTERNAL MEDICINE) PHYSICIAN","1"
"DMD","Doctor of Medicine in Dentistry","207RI0011X","INTERVENTIONAL CARDIOLOGY PHYSICIAN","1"
"DMD","Doctor of Medicine in Dentistry","207Y00000X","OTOLARYNGOLOGY PHYSICIAN","1"
"DMD","Doctor of Medicine in Dentistry","207ZC0006X","CLINICAL PATHOLOGY PHYSICIAN","1"
"DMD","Doctor of Medicine in Dentistry","207ZC0500X","CYTOPATHOLOGY PHYSICIAN","1"
"DMD","Doctor of Medicine in Dentistry","207ZI0100X","IMMUNOPATHOLOGY PHYSICIAN","1"
"DMD","Doctor of Medicine in Dentistry","207ZP0213X","PEDIATRIC PATHOLOGY PHYSICIAN","1"
"DMD","Doctor of Medicine in Dentistry","2084N0400X","NEUROLOGY PHYSICIAN","1"
"DMD","Doctor of Medicine in Dentistry","2084P0800X","PSYCHIATRY PHYSICIAN","1"
"DMD","Doctor of Medicine in Dentistry","2084P0804X","CHILD & ADOLESCENT PSYCHIATRY PHYSICIAN","1"
"DMD","Doctor of Medicine in Dentistry","2084S0012X","SLEEP MEDICINE (PSYCHIATRY & NEUROLOGY) PHYSICIAN","1"
"DMD","Doctor of Medicine in Dentistry","2085R0202X","DIAGNOSTIC RADIOLOGY PHYSICIAN","1"
"DMD","Doctor of Medicine in Dentistry","2086S0120X","PEDIATRIC SURGERY PHYSICIAN","1"
"DMD","Doctor of Medicine in Dentistry","2086S0122X","PLASTIC AND RECONSTRUCTIVE SURGERY PHYSICIAN","1"
"DMD","Doctor of Medicine in Dentistry","2086X0206X","SURGICAL ONCOLOGY PHYSICIAN","1"
"DMD","Doctor of Medicine in Dentistry","208M00000X","HOSPITALIST PHYSICIAN","1"
"DNP","Doctor of Nursing Practice","207LA0401X","ADDICTION MEDICINE (ANESTHESIOLOGY) PHYSICIAN","1"
"DNP","Doctor of Nursing Practice","207NS0135X","PROCEDURAL DERMATOLOGY PHYSICIAN","1"
"DNP","Doctor of Nursing Practice","207QS1201X","SLEEP MEDICINE (FAMILY MEDICINE) PHYSICIAN","1"
"DNP","Doctor of Nursing Practice","207RC0001X","CLINICAL CARDIAC ELECTROPHYSIOLOGY PHYSICIAN","1"
"DNP","Doctor of Nursing Practice","207VE0102X","REPRODUCTIVE ENDOCRINOLOGY PHYSICIAN","1"
"DNP","Doctor of Nursing Practice","207W00000X","OPHTHALMOLOGY PHYSICIAN","1"
"DNP","Doctor of Nursing Practice","207XS0117X","ORTHOPAEDIC SURGERY OF THE SPINE PHYSICIAN","1"
"DNP","Doctor of Nursing Practice","207Y00000X","OTOLARYNGOLOGY PHYSICIAN","1"
"DNP","Doctor of Nursing Practice","207ZC0008X","CLINICAL INFORMATICS (PATHOLOGY) PHYSICIAN","1"
"DNP","Doctor of Nursing Practice","207ZP0101X","ANATOMIC PATHOLOGY PHYSICIAN","1"
"DNP","Doctor of Nursing Practice","2080P0008X","PEDIATRIC NEURODEVELOPMENTAL DISABILITIES PHYSICIAN","1"
"DNP","Doctor of Nursing Practice","2080P0205X","PEDIATRIC ENDOCRINOLOGY PHYSICIAN","1"
"DNP","Doctor of Nursing Practice","2080P0210X","PEDIATRIC NEPHROLOGY PHYSICIAN","1"
"DNP","Doctor of Nursing Practice","2080P0214X","PEDIATRIC PULMONOLOGY PHYSICIAN","1"
"DNP","Doctor of Nursing Practice","2080T0002X","PEDIATRIC MEDICAL TOXICOLOGY PHYSICIAN","1"
"DNP","Doctor of Nursing Practice","2083A0300X","ADDICTION MEDICINE (PREVENTIVE MEDICINE) PHYSICIAN","1"
"DNP","Doctor of Nursing Practice","2083B0002X","OBESITY MEDICINE (PREVENTIVE MEDICINE) PHYSICIAN","1"
"DNP","Doctor of Nursing Practice","2083C0008X","CLINICAL INFORMATICS PHYSICIAN","1"
"DNP","Doctor of Nursing Practice","2084E0001X","EPILEPSY PHYSICIAN","1"
"DNP","Doctor of Nursing Practice","2084N0402X","NEUROLOGY WITH SPECIAL QUALIFICATIONS IN CHILD NEUROLOGY PHYSICIAN","1"
"DNP","Doctor of Nursing Practice","2084P0015X","PSYCHOSOMATIC MEDICINE PHYSICIAN","1"
"DNP","Doctor of Nursing Practice","2084P0301X","BRAIN INJURY MEDICINE (PSYCHIATRY & NEUROLOGY) PHYSICIAN","1"
"DNP","Doctor of Nursing Practice","2085N0700X","NEURORADIOLOGY PHYSICIAN","1"
"DNP","Doctor of Nursing Practice","2085P0229X","PEDIATRIC RADIOLOGY PHYSICIAN","1"
"DNP","Doctor of Nursing Practice","2085R0202X","DIAGNOSTIC RADIOLOGY PHYSICIAN","1"
"DNP","Doctor of Nursing Practice","2086S0102X","SURGICAL CRITICAL CARE PHYSICIAN","1"
"DNP","Doctor of Nursing Practice","2086S0120X","PEDIATRIC SURGERY PHYSICIAN","1"
"DNP","Doctor of Nursing Practice","2086S0122X","PLASTIC AND RECONSTRUCTIVE SURGERY PHYSICIAN","1"
"DPH","Doctor of Public Health","207Q00000X","FAMILY MEDICINE PHYSICIAN","1"
"DPH","Doctor of Public Health","2083P0901X","PUBLIC HEALTH & GENERAL PREVENTIVE MEDICINE PHYSICIAN","1"
"DPM","Doctor of Podiatric Medicine","204C00000X","SPORTS MEDICINE (NEUROMUSCULOSKELETAL MEDICINE) PHYSICIAN","1"
"DPM","Doctor of Podiatric Medicine","207P00000X","EMERGENCY MEDICINE PHYSICIAN","1"
"DPM","Doctor of Podiatric Medicine","207QG0300X","GERIATRIC MEDICINE (FAMILY MEDICINE) PHYSICIAN","1"
"DPM","Doctor of Podiatric Medicine","207T00000X","NEUROLOGICAL SURGERY PHYSICIAN","1"
"DPM","Doctor of Podiatric Medicine","208000000X","PEDIATRICS PHYSICIAN","1"
"DPM","Doctor of Podiatric Medicine","2081S0010X","SPORTS MEDICINE (PHYSICAL MEDICINE & REHABILITATION) PHYSICIAN","1"
"DPM","Doctor of Podiatric Medicine","208200000X","PLASTIC SURGERY PHYSICIAN","1"
"DPM","Doctor of Podiatric Medicine","2084P0800X","PSYCHIATRY PHYSICIAN","1"
"DPM","Doctor of Podiatric Medicine","2085R0202X","DIAGNOSTIC RADIOLOGY PHYSICIAN","1"
"DPM","Doctor of Podiatric Medicine","2085R0204X","VASCULAR & INTERVENTIONAL RADIOLOGY PHYSICIAN","1"
"DPM","Doctor of Podiatric Medicine","2086S0129X","VASCULAR SURGERY PHYSICIAN","1"
"DPM","Doctor of Podiatric Medicine","208M00000X","HOSPITALIST PHYSICIAN","1"
"DPT","Doctor of Physical Therapy","202D00000X","INTEGRATIVE MEDICINE PHYSICIAN","1"
"DPT","Doctor of Physical Therapy","207ND0900X","DERMATOPATHOLOGY PHYSICIAN","1"
"DPT","Doctor of Physical Therapy","207RG0100X","GASTROENTEROLOGY PHYSICIAN","1"
"DPT","Doctor of Physical Therapy","207RH0000X","HEMATOLOGY (INTERNAL MEDICINE) PHYSICIAN","1"
"DPT","Doctor of Physical Therapy","207RX0202X","MEDICAL ONCOLOGY PHYSICIAN","1"
"DPT","Doctor of Physical Therapy","207V00000X","OBSTETRICS & GYNECOLOGY PHYSICIAN","1"
"DPT","Doctor of Physical Therapy","207XS0106X","ORTHOPAEDIC HAND SURGERY PHYSICIAN","1"
"DPT","Doctor of Physical Therapy","207ZP0102X","ANATOMIC PATHOLOGY & CLINICAL PATHOLOGY PHYSICIAN","1"
"DPT","Doctor of Physical Therapy","2081P0004X","SPINAL CORD INJURY MEDICINE PHYSICIAN","1"
"DPT","Doctor of Physical Therapy","2083P0500X","PREVENTIVE MEDICINE/OCCUPATIONAL ENVIRONMENTAL MEDICINE PHYSICIAN","1"
"DPT","Doctor of Physical Therapy","2084P0804X","CHILD & ADOLESCENT PSYCHIATRY PHYSICIAN","1"
"DT","Dance Therapist","208100000X","PHYSICAL MEDICINE & REHABILITATION PHYSICIAN","1"
"DT","Dance Therapist","2081P2900X","PAIN MEDICINE (PHYSICAL MEDICINE & REHABILITATION) PHYSICIAN","1"
"DVM","Doctor of Veterinary Medicine","207PE0004X","EMERGENCY MEDICAL SERVICES (EMERGENCY MEDICINE) PHYSICIAN","1"
"DVM","Doctor of Veterinary Medicine","207PH0002X","HOSPICE AND PALLIATIVE MEDICINE (EMERGENCY MEDICINE) PHYSICIAN","1"
"DVM","Doctor of Veterinary Medicine","207PS0010X","SPORTS MEDICINE (EMERGENCY MEDICINE) PHYSICIAN","1"
"DVM","Doctor of Veterinary Medicine","207RC0000X","CARDIOVASCULAR DISEASE PHYSICIAN","1"
"DVM","Doctor of Veterinary Medicine","207RI0200X","INFECTIOUS DISEASE PHYSICIAN","1"
"DVM","Doctor of Veterinary Medicine","207XX0005X","SPORTS MEDICINE (ORTHOPAEDIC SURGERY) PHYSICIAN","1"
"DVM","Doctor of Veterinary Medicine","207ZM0300X","MEDICAL MICROBIOLOGY PHYSICIAN","1"
"DVM","Doctor of Veterinary Medicine","207ZP0105X","CLINICAL PATHOLOGY/LABORATORY MEDICINE PHYSICIAN","1"
"DVM","Doctor of Veterinary Medicine","2081S0010X","SPORTS MEDICINE (PHYSICAL MEDICINE & REHABILITATION) PHYSICIAN","1"
"DVM","Doctor of Veterinary Medicine","2083S0010X","SPORTS MEDICINE (PREVENTIVE MEDICINE) PHYSICIAN","1"
"DVM","Doctor of Veterinary Medicine","2084N0400X","NEUROLOGY PHYSICIAN","1"
"EMT","Emergency Medical Technician","2081S0010X","SPORTS MEDICINE (PHYSICAL MEDICINE & REHABILITATION) PHYSICIAN","1"
"EMTP","Emergency Medical Technician - Paramedic","207PE0004X","EMERGENCY MEDICAL SERVICES (EMERGENCY MEDICINE) PHYSICIAN","1"
"ENP-C","Emergency Nurse Practitioner","207Q00000X","FAMILY MEDICINE PHYSICIAN","1"
"ENP-C","Emergency Nurse Practitioner","207R00000X","INTERNAL MEDICINE PHYSICIAN","1"
"EdD","Doctor of Education","204C00000X","SPORTS MEDICINE (NEUROMUSCULOSKELETAL MEDICINE) PHYSICIAN","1"
"EdD","Doctor of Education","207Q00000X","FAMILY MEDICINE PHYSICIAN","1"
"EdD","Doctor of Education","2083S0010X","SPORTS MEDICINE (PREVENTIVE MEDICINE) PHYSICIAN","1"
"FAAP","Fellow of the American Academy of Pediatrics","208000000X","PEDIATRICS PHYSICIAN","1"
"FAAP","Fellow of the American Academy of Pediatrics","208D00000X","GENERAL PRACTICE PHYSICIAN","1"
"FACOG","Fellow of the American College of Obstetrics and Gynecology","207V00000X","OBSTETRICS & GYNECOLOGY PHYSICIAN","1"
"FNP","Family Nurse Practitioner","202K00000X","PHLEBOLOGY PHYSICIAN","1"
"FNP","Family Nurse Practitioner","204F00000X","TRANSPLANT SURGERY PHYSICIAN","1"
"FNP","Family Nurse Practitioner","207LA0401X","ADDICTION MEDICINE (ANESTHESIOLOGY) PHYSICIAN","1"
"FNP","Family Nurse Practitioner","207LH0002X","HOSPICE AND PALLIATIVE MEDICINE (ANESTHESIOLOGY) PHYSICIAN","1"
"FNP","Family Nurse Practitioner","207ND0101X","MOHS-MICROGRAPHIC SURGERY PHYSICIAN","1"
"FNP","Family Nurse Practitioner","207ND0900X","DERMATOPATHOLOGY PHYSICIAN","1"
"FNP","Family Nurse Practitioner","207NP0225X","PEDIATRIC DERMATOLOGY PHYSICIAN","1"
"FNP","Family Nurse Practitioner","207NS0135X","PROCEDURAL DERMATOLOGY PHYSICIAN","1"
"FNP","Family Nurse Practitioner","207PH0002X","HOSPICE AND PALLIATIVE MEDICINE (EMERGENCY MEDICINE) PHYSICIAN","1"
"FNP","Family Nurse Practitioner","207PP0204X","PEDIATRIC EMERGENCY MEDICINE (EMERGENCY MEDICINE) PHYSICIAN","1"
"FNP","Family Nurse Practitioner","207QD0401X","DIABETOLOGY (FAMILY MEDICINE) PHYSICIAN","1"
"FNP","Family Nurse Practitioner","207RA0002X","ADULT CONGENITAL HEART DISEASE PHYSICIAN","1"
"FNP","Family Nurse Practitioner","207RA0401X","ADDICTION MEDICINE (INTERNAL MEDICINE) PHYSICIAN","1"
"FNP","Family Nurse Practitioner","207RT0003X","TRANSPLANT HEPATOLOGY PHYSICIAN","1"
"FNP","Family Nurse Practitioner","207SG0201X","CLINICAL GENETICS (M.D.) PHYSICIAN","1"
"FNP","Family Nurse Practitioner","207VC0300X","COMPLEX FAMILY PLANNING PHYSICIAN","1"
"FNP","Family Nurse Practitioner","207VE0102X","REPRODUCTIVE ENDOCRINOLOGY PHYSICIAN","1"
"FNP","Family Nurse Practitioner","207VH0002X","HOSPICE AND PALLIATIVE MEDICINE (OBSTETRICS & GYNECOLOGY) PHYSICIAN","1"
"FNP","Family Nurse Practitioner","207W00000X","OPHTHALMOLOGY PHYSICIAN","1"
"FNP","Family Nurse Practitioner","207XS0106X","ORTHOPAEDIC HAND SURGERY PHYSICIAN","1"
"FNP","Family Nurse Practitioner","207XX0801X","ORTHOPAEDIC TRAUMA PHYSICIAN","1"
"FNP","Family Nurse Practitioner","207YX0007X","PLASTIC SURGERY WITHIN THE HEAD & NECK (OTOLARYNGOLOGY) PHYSICIAN","1"
"FNP","Family Nurse Practitioner","207YX0905X","OTOLARYNGOLOGY/FACIAL PLASTIC SURGERY PHYSICIAN","1"
"FNP","Family Nurse Practitioner","2080N0001X","NEONATAL-PERINATAL MEDICINE PHYSICIAN","1"
"FNP","Family Nurse Practitioner","2080P0006X","DEVELOPMENTAL - BEHAVIORAL PEDIATRICS PHYSICIAN","1"
"FNP","Family Nurse Practitioner","2080P0203X","PEDIATRIC CRITICAL CARE MEDICINE PHYSICIAN","1"
"FNP","Family Nurse Practitioner","2080P0210X","PEDIATRIC NEPHROLOGY PHYSICIAN","1"
"FNP","Family Nurse Practitioner","2081H0002X","HOSPICE AND PALLIATIVE MEDICINE (PHYSICAL MEDICINE & REHABILITATION) PHYSICIAN","1"
"FNP","Family Nurse Practitioner","2081S0010X","SPORTS MEDICINE (PHYSICAL MEDICINE & REHABILITATION) PHYSICIAN","1"
"FNP","Family Nurse Practitioner","2082S0105X","SURGERY OF THE HAND (PLASTIC SURGERY) PHYSICIAN","1"
"FNP","Family Nurse Practitioner","2083C0008X","CLINICAL INFORMATICS PHYSICIAN","1"
"FNP","Family Nurse Practitioner","2084E0001X","EPILEPSY PHYSICIAN","1"
"FNP","Family Nurse Practitioner","2084N0402X","NEUROLOGY WITH SPECIAL QUALIFICATIONS IN CHILD NEUROLOGY PHYSICIAN","1"
"FNP","Family Nurse Practitioner","2084P0805X","GERIATRIC PSYCHIATRY PHYSICIAN","1"
"FNP","Family Nurse Practitioner","2084S0012X","SLEEP MEDICINE (PSYCHIATRY & NEUROLOGY) PHYSICIAN","1"
"FNP-BC","Family Nurse Practitioner Board Certified","204F00000X","TRANSPLANT SURGERY PHYSICIAN","1"
"FNP-BC","Family Nurse Practitioner Board Certified","207K00000X","ALLERGY & IMMUNOLOGY PHYSICIAN","1"
"FNP-BC","Family Nurse Practitioner Board Certified","207KA0200X","ALLERGY PHYSICIAN","1"
"FNP-BC","Family Nurse Practitioner Board Certified","207KI0005X","CLINICAL & LABORATORY IMMUNOLOGY (ALLERGY & IMMUNOLOGY) PHYSICIAN","1"
"FNP-BC","Family Nurse Practitioner Board Certified","207L00000X","ANESTHESIOLOGY PHYSICIAN","1"
"FNP-BC","Family Nurse Practitioner Board Certified","207LC0200X","CRITICAL CARE MEDICINE (ANESTHESIOLOGY) PHYSICIAN","1"
"FNP-BC","Family Nurse Practitioner Board Certified","207LP2900X","PAIN MEDICINE (ANESTHESIOLOGY) PHYSICIAN","1"
"FNP-BC","Family Nurse Practitioner Board Certified","207NP0225X","PEDIATRIC DERMATOLOGY PHYSICIAN","1"
"FNP-BC","Family Nurse Practitioner Board Certified","207PP0204X","PEDIATRIC EMERGENCY MEDICINE (EMERGENCY MEDICINE) PHYSICIAN","1"
"FNP-BC","Family Nurse Practitioner Board Certified","207QB0505X","DIABETOLOGY (INTERNAL MEDICINE) PHYSICIAN","1"
"FNP-BC","Family Nurse Practitioner Board Certified","207QD0401X","DIABETOLOGY (FAMILY MEDICINE) PHYSICIAN","1"
"FNP-BC","Family Nurse Practitioner Board Certified","207QS1201X","SLEEP MEDICINE (FAMILY MEDICINE) PHYSICIAN","1"
"FNP-BC","Family Nurse Practitioner Board Certified","207RA0001X","ADVANCED HEART FAILURE AND TRANSPLANT CARDIOLOGY PHYSICIAN","1"
"FNP-BC","Family Nurse Practitioner Board Certified","207RC0001X","CLINICAL CARDIAC ELECTROPHYSIOLOGY PHYSICIAN","1"
"FNP-BC","Family Nurse Practitioner Board Certified","207VE0102X","REPRODUCTIVE ENDOCRINOLOGY PHYSICIAN","1"
"FNP-BC","Family Nurse Practitioner Board Certified","207VG0400X","GYNECOLOGY PHYSICIAN","1"
"FNP-BC","Family Nurse Practitioner Board Certified","207W00000X","OPHTHALMOLOGY PHYSICIAN","1"
"FNP-BC","Family Nurse Practitioner Board Certified","207XX0004X","ORTHOPAEDIC FOOT AND ANKLE SURGERY PHYSICIAN","1"
"FNP-BC","Family Nurse Practitioner Board Certified","207YS0123X","FACIAL PLASTIC SURGERY PHYSICIAN","1"
"FNP-BC","Family Nurse Practitioner Board Certified","2080C0008X","CHILD ABUSE PEDIATRICS PHYSICIAN","1"
"FNP-BC","Family Nurse Practitioner Board Certified","2080P0210X","PEDIATRIC NEPHROLOGY PHYSICIAN","1"
"FNP-BC","Family Nurse Practitioner Board Certified","2080P0214X","PEDIATRIC PULMONOLOGY PHYSICIAN","1"
"FNP-BC","Family Nurse Practitioner Board Certified","2081H0002X","HOSPICE AND PALLIATIVE MEDICINE (PHYSICAL MEDICINE & REHABILITATION) PHYSICIAN","1"
"FNP-BC","Family Nurse Practitioner Board Certified","208200000X","PLASTIC SURGERY PHYSICIAN","1"
"FNP-BC","Family Nurse Practitioner Board Certified","2084P0804X","CHILD & ADOLESCENT PSYCHIATRY PHYSICIAN","1"
"FNP-BC","Family Nurse Practitioner Board Certified","2085R0202X","DIAGNOSTIC RADIOLOGY PHYSICIAN","1"
"FNP-BC","Family Nurse Practitioner Board Certified","2086S0122X","PLASTIC AND RECONSTRUCTIVE SURGERY PHYSICIAN","1"
"FNP-BC","Family Nurse Practitioner Board Certified","2086S0127X","TRAUMA SURGERY PHYSICIAN","1"
"FNP-BC","Family Nurse Practitioner Board Certified","2086S0129X","VASCULAR SURGERY PHYSICIAN","1"
"FNP-BC","Family Nurse Practitioner Board Certified","2086X0206X","SURGICAL ONCOLOGY PHYSICIAN","1"
"FNP-C","Family Nurse Practitioner","207NS0135X","PROCEDURAL DERMATOLOGY PHYSICIAN","1"
"FNP-C","Family Nurse Practitioner","207QS0010X","SPORTS MEDICINE (FAMILY MEDICINE) PHYSICIAN","1"
"FNP-C","Family Nurse Practitioner","207QS1201X","SLEEP MEDICINE (FAMILY MEDICINE) PHYSICIAN","1"
"FNP-C","Family Nurse Practitioner","207RA0001X","ADVANCED HEART FAILURE AND TRANSPLANT CARDIOLOGY PHYSICIAN","1"
"FNP-C","Family Nurse Practitioner","207RB0002X","OBESITY MEDICINE (INTERNAL MEDICINE) PHYSICIAN","1"
"FNP-C","Family Nurse Practitioner","207RS0010X","SPORTS MEDICINE (INTERNAL MEDICINE) PHYSICIAN","1"
"FNP-C","Family Nurse Practitioner","207VF0040X","UROGYNECOLOGY AND RECONSTRUCTIVE PELVIC SURGERY (OBSTETRICS & GYNECOLOGY) PHYSICIAN","1"
"FNP-C","Family Nurse Practitioner","207VM0101X","MATERNAL & FETAL MEDICINE PHYSICIAN","1"
"FNP-C","Family Nurse Practitioner","207XS0106X","ORTHOPAEDIC HAND SURGERY PHYSICIAN","1"
"FNP-C","Family Nurse Practitioner","207XX0005X","SPORTS MEDICINE (ORTHOPAEDIC SURGERY) PHYSICIAN","1"
"FNP-C","Family Nurse Practitioner","207ZN0500X","NEUROPATHOLOGY PHYSICIAN","1"
"FNP-C","Family Nurse Practitioner","2080P0204X","PEDIATRIC EMERGENCY MEDICINE (PEDIATRICS) PHYSICIAN","1"
"FNP-C","Family Nurse Practitioner","2080P0210X","PEDIATRIC NEPHROLOGY PHYSICIAN","1"
"FNP-C","Family Nurse Practitioner","2083A0300X","ADDICTION MEDICINE (PREVENTIVE MEDICINE) PHYSICIAN","1"
"FNP-C","Family Nurse Practitioner","2083P0500X","PREVENTIVE MEDICINE/OCCUPATIONAL ENVIRONMENTAL MEDICINE PHYSICIAN","1"
"FNP-C","Family Nurse Practitioner","2084A0401X","ADDICTION MEDICINE (PSYCHIATRY & NEUROLOGY) PHYSICIAN","1"
"FNP-C","Family Nurse Practitioner","2084E0001X","EPILEPSY PHYSICIAN","1"
"FNP-C","Family Nurse Practitioner","2084F0202X","FORENSIC PSYCHIATRY PHYSICIAN","1"
"FNP-C","Family Nurse Practitioner","2084H0002X","HOSPICE AND PALLIATIVE MEDICINE (PSYCHIATRY & NEUROLOGY) PHYSICIAN","1"
"FNP-C","Family Nurse Practitioner","2084N0008X","NEUROMUSCULAR MEDICINE (PSYCHIATRY & NEUROLOGY) PHYSICIAN","1"
"FNP-C","Family Nurse Practitioner","2084N0402X","NEUROLOGY WITH SPECIAL QUALIFICATIONS IN CHILD NEUROLOGY PHYSICIAN","1"
"FNP-C","Family Nurse Practitioner","2084P0301X","BRAIN INJURY MEDICINE (PSYCHIATRY & NEUROLOGY) PHYSICIAN","1"
"FNP-C","Family Nurse Practitioner","2084V0102X","VASCULAR NEUROLOGY PHYSICIAN","1"
"FNP-C","Family Nurse Practitioner","2085N0700X","NEURORADIOLOGY PHYSICIAN","1"
"FNP-C","Family Nurse Practitioner","2086S0105X","SURGERY OF THE HAND (SURGERY) PHYSICIAN","1"
"FNP-C","Family Nurse Practitioner","2086S0122X","PLASTIC AND RECONSTRUCTIVE SURGERY PHYSICIAN","1"
"FNP-C","Family Nurse Practitioner","209800000X","LEGAL MEDICINE (M.D./D.O.) PHYSICIAN","1"
"FPNP","Family Practice Nurse Practitioner","207VG0400X","GYNECOLOGY PHYSICIAN","1"
"GNP","Gerontological Nurse Practitioner","207Q00000X","FAMILY MEDICINE PHYSICIAN","1"
"GNP","Gerontological Nurse Practitioner","207QG0300X","GERIATRIC MEDICINE (FAMILY MEDICINE) PHYSICIAN","1"
"GNP","Gerontological Nurse Practitioner","207RH0002X","HOSPICE AND PALLIATIVE MEDICINE (INTERNAL MEDICINE) PHYSICIAN","1"
"GNP","Gerontological Nurse Practitioner","208G00000X","THORACIC SURGERY (CARDIOTHORACIC VASCULAR SURGERY) PHYSICIAN","1"
"GNP-BC","Gerontological Nurse Practitioner","207QA0505X","ADULT MEDICINE PHYSICIAN","1"
"GNP-BC","Gerontological Nurse Practitioner","207QG0300X","GERIATRIC MEDICINE (FAMILY MEDICINE) PHYSICIAN","1"
"GNP-BC","Gerontological Nurse Practitioner","207RG0300X","GERIATRIC MEDICINE (INTERNAL MEDICINE) PHYSICIAN","1"
"HHA","Home Health Aide","202K00000X","PHLEBOLOGY PHYSICIAN","1"
"HHA","Home Health Aide","207K00000X","ALLERGY & IMMUNOLOGY PHYSICIAN","1"
"HNB-BC","Holistic Baccalaureate Nurse Board Certified","208VP0000X","PAIN MEDICINE PHYSICIAN","1"
"HS","High School Graduate","208VP0014X","INTERVENTIONAL PAIN MEDICINE PHYSICIAN","1"
"IBCLC","International Board Certified Lactation Consultant","207Q00000X","FAMILY MEDICINE PHYSICIAN","1"
"IBCLC","International Board Certified Lactation Consultant","207V00000X","OBSTETRICS & GYNECOLOGY PHYSICIAN","1"
"IBCLC","International Board Certified Lactation Consultant","207VX0000X","OBSTETRICS PHYSICIAN","1"
"IBCLC","International Board Certified Lactation Consultant","2080A0000X","PEDIATRIC ADOLESCENT MEDICINE PHYSICIAN","1"
"IBCLC","International Board Certified Lactation Consultant","2080N0001X","NEONATAL-PERINATAL MEDICINE PHYSICIAN","1"
"IBCLC","International Board Certified Lactation Consultant","2081P0010X","PEDIATRIC REHABILITATION MEDICINE PHYSICIAN","1"
"IBCLC","International Board Certified Lactation Consultant","2083P0901X","PUBLIC HEALTH & GENERAL PREVENTIVE MEDICINE PHYSICIAN","1"
"IDC","Infection Disease Control Specialist","202C00000X","INDEPENDENT MEDICAL EXAMINER PHYSICIAN","1"
"JD","Juris Doctor","2084B0040X","BEHAVIORAL NEUROLOGY & NEUROPSYCHIATRY PHYSICIAN","1"
"JD","Juris Doctor","2084P0802X","ADDICTION PSYCHIATRY PHYSICIAN","1"
"JD","Juris Doctor","208D00000X","GENERAL PRACTICE PHYSICIAN","1"
"LAC","Licensed Acupuncturist","204C00000X","SPORTS MEDICINE (NEUROMUSCULOSKELETAL MEDICINE) PHYSICIAN","1"
"LAC","Licensed Acupuncturist","207KA0200X","ALLERGY PHYSICIAN","1"
"LAC","Licensed Acupuncturist","207N00000X","DERMATOLOGY PHYSICIAN","1"
"LAC","Licensed Acupuncturist","207QG0300X","GERIATRIC MEDICINE (FAMILY MEDICINE) PHYSICIAN","1"
"LAC","Licensed Acupuncturist","207RA0401X","ADDICTION MEDICINE (INTERNAL MEDICINE) PHYSICIAN","1"
"LAC","Licensed Acupuncturist","207VC0200X","CRITICAL CARE MEDICINE (OBSTETRICS & GYNECOLOGY) PHYSICIAN","1"
"LAC","Licensed Acupuncturist","208100000X","PHYSICAL MEDICINE & REHABILITATION PHYSICIAN","1"
"LAC","Licensed Acupuncturist","2081P0004X","SPINAL CORD INJURY MEDICINE PHYSICIAN","1"
"LAC","Licensed Acupuncturist","2083P0500X","PREVENTIVE MEDICINE/OCCUPATIONAL ENVIRONMENTAL MEDICINE PHYSICIAN","1"
"LAC","Licensed Acupuncturist","2083P0901X","PUBLIC HEALTH & GENERAL PREVENTIVE MEDICINE PHYSICIAN","1"
"LAC","Licensed Acupuncturist","2083S0010X","SPORTS MEDICINE (PREVENTIVE MEDICINE) PHYSICIAN","1"
"LAC","Licensed Acupuncturist","2084N0008X","NEUROMUSCULAR MEDICINE (PSYCHIATRY & NEUROLOGY) PHYSICIAN","1"
"LAC","Licensed Acupuncturist","2084P0804X","CHILD & ADOLESCENT PSYCHIATRY PHYSICIAN","1"
"LADC","Licensed Alcohol and Drug Counselor","2084A0401X","ADDICTION MEDICINE (PSYCHIATRY & NEUROLOGY) PHYSICIAN","1"
"LAMFT","Licensed Associate Marriage and Family Therapist","2084P0800X","PSYCHIATRY PHYSICIAN","1"
"LAT","Licensed Athletic Trainer","207PE0004X","EMERGENCY MEDICAL SERVICES (EMERGENCY MEDICINE) PHYSICIAN","1"
"LAT","Licensed Athletic Trainer","207XX0004X","ORTHOPAEDIC FOOT AND ANKLE SURGERY PHYSICIAN","1"
"LAT","Licensed Athletic Trainer","2081P0010X","PEDIATRIC REHABILITATION MEDICINE PHYSICIAN","1"
"LAT","Licensed Athletic Trainer","2084S0010X","SPORTS MEDICINE (PSYCHIATRY & NEUROLOGY) PHYSICIAN","1"
"LCADC","Licensed Clinical Alcohol and Drug Counselor","207RA0401X","ADDICTION MEDICINE (INTERNAL MEDICINE) PHYSICIAN","1"
"LCAS","Licensed Clinical Addiction Specialist","207Q00000X","FAMILY MEDICINE PHYSICIAN","1"
"LCAS","Licensed Clinical Addiction Specialist","207RN0300X","NEPHROLOGY PHYSICIAN","1"
"LCMHC","Licensed Clinical Mental Health Counselor","2084P0802X","ADDICTION PSYCHIATRY PHYSICIAN","1"
"LCMHCA","Licensed Clinical Mental Health Counselor Associate","2080P0006X","DEVELOPMENTAL - BEHAVIORAL PEDIATRICS PHYSICIAN","1"
"LCPC","Licensed Clinical Professional Counselor","207R00000X","INTERNAL MEDICINE PHYSICIAN","1"
"LCPC","Licensed Clinical Professional Counselor","208100000X","PHYSICAL MEDICINE & REHABILITATION PHYSICIAN","1"
"LCSW","Licensed Clinical Social Worker","202D00000X","INTEGRATIVE MEDICINE PHYSICIAN","1"
"LCSW","Licensed Clinical Social Worker","207L00000X","ANESTHESIOLOGY PHYSICIAN","1"
"LCSW","Licensed Clinical Social Worker","207P00000X","EMERGENCY MEDICINE PHYSICIAN","1"
"LCSW","Licensed Clinical Social Worker","207RC0000X","CARDIOVASCULAR DISEASE PHYSICIAN","1"
"LCSW","Licensed Clinical Social Worker","207RG0100X","GASTROENTEROLOGY PHYSICIAN","1"
"LCSW","Licensed Clinical Social Worker","207RH0003X","HEMATOLOGY & ONCOLOGY PHYSICIAN","1"
"LCSW","Licensed Clinical Social Worker","207RN0300X","NEPHROLOGY PHYSICIAN","1"
"LCSW","Licensed Clinical Social Worker","207V00000X","OBSTETRICS & GYNECOLOGY PHYSICIAN","1"
"LCSW","Licensed Clinical Social Worker","2080A0000X","PEDIATRIC ADOLESCENT MEDICINE PHYSICIAN","1"
"LCSW","Licensed Clinical Social Worker","2080C0008X","CHILD ABUSE PEDIATRICS PHYSICIAN","1"
"LCSW","Licensed Clinical Social Worker","2080P0207X","PEDIATRIC HEMATOLOGY & ONCOLOGY PHYSICIAN","1"
"LCSW","Licensed Clinical Social Worker","208200000X","PLASTIC SURGERY PHYSICIAN","1"
"LCSW","Licensed Clinical Social Worker","2083A0300X","ADDICTION MEDICINE (PREVENTIVE MEDICINE) PHYSICIAN","1"
"LCSW","Licensed Clinical Social Worker","2083P0901X","PUBLIC HEALTH & GENERAL PREVENTIVE MEDICINE PHYSICIAN","1"
"LCSW","Licensed Clinical Social Worker","2083X0100X","OCCUPATIONAL MEDICINE PHYSICIAN","1"
"LCSW","Licensed Clinical Social Worker","2084A0401X","ADDICTION MEDICINE (PSYCHIATRY & NEUROLOGY) PHYSICIAN","1"
"LCSW","Licensed Clinical Social Worker","2084H0002X","HOSPICE AND PALLIATIVE MEDICINE (PSYCHIATRY & NEUROLOGY) PHYSICIAN","1"
"LCSW","Licensed Clinical Social Worker","2084N0400X","NEUROLOGY PHYSICIAN","1"
"LCSW","Licensed Clinical Social Worker","2084P0802X","ADDICTION PSYCHIATRY PHYSICIAN","1"
"LCSW","Licensed Clinical Social Worker","2085R0202X","DIAGNOSTIC RADIOLOGY PHYSICIAN","1"
"LCSW","Licensed Clinical Social Worker","208600000X","SURGERY PHYSICIAN","1"
"LCSW-A","Licensed Clinical Social Worker Associate","207Q00000X","FAMILY MEDICINE PHYSICIAN","1"
"LCSW-C","Licensed Clinical Social Worker - Clinical","208D00000X","GENERAL PRACTICE PHYSICIAN","1"
"LCSWA","Licensed Clinical Social Worker Associate","2084P0800X","PSYCHIATRY PHYSICIAN","1"
"LCSWA","Licensed Clinical Social Worker Associate","2084P0802X","ADDICTION PSYCHIATRY PHYSICIAN","1"
"LDO","Licensed Dispensing Optician","207W00000X","OPHTHALMOLOGY PHYSICIAN","1"
"LGSW","Licensed Graduate Social Worker","2084P0804X","CHILD & ADOLESCENT PSYCHIATRY PHYSICIAN","1"
"LGSW","Licensed Graduate Social Worker","208M00000X","HOSPITALIST PHYSICIAN","1"
"LICSW","Licensed Independent Clinical Social Worker","207RG0300X","GERIATRIC MEDICINE (INTERNAL MEDICINE) PHYSICIAN","1"
"LICSW","Licensed Independent Clinical Social Worker","208000000X","PEDIATRICS PHYSICIAN","1"
"LICSW","Licensed Independent Clinical Social Worker","2083P0901X","PUBLIC HEALTH & GENERAL PREVENTIVE MEDICINE PHYSICIAN","1"
"LICSW","Licensed Independent Clinical Social Worker","2084P0804X","CHILD & ADOLESCENT PSYCHIATRY PHYSICIAN","1"
"LICSW","Licensed Independent Clinical Social Worker","208D00000X","GENERAL PRACTICE PHYSICIAN","1"
"LISW","Licensed Independent Social Worker","207P00000X","EMERGENCY MEDICINE PHYSICIAN","1"
"LISW","Licensed Independent Social Worker","207Q00000X","FAMILY MEDICINE PHYSICIAN","1"
"LISW","Licensed Independent Social Worker","2080A0000X","PEDIATRIC ADOLESCENT MEDICINE PHYSICIAN","1"
"LISW-CP","Licensed Independent Social Worker - Clinical Practice","2084P0800X","PSYCHIATRY PHYSICIAN","1"
"LL","Laymens League","202K00000X","PHLEBOLOGY PHYSICIAN","1"
"LMBT","Licensed Massage and Bodywork Therapist","204C00000X","SPORTS MEDICINE (NEUROMUSCULOSKELETAL MEDICINE) PHYSICIAN","1"
"LMBT","Licensed Massage and Bodywork Therapist","208100000X","PHYSICAL MEDICINE & REHABILITATION PHYSICIAN","1"
"LMBT","Licensed Massage and Bodywork Therapist","2081P2900X","PAIN MEDICINE (PHYSICAL MEDICINE & REHABILITATION) PHYSICIAN","1"
"LMBT","Licensed Massage and Bodywork Therapist","2081S0010X","SPORTS MEDICINE (PHYSICAL MEDICINE & REHABILITATION) PHYSICIAN","1"
"LMFT","Licensed Marriage and Family Therapist","204D00000X","NEUROMUSCULOSKELETAL MEDICINE & OMM PHYSICIAN","1"
"LMFT","Licensed Marriage and Family Therapist","2084P0804X","CHILD & ADOLESCENT PSYCHIATRY PHYSICIAN","1"
"LMHC","Licensed Mental Health Counselor","2080P0006X","DEVELOPMENTAL - BEHAVIORAL PEDIATRICS PHYSICIAN","1"
"LMHC","Licensed Mental Health Counselor","2080P0008X","PEDIATRIC NEURODEVELOPMENTAL DISABILITIES PHYSICIAN","1"
"LMHC","Licensed Mental Health Counselor","2083A0300X","ADDICTION MEDICINE (PREVENTIVE MEDICINE) PHYSICIAN","1"
"LMHC","Licensed Mental Health Counselor","208D00000X","GENERAL PRACTICE PHYSICIAN","1"
"LMHCA","Licensed Mental Health Counselor Associate","2080P0008X","PEDIATRIC NEURODEVELOPMENTAL DISABILITIES PHYSICIAN","1"
"LMHP","Licensed Mental Health Practitioner","2084A0401X","ADDICTION MEDICINE (PSYCHIATRY & NEUROLOGY) PHYSICIAN","1"
"LMP","Licensed Massage Practitioner","2081N0008X","NEUROMUSCULAR MEDICINE (PHYSICAL MEDICINE & REHABILITATION) PHYSICIAN","1"
"LMP","Licensed Massage Practitioner","2083P0901X","PUBLIC HEALTH & GENERAL PREVENTIVE MEDICINE PHYSICIAN","1"
"LMP","Licensed Massage Practitioner","2083T0002X","MEDICAL TOXICOLOGY (PREVENTIVE MEDICINE) PHYSICIAN","1"
"LMP","Licensed Massage Practitioner","208D00000X","GENERAL PRACTICE PHYSICIAN","1"
"LMT","Licensed Massage Therapist","207N00000X","DERMATOLOGY PHYSICIAN","1"
"LMT","Licensed Massage Therapist","207P00000X","EMERGENCY MEDICINE PHYSICIAN","1"
"LMT","Licensed Massage Therapist","207VE0102X","REPRODUCTIVE ENDOCRINOLOGY PHYSICIAN","1"
"LMT","Licensed Massage Therapist","207XX0005X","SPORTS MEDICINE (ORTHOPAEDIC SURGERY) PHYSICIAN","1"
"LMT","Licensed Massage Therapist","2081H0002X","HOSPICE AND PALLIATIVE MEDICINE (PHYSICAL MEDICINE & REHABILITATION) PHYSICIAN","1"
"LMT","Licensed Massage Therapist","2083B0002X","OBESITY MEDICINE (PREVENTIVE MEDICINE) PHYSICIAN","1"
"LMT","Licensed Massage Therapist","2083X0100X","OCCUPATIONAL MEDICINE PHYSICIAN","1"
"LMT","Licensed Massage Therapist","2084N0008X","NEUROMUSCULAR MEDICINE (PSYCHIATRY & NEUROLOGY) PHYSICIAN","1"
"LMT","Licensed Massage Therapist","2085R0203X","THERAPEUTIC RADIOLOGY PHYSICIAN","1"
"LMT","Licensed Massage Therapist","208600000X","SURGERY PHYSICIAN","1"
"LMT","Licensed Massage Therapist","208VP0014X","INTERVENTIONAL PAIN MEDICINE PHYSICIAN","1"
"LOTR","Licensed Occupational Therapist Registered","208100000X","PHYSICAL MEDICINE & REHABILITATION PHYSICIAN","1"
"LOTR","Licensed Occupational Therapist Registered","2081N0008X","NEUROMUSCULAR MEDICINE (PHYSICAL MEDICINE & REHABILITATION) PHYSICIAN","1"
"LP","Licensed Psychologist","202C00000X","INDEPENDENT MEDICAL EXAMINER PHYSICIAN","1"
"LP","Licensed Psychologist","208100000X","PHYSICAL MEDICINE & REHABILITATION PHYSICIAN","1"
"LP","Licensed Psychologist","2083P0901X","PUBLIC HEALTH & GENERAL PREVENTIVE MEDICINE PHYSICIAN","1"
"LP","Licensed Psychologist","2084A0401X","ADDICTION MEDICINE (PSYCHIATRY & NEUROLOGY) PHYSICIAN","1"
"LP","Licensed Psychologist","2084P0005X","NEURODEVELOPMENTAL DISABILITIES PHYSICIAN","1"
"LPA","Licensed Psychological Associate","208100000X","PHYSICAL MEDICINE & REHABILITATION PHYSICIAN","1"
"LPC","Licensed Professional Counselor","207P00000X","EMERGENCY MEDICINE PHYSICIAN","1"
"LPC","Licensed Professional Counselor","207PE0004X","EMERGENCY MEDICAL SERVICES (EMERGENCY MEDICINE) PHYSICIAN","1"
"LPC","Licensed Professional Counselor","207RC0000X","CARDIOVASCULAR DISEASE PHYSICIAN","1"
"LPC","Licensed Professional Counselor","207RH0003X","HEMATOLOGY & ONCOLOGY PHYSICIAN","1"
"LPC","Licensed Professional Counselor","207V00000X","OBSTETRICS & GYNECOLOGY PHYSICIAN","1"
"LPC","Licensed Professional Counselor","2080C0008X","CHILD ABUSE PEDIATRICS PHYSICIAN","1"
"LPC","Licensed Professional Counselor","2080P0206X","PEDIATRIC GASTROENTEROLOGY PHYSICIAN","1"
"LPC","Licensed Professional Counselor","2083A0300X","ADDICTION MEDICINE (PREVENTIVE MEDICINE) PHYSICIAN","1"
"LPC","Licensed Professional Counselor","2083P0500X","PREVENTIVE MEDICINE/OCCUPATIONAL ENVIRONMENTAL MEDICINE PHYSICIAN","1"
"LPC","Licensed Professional Counselor","208600000X","SURGERY PHYSICIAN","1"
"LPC","Licensed Professional Counselor","2086S0102X","SURGICAL CRITICAL CARE PHYSICIAN","1"
"LPC","Licensed Professional Counselor","2086S0122X","PLASTIC AND RECONSTRUCTIVE SURGERY PHYSICIAN","1"
"LPCC","Licensed Professional Clinical Counselor","207L00000X","ANESTHESIOLOGY PHYSICIAN","1"
"LPCC","Licensed Professional Clinical Counselor","207Q00000X","FAMILY MEDICINE PHYSICIAN","1"
"LPCC","Licensed Professional Clinical Counselor","207QA0401X","ADDICTION MEDICINE (FAMILY MEDICINE) PHYSICIAN","1"
"LPCC","Licensed Professional Clinical Counselor","207RH0003X","HEMATOLOGY & ONCOLOGY PHYSICIAN","1"
"LPCC","Licensed Professional Clinical Counselor","2083P0500X","PREVENTIVE MEDICINE/OCCUPATIONAL ENVIRONMENTAL MEDICINE PHYSICIAN","1"
"LPCC","Licensed Professional Clinical Counselor","2084N0600X","CLINICAL NEUROPHYSIOLOGY PHYSICIAN","1"
"LPCC","Licensed Professional Clinical Counselor","2084P0804X","CHILD & ADOLESCENT PSYCHIATRY PHYSICIAN","1"
"LPCC","Licensed Professional Clinical Counselor","208D00000X","GENERAL PRACTICE PHYSICIAN","1"
"LPCC-S","Licensed Professional Clinical Counselor - Supervisor","207P00000X","EMERGENCY MEDICINE PHYSICIAN","1"
"LPCC-S","Licensed Professional Clinical Counselor - Supervisor","2084P0800X","PSYCHIATRY PHYSICIAN","1"
"LPN","Licensed Practical Nurse","204D00000X","NEUROMUSCULOSKELETAL MEDICINE & OMM PHYSICIAN","1"
"LPN","Licensed Practical Nurse","207K00000X","ALLERGY & IMMUNOLOGY PHYSICIAN","1"
"LPN","Licensed Practical Nurse","207KI0005X","CLINICAL & LABORATORY IMMUNOLOGY (ALLERGY & IMMUNOLOGY) PHYSICIAN","1"
"LPN","Licensed Practical Nurse","207N00000X","DERMATOLOGY PHYSICIAN","1"
"LPN","Licensed Practical Nurse","207QA0505X","ADULT MEDICINE PHYSICIAN","1"
"LPN","Licensed Practical Nurse","207VX0000X","OBSTETRICS PHYSICIAN","1"
"LPN","Licensed Practical Nurse","207Y00000X","OTOLARYNGOLOGY PHYSICIAN","1"
"LPN","Licensed Practical Nurse","2080H0002X","PEDIATRIC HOSPICE AND PALLIATIVE MEDICINE PHYSICIAN","1"
"LPN","Licensed Practical Nurse","2080P0006X","DEVELOPMENTAL - BEHAVIORAL PEDIATRICS PHYSICIAN","1"
"LPN","Licensed Practical Nurse","2084A0401X","ADDICTION MEDICINE (PSYCHIATRY & NEUROLOGY) PHYSICIAN","1"
"LPN","Licensed Practical Nurse","2084B0040X","BEHAVIORAL NEUROLOGY & NEUROPSYCHIATRY PHYSICIAN","1"
"LPN","Licensed Practical Nurse","2084H0002X","HOSPICE AND PALLIATIVE MEDICINE (PSYCHIATRY & NEUROLOGY) PHYSICIAN","1"
"LPN","Licensed Practical Nurse","2084N0400X","NEUROLOGY PHYSICIAN","1"
"LPN","Licensed Practical Nurse","2084P0804X","CHILD & ADOLESCENT PSYCHIATRY PHYSICIAN","1"
"LPN","Licensed Practical Nurse","2084P0805X","GERIATRIC PSYCHIATRY PHYSICIAN","1"
"LPN","Licensed Practical Nurse","208800000X","UROLOGY PHYSICIAN","1"
"LPN","Licensed Practical Nurse","208VP0014X","INTERVENTIONAL PAIN MEDICINE PHYSICIAN","1"
"LPT","Licensed Physical Therapist","2081P0010X","PEDIATRIC REHABILITATION MEDICINE PHYSICIAN","1"
"LPT","Licensed Physical Therapist","2081P2900X","PAIN MEDICINE (PHYSICAL MEDICINE & REHABILITATION) PHYSICIAN","1"
"LPT","Licensed Physical Therapist","2081S0010X","SPORTS MEDICINE (PHYSICAL MEDICINE & REHABILITATION) PHYSICIAN","1"
"LPTA","Licensed Physical Therapist Assistant","2081P0010X","PEDIATRIC REHABILITATION MEDICINE PHYSICIAN","1"
"LSW","Licensed Social Worker","207QA0401X","ADDICTION MEDICINE (FAMILY MEDICINE) PHYSICIAN","1"
"LSW","Licensed Social Worker","207QB0002X","OBESITY MEDICINE (FAMILY MEDICINE) PHYSICIAN","1"
"LSW","Licensed Social Worker","207R00000X","INTERNAL MEDICINE PHYSICIAN","1"
"LSW","Licensed Social Worker","207RA0401X","ADDICTION MEDICINE (INTERNAL MEDICINE) PHYSICIAN","1"
"LSW","Licensed Social Worker","207RE0101X","ENDOCRINOLOGY, DIABETES & METABOLISM PHYSICIAN","1"
"LSW","Licensed Social Worker","207RH0002X","HOSPICE AND PALLIATIVE MEDICINE (INTERNAL MEDICINE) PHYSICIAN","1"
"LSW","Licensed Social Worker","2080P0006X","DEVELOPMENTAL - BEHAVIORAL PEDIATRICS PHYSICIAN","1"
"LSW","Licensed Social Worker","2084P0015X","PSYCHOSOMATIC MEDICINE PHYSICIAN","1"
"LSW","Licensed Social Worker","2084P0804X","CHILD & ADOLESCENT PSYCHIATRY PHYSICIAN","1"
"LVN","Licensed Vocational Nurse","204C00000X","SPORTS MEDICINE (NEUROMUSCULOSKELETAL MEDICINE) PHYSICIAN","1"
"LVN","Licensed Vocational Nurse","207PE0004X","EMERGENCY MEDICAL SERVICES (EMERGENCY MEDICINE) PHYSICIAN","1"
"LVN","Licensed Vocational Nurse","207QA0505X","ADULT MEDICINE PHYSICIAN","1"
"LVN","Licensed Vocational Nurse","207V00000X","OBSTETRICS & GYNECOLOGY PHYSICIAN","1"
"LVN","Licensed Vocational Nurse","2080C0008X","CHILD ABUSE PEDIATRICS PHYSICIAN","1"
"LVN","Licensed Vocational Nurse","2080P0008X","PEDIATRIC NEURODEVELOPMENTAL DISABILITIES PHYSICIAN","1"
"LVN","Licensed Vocational Nurse","2080T0002X","PEDIATRIC MEDICAL TOXICOLOGY PHYSICIAN","1"
"LVN","Licensed Vocational Nurse","2083A0300X","ADDICTION MEDICINE (PREVENTIVE MEDICINE) PHYSICIAN","1"
"LVN","Licensed Vocational Nurse","2084D0003X","DIAGNOSTIC NEUROIMAGING (PSYCHIATRY & NEUROLOGY) PHYSICIAN","1"
"LicAc","Licensed Acupuncturist","202D00000X","INTEGRATIVE MEDICINE PHYSICIAN","1"
"MA","Master of Arts","202K00000X","PHLEBOLOGY PHYSICIAN","1"
"MA","Master of Arts","207PE0004X","EMERGENCY MEDICAL SERVICES (EMERGENCY MEDICINE) PHYSICIAN","1"
"MA","Master of Arts","207PS0010X","SPORTS MEDICINE (EMERGENCY MEDICINE) PHYSICIAN","1"
"MA","Master of Arts","207RE0101X","ENDOCRINOLOGY, DIABETES & METABOLISM PHYSICIAN","1"
"MA","Master of Arts","207RG0100X","GASTROENTEROLOGY PHYSICIAN","1"
"MA","Master of Arts","207RG0300X","GERIATRIC MEDICINE (INTERNAL MEDICINE) PHYSICIAN","1"
"MA","Master of Arts","207RI0008X","HEPATOLOGY PHYSICIAN","1"
"MA","Master of Arts","207RI0011X","INTERVENTIONAL CARDIOLOGY PHYSICIAN","1"
"MA","Master of Arts","207RS0012X","SLEEP MEDICINE (INTERNAL MEDICINE) PHYSICIAN","1"
"MA","Master of Arts","207V00000X","OBSTETRICS & GYNECOLOGY PHYSICIAN","1"
"MA","Master of Arts","207X00000X","ORTHOPAEDIC SURGERY PHYSICIAN","1"
"MA","Master of Arts","207XS0114X","ADULT RECONSTRUCTIVE ORTHOPAEDIC SURGERY PHYSICIAN","1"
"MA","Master of Arts","207Y00000X","OTOLARYNGOLOGY PHYSICIAN","1"
"MA","Master of Arts","207ZP0213X","PEDIATRIC PATHOLOGY PHYSICIAN","1"
"MA","Master of Arts","2080P0008X","PEDIATRIC NEURODEVELOPMENTAL DISABILITIES PHYSICIAN","1"
"MA","Master of Arts","2081N0008X","NEUROMUSCULAR MEDICINE (PHYSICAL MEDICINE & REHABILITATION) PHYSICIAN","1"
"MA","Master of Arts","2081P2900X","PAIN MEDICINE (PHYSICAL MEDICINE & REHABILITATION) PHYSICIAN","1"
"MA","Master of Arts","2083C0008X","CLINICAL INFORMATICS PHYSICIAN","1"
"MA","Master of Arts","2083P0011X","UNDERSEA AND HYPERBARIC MEDICINE (PREVENTIVE MEDICINE) PHYSICIAN","1"
"MA","Master of Arts","2083P0901X","PUBLIC HEALTH & GENERAL PREVENTIVE MEDICINE PHYSICIAN","1"
"MA","Master of Arts","2083S0010X","SPORTS MEDICINE (PREVENTIVE MEDICINE) PHYSICIAN","1"
"MA","Master of Arts","2084F0202X","FORENSIC PSYCHIATRY PHYSICIAN","1"
"MA","Master of Arts","2084H0002X","HOSPICE AND PALLIATIVE MEDICINE (PSYCHIATRY & NEUROLOGY) PHYSICIAN","1"
"MA","Master of Arts","2084N0402X","NEUROLOGY WITH SPECIAL QUALIFICATIONS IN CHILD NEUROLOGY PHYSICIAN","1"
"MA","Master of Arts","2084P0005X","NEURODEVELOPMENTAL DISABILITIES PHYSICIAN","1"
"MA","Master of Arts","2084P0805X","GERIATRIC PSYCHIATRY PHYSICIAN","1"
"MA","Master of Arts","2085B0100X","BODY IMAGING PHYSICIAN","1"
"MA","Master of Arts","208600000X","SURGERY PHYSICIAN","1"
"MA","Master of Arts","2086S0122X","PLASTIC AND RECONSTRUCTIVE SURGERY PHYSICIAN","1"
"MA","Master of Arts","208800000X","UROLOGY PHYSICIAN","1"
"MASTERS","Masters Degree","207Q00000X","FAMILY MEDICINE PHYSICIAN","1"
"MASTERS","Masters Degree","2084P0800X","PSYCHIATRY PHYSICIAN","1"
"MASTERS","Masters Degree","208M00000X","HOSPITALIST PHYSICIAN","1"
"MBA","Master of Business Administration","202K00000X","PHLEBOLOGY PHYSICIAN","1"
"MBA","Master of Business Administration","207ND0900X","DERMATOPATHOLOGY PHYSICIAN","1"
"MBA","Master of Business Administration","207PS0010X","SPORTS MEDICINE (EMERGENCY MEDICINE) PHYSICIAN","1"
"MBA","Master of Business Administration","207R00000X","INTERNAL MEDICINE PHYSICIAN","1"
"MBA","Master of Business Administration","207RH0002X","HOSPICE AND PALLIATIVE MEDICINE (INTERNAL MEDICINE) PHYSICIAN","1"
"MBA","Master of Business Administration","207SC0300X","CLINICAL CYTOGENETICS PHYSICIAN","1"
"MBA","Master of Business Administration","207ZD0900X","DERMATOPATHOLOGY (PATHOLOGY) PHYSICIAN","1"
"MBA","Master of Business Administration","2083P0901X","PUBLIC HEALTH & GENERAL PREVENTIVE MEDICINE PHYSICIAN","1"
"MBA","Master of Business Administration","2083S0010X","SPORTS MEDICINE (PREVENTIVE MEDICINE) PHYSICIAN","1"
"MBA","Master of Business Administration","2084P0800X","PSYCHIATRY PHYSICIAN","1"
"MBA","Master of Business Administration","2085R0001X","RADIATION ONCOLOGY PHYSICIAN","1"
"MBA","Master of Business Administration","2085U0001X","DIAGNOSTIC ULTRASOUND PHYSICIAN","1"
"MBA","Master of Business Administration","208M00000X","HOSPITALIST PHYSICIAN","1"
"MBA","Master of Business Administration","208U00000X","CLINICAL PHARMACOLOGY PHYSICIAN","1"
"MBA","Master of Business Administration","208VP0000X","PAIN MEDICINE PHYSICIAN","1"
"MBA","Master of Business Administration","208VP0014X","INTERVENTIONAL PAIN MEDICINE PHYSICIAN","1"
"MCD","Master of Communication Disorders","207ZP0102X","ANATOMIC PATHOLOGY & CLINICAL PATHOLOGY PHYSICIAN","1"
"MCD","Master of Communication Disorders","207ZP0213X","PEDIATRIC PATHOLOGY PHYSICIAN","1"
"MD(H)","Homeopathic Medical Doctor (Arizona)","208000000X","PEDIATRICS PHYSICIAN","1"
"MDA","Medical Assistant","207L00000X","ANESTHESIOLOGY PHYSICIAN","1"
"MDA","Medical Assistant","207R00000X","INTERNAL MEDICINE PHYSICIAN","1"
"ME","Master of Engineering","207P00000X","EMERGENCY MEDICINE PHYSICIAN","1"
"ME","Master of Engineering","207R00000X","INTERNAL MEDICINE PHYSICIAN","1"
"ME","Master of Engineering","207SG0201X","CLINICAL GENETICS (M.D.) PHYSICIAN","1"
"ME","Master of Engineering","208D00000X","GENERAL PRACTICE PHYSICIAN","1"
"MED","Master of Education","202C00000X","INDEPENDENT MEDICAL EXAMINER PHYSICIAN","1"
"MED","Master of Education","204C00000X","SPORTS MEDICINE (NEUROMUSCULOSKELETAL MEDICINE) PHYSICIAN","1"
"MED","Master of Education","207X00000X","ORTHOPAEDIC SURGERY PHYSICIAN","1"
"MED","Master of Education","208000000X","PEDIATRICS PHYSICIAN","1"
"MED","Master of Education","2080P0006X","DEVELOPMENTAL - BEHAVIORAL PEDIATRICS PHYSICIAN","1"
"MED","Master of Education","2080P0008X","PEDIATRIC NEURODEVELOPMENTAL DISABILITIES PHYSICIAN","1"
"MED","Master of Education","208100000X","PHYSICAL MEDICINE & REHABILITATION PHYSICIAN","1"
"MED","Master of Education","2083S0010X","SPORTS MEDICINE (PREVENTIVE MEDICINE) PHYSICIAN","1"
"MED","Master of Education","2084P0804X","CHILD & ADOLESCENT PSYCHIATRY PHYSICIAN","1"
"MED","Master of Education","208600000X","SURGERY PHYSICIAN","1"
"MFT","Marriage and Family Therapist","2084P0804X","CHILD & ADOLESCENT PSYCHIATRY PHYSICIAN","1"
"MFT","Marriage and Family Therapist","208D00000X","GENERAL PRACTICE PHYSICIAN","1"
"MFTI","Marriage and Family Therapist Intern","2084P0800X","PSYCHIATRY PHYSICIAN","1"
"MHA","Master of Health Administration","202K00000X","PHLEBOLOGY PHYSICIAN","1"
"MHA","Master of Health Administration","207Q00000X","FAMILY MEDICINE PHYSICIAN","1"
"MHA","Master of Health Administration","208100000X","PHYSICAL MEDICINE & REHABILITATION PHYSICIAN","1"
"MHA","Master of Health Administration","2081S0010X","SPORTS MEDICINE (PHYSICAL MEDICINE & REHABILITATION) PHYSICIAN","1"
"MHA","Master of Health Administration","2083P0011X","UNDERSEA AND HYPERBARIC MEDICINE (PREVENTIVE MEDICINE) PHYSICIAN","1"
"MHA","Master of Health Administration","2083P0901X","PUBLIC HEALTH & GENERAL PREVENTIVE MEDICINE PHYSICIAN","1"
"MHA","Master of Health Administration","208M00000X","HOSPITALIST PHYSICIAN","1"
"MHC","Mental Health Counselor","207L00000X","ANESTHESIOLOGY PHYSICIAN","1"
"MHC","Mental Health Counselor","207Q00000X","FAMILY MEDICINE PHYSICIAN","1"
"MHC","Mental Health Counselor","207R00000X","INTERNAL MEDICINE PHYSICIAN","1"
"MHC","Mental Health Counselor","208100000X","PHYSICAL MEDICINE & REHABILITATION PHYSICIAN","1"
"MHC","Mental Health Counselor","2083A0300X","ADDICTION MEDICINE (PREVENTIVE MEDICINE) PHYSICIAN","1"
"MHC","Mental Health Counselor","2086S0122X","PLASTIC AND RECONSTRUCTIVE SURGERY PHYSICIAN","1"
"MHC","Mental Health Counselor","208D00000X","GENERAL PRACTICE PHYSICIAN","1"
"MHP","Mental Health Professional","207X00000X","ORTHOPAEDIC SURGERY PHYSICIAN","1"
"MOT","Master of Occupational Therapy","207R00000X","INTERNAL MEDICINE PHYSICIAN","1"
"MOT","Master of Occupational Therapy","207RG0300X","GERIATRIC MEDICINE (INTERNAL MEDICINE) PHYSICIAN","1"
"MOT","Master of Occupational Therapy","2080P0006X","DEVELOPMENTAL - BEHAVIORAL PEDIATRICS PHYSICIAN","1"
"MOT","Master of Occupational Therapy","208100000X","PHYSICAL MEDICINE & REHABILITATION PHYSICIAN","1"
"MOT","Master of Occupational Therapy","2081P0004X","SPINAL CORD INJURY MEDICINE PHYSICIAN","1"
"MOT","Master of Occupational Therapy","2081P0010X","PEDIATRIC REHABILITATION MEDICINE PHYSICIAN","1"
"MOTR/L","Master of Occupational Therapy Registered/Licensed","207NP0225X","PEDIATRIC DERMATOLOGY PHYSICIAN","1"
"MOTR/L","Master of Occupational Therapy Registered/Licensed","2081P0010X","PEDIATRIC REHABILITATION MEDICINE PHYSICIAN","1"
"MPA","Master of Public Administration","202D00000X","INTEGRATIVE MEDICINE PHYSICIAN","1"
"MPA","Master of Public Administration","207P00000X","EMERGENCY MEDICINE PHYSICIAN","1"
"MPA","Master of Public Administration","207R00000X","INTERNAL MEDICINE PHYSICIAN","1"
"MPA","Master of Public Administration","207RS0012X","SLEEP MEDICINE (INTERNAL MEDICINE) PHYSICIAN","1"
"MPA","Master of Public Administration","207X00000X","ORTHOPAEDIC SURGERY PHYSICIAN","1"
"MPA","Master of Public Administration","207Y00000X","OTOLARYNGOLOGY PHYSICIAN","1"
"MPA","Master of Public Administration","2080A0000X","PEDIATRIC ADOLESCENT MEDICINE PHYSICIAN","1"
"MPA","Master of Public Administration","2083S0010X","SPORTS MEDICINE (PREVENTIVE MEDICINE) PHYSICIAN","1"
"MPA","Master of Public Administration","208600000X","SURGERY PHYSICIAN","1"
"MPA","Master of Public Administration","208G00000X","THORACIC SURGERY (CARDIOTHORACIC VASCULAR SURGERY) PHYSICIAN","1"
"MPAS","Master of Physician Assistant Studies","207K00000X","ALLERGY & IMMUNOLOGY PHYSICIAN","1"
"MPAS","Master of Physician Assistant Studies","207NP0225X","PEDIATRIC DERMATOLOGY PHYSICIAN","1"
"MPAS","Master of Physician Assistant Studies","207QS1201X","SLEEP MEDICINE (FAMILY MEDICINE) PHYSICIAN","1"
"MPAS","Master of Physician Assistant Studies","207RC0200X","CRITICAL CARE MEDICINE (INTERNAL MEDICINE) PHYSICIAN","1"
"MPAS","Master of Physician Assistant Studies","207RE0101X","ENDOCRINOLOGY, DIABETES & METABOLISM PHYSICIAN","1"
"MPAS","Master of Physician Assistant Studies","207RR0500X","RHEUMATOLOGY PHYSICIAN","1"
"MPAS","Master of Physician Assistant Studies","207RS0012X","SLEEP MEDICINE (INTERNAL MEDICINE) PHYSICIAN","1"
"MPAS","Master of Physician Assistant Studies","207T00000X","NEUROLOGICAL SURGERY PHYSICIAN","1"
"MPAS","Master of Physician Assistant Studies","207XS0106X","ORTHOPAEDIC HAND SURGERY PHYSICIAN","1"
"MPAS","Master of Physician Assistant Studies","207XS0117X","ORTHOPAEDIC SURGERY OF THE SPINE PHYSICIAN","1"
"MPAS","Master of Physician Assistant Studies","207Y00000X","OTOLARYNGOLOGY PHYSICIAN","1"
"MPAS","Master of Physician Assistant Studies","2080A0000X","PEDIATRIC ADOLESCENT MEDICINE PHYSICIAN","1"
"MPAS","Master of Physician Assistant Studies","2080P0203X","PEDIATRIC CRITICAL CARE MEDICINE PHYSICIAN","1"
"MPAS","Master of Physician Assistant Studies","208100000X","PHYSICAL MEDICINE & REHABILITATION PHYSICIAN","1"
"MPAS","Master of Physician Assistant Studies","2083P0011X","UNDERSEA AND HYPERBARIC MEDICINE (PREVENTIVE MEDICINE) PHYSICIAN","1"
"MPAS","Master of Physician Assistant Studies","2085R0202X","DIAGNOSTIC RADIOLOGY PHYSICIAN","1"
"MPAS","Master of Physician Assistant Studies","2086S0122X","PLASTIC AND RECONSTRUCTIVE SURGERY PHYSICIAN","1"
"MPAS","Master of Physician Assistant Studies","2086S0127X","TRAUMA SURGERY PHYSICIAN","1"
"MPAS","Master of Physician Assistant Studies","2086X0206X","SURGICAL ONCOLOGY PHYSICIAN","1"
"MPAS","Master of Physician Assistant Studies","208C00000X","COLON & RECTAL SURGERY PHYSICIAN","1"
"MPAS","Master of Physician Assistant Studies","208D00000X","GENERAL PRACTICE PHYSICIAN","1"
"MPAS","Master of Physician Assistant Studies","208M00000X","HOSPITALIST PHYSICIAN","1"
"MPH","Master of Public Health","207LP3000X","PEDIATRIC ANESTHESIOLOGY PHYSICIAN","1"
"MPH","Master of Public Health","207N00000X","DERMATOLOGY PHYSICIAN","1"
"MPH","Master of Public Health","207PE0004X","EMERGENCY MEDICAL SERVICES (EMERGENCY MEDICINE) PHYSICIAN","1"
"MPH","Master of Public Health","207QA0401X","ADDICTION MEDICINE (FAMILY MEDICINE) PHYSICIAN","1"
"MPH","Master of Public Health","207RG0100X","GASTROENTEROLOGY PHYSICIAN","1"
"MPH","Master of Public Health","207RI0011X","INTERVENTIONAL CARDIOLOGY PHYSICIAN","1"
"MPH","Master of Public Health","207VX0000X","OBSTETRICS PHYSICIAN","1"
"MPH","Master of Public Health","207X00000X","ORTHOPAEDIC SURGERY PHYSICIAN","1"
"MPH","Master of Public Health","207Y00000X","OTOLARYNGOLOGY PHYSICIAN","1"
"MPH","Master of Public Health","207ZP0102X","ANATOMIC PATHOLOGY & CLINICAL PATHOLOGY PHYSICIAN","1"
"MPH","Master of Public Health","207ZP0105X","CLINICAL PATHOLOGY/LABORATORY MEDICINE PHYSICIAN","1"
"MPH","Master of Public Health","208100000X","PHYSICAL MEDICINE & REHABILITATION PHYSICIAN","1"
"MPH","Master of Public Health","208200000X","PLASTIC SURGERY PHYSICIAN","1"
"MPH","Master of Public Health","2083S0010X","SPORTS MEDICINE (PREVENTIVE MEDICINE) PHYSICIAN","1"
"MPH","Master of Public Health","2084F0202X","FORENSIC PSYCHIATRY PHYSICIAN","1"
"MPH","Master of Public Health","2084N0400X","NEUROLOGY PHYSICIAN","1"
"MPH","Master of Public Health","2084N0402X","NEUROLOGY WITH SPECIAL QUALIFICATIONS IN CHILD NEUROLOGY PHYSICIAN","1"
"MPH","Master of Public Health","2086S0122X","PLASTIC AND RECONSTRUCTIVE SURGERY PHYSICIAN","1"
"MPH","Master of Public Health","2086S0127X","TRAUMA SURGERY PHYSICIAN","1"
"MPH","Master of Public Health","208D00000X","GENERAL PRACTICE PHYSICIAN","1"
"MPH","Master of Public Health","208VP0000X","PAIN MEDICINE PHYSICIAN","1"
"MPT","Master of Physical Therapy","207Q00000X","FAMILY MEDICINE PHYSICIAN","1"
"MPT","Master of Physical Therapy","207R00000X","INTERNAL MEDICINE PHYSICIAN","1"
"MPT","Master of Physical Therapy","2083X0100X","OCCUPATIONAL MEDICINE PHYSICIAN","1"
"MS","Master of Science","202C00000X","INDEPENDENT MEDICAL EXAMINER PHYSICIAN","1"
"MS","Master of Science","207K00000X","ALLERGY & IMMUNOLOGY PHYSICIAN","1"
"MS","Master of Science","207KA0200X","ALLERGY PHYSICIAN","1"
"MS","Master of Science","207LP2900X","PAIN MEDICINE (ANESTHESIOLOGY) PHYSICIAN","1"
"MS","Master of Science","207NI0002X","CLINICAL & LABORATORY DERMATOLOGICAL IMMUNOLOGY PHYSICIAN","1"
"MS","Master of Science","207NP0225X","PEDIATRIC DERMATOLOGY PHYSICIAN","1"
"MS","Master of Science","207PE0004X","EMERGENCY MEDICAL SERVICES (EMERGENCY MEDICINE) PHYSICIAN","1"
"MS","Master of Science","207QH0002X","HOSPICE AND PALLIATIVE MEDICINE (FAMILY MEDICINE) PHYSICIAN","1"
"MS","Master of Science","207RA0401X","ADDICTION MEDICINE (INTERNAL MEDICINE) PHYSICIAN","1"
"MS","Master of Science","207RG0100X","GASTROENTEROLOGY PHYSICIAN","1"
"MS","Master of Science","207RI0011X","INTERVENTIONAL CARDIOLOGY PHYSICIAN","1"
"MS","Master of Science","207SG0201X","CLINICAL GENETICS (M.D.) PHYSICIAN","1"
"MS","Master of Science","207SG0202X","CLINICAL BIOCHEMICAL GENETICS PHYSICIAN","1"
"MS","Master of Science","207SG0207X","MEDICAL BIOCHEMICAL GENETICS","1"
"MS","Master of Science","207WX0009X","GLAUCOMA SPECIALIST (OPHTHALMOLOGY) PHYSICIAN","1"
"MS","Master of Science","207XP3100X","PEDIATRIC ORTHOPAEDIC SURGERY PHYSICIAN","1"
"MS","Master of Science","207XS0106X","ORTHOPAEDIC HAND SURGERY PHYSICIAN","1"
"MS","Master of Science","207XS0114X","ADULT RECONSTRUCTIVE ORTHOPAEDIC SURGERY PHYSICIAN","1"
"MS","Master of Science","207XS0117X","ORTHOPAEDIC SURGERY OF THE SPINE PHYSICIAN","1"
"MS","Master of Science","207ZC0500X","CYTOPATHOLOGY PHYSICIAN","1"
"MS","Master of Science","207ZI0100X","IMMUNOPATHOLOGY PHYSICIAN","1"
"MS","Master of Science","207ZM0300X","MEDICAL MICROBIOLOGY PHYSICIAN","1"
"MS","Master of Science","207ZP0105X","CLINICAL PATHOLOGY/LABORATORY MEDICINE PHYSICIAN","1"
"MS","Master of Science","207ZP0213X","PEDIATRIC PATHOLOGY PHYSICIAN","1"
"MS","Master of Science","2080B0002X","PEDIATRIC OBESITY MEDICINE PHYSICIAN","1"
"MS","Master of Science","2080P0202X","PEDIATRIC CARDIOLOGY PHYSICIAN","1"
"MS","Master of Science","2080P0205X","PEDIATRIC ENDOCRINOLOGY PHYSICIAN","1"
"MS","Master of Science","2080P0208X","PEDIATRIC INFECTIOUS DISEASES PHYSICIAN","1"
"MS","Master of Science","2080S0010X","PEDIATRIC SPORTS MEDICINE PHYSICIAN","1"
"MS","Master of Science","2081P2900X","PAIN MEDICINE (PHYSICAL MEDICINE & REHABILITATION) PHYSICIAN","1"
"MS","Master of Science","2083B0002X","OBESITY MEDICINE (PREVENTIVE MEDICINE) PHYSICIAN","1"
"MS","Master of Science","2083P0011X","UNDERSEA AND HYPERBARIC MEDICINE (PREVENTIVE MEDICINE) PHYSICIAN","1"
"MS","Master of Science","2083P0500X","PREVENTIVE MEDICINE/OCCUPATIONAL ENVIRONMENTAL MEDICINE PHYSICIAN","1"
"MS","Master of Science","2083P0901X","PUBLIC HEALTH & GENERAL PREVENTIVE MEDICINE PHYSICIAN","1"
"MS","Master of Science","2084N0600X","CLINICAL NEUROPHYSIOLOGY PHYSICIAN","1"
"MS","Master of Science","2084P0005X","NEURODEVELOPMENTAL DISABILITIES PHYSICIAN","1"
"MS","Master of Science","2084P0805X","GERIATRIC PSYCHIATRY PHYSICIAN","1"
"MS","Master of Science","2084S0010X","SPORTS MEDICINE (PSYCHIATRY & NEUROLOGY) PHYSICIAN","1"
"MS","Master of Science","2085R0202X","DIAGNOSTIC RADIOLOGY PHYSICIAN","1"
"MS","Master of Science","2085U0001X","DIAGNOSTIC ULTRASOUND PHYSICIAN","1"
"MS","Master of Science","2086S0102X","SURGICAL CRITICAL CARE PHYSICIAN","1"
"MS","Master of Science","2086S0120X","PEDIATRIC SURGERY PHYSICIAN","1"
"MS","Master of Science","2086S0127X","TRAUMA SURGERY PHYSICIAN","1"
"MS","Master of Science","208U00000X","CLINICAL PHARMACOLOGY PHYSICIAN","1"
"MSD","Master of Science in Dentistry","207L00000X","ANESTHESIOLOGY PHYSICIAN","1"
"MSED","Master of Science in Education","202C00000X","INDEPENDENT MEDICAL EXAMINER PHYSICIAN","1"
"MSED","Master of Science in Education","204E00000X","ORAL & MAXILLOFACIAL SURGERY (D.M.D.)","1"
"MSED","Master of Science in Education","2080P0006X","DEVELOPMENTAL - BEHAVIORAL PEDIATRICS PHYSICIAN","1"
"MSED","Master of Science in Education","2081S0010X","SPORTS MEDICINE (PHYSICAL MEDICINE & REHABILITATION) PHYSICIAN","1"
"MSN","Master of Science in Nursing","202C00000X","INDEPENDENT MEDICAL EXAMINER PHYSICIAN","1"
"MSN","Master of Science in Nursing","202K00000X","PHLEBOLOGY PHYSICIAN","1"
"MSN","Master of Science in Nursing","207K00000X","ALLERGY & IMMUNOLOGY PHYSICIAN","1"
"MSN","Master of Science in Nursing","207LA0401X","ADDICTION MEDICINE (ANESTHESIOLOGY) PHYSICIAN","1"
"MSN","Master of Science in Nursing","207PP0204X","PEDIATRIC EMERGENCY MEDICINE (EMERGENCY MEDICINE) PHYSICIAN","1"
"MSN","Master of Science in Nursing","207RG0300X","GERIATRIC MEDICINE (INTERNAL MEDICINE) PHYSICIAN","1"
"MSN","Master of Science in Nursing","207RR0500X","RHEUMATOLOGY PHYSICIAN","1"
"MSN","Master of Science in Nursing","207RS0012X","SLEEP MEDICINE (INTERNAL MEDICINE) PHYSICIAN","1"
"MSN","Master of Science in Nursing","207SG0207X","MEDICAL BIOCHEMICAL GENETICS","1"
"MSN","Master of Science in Nursing","207VF0040X","UROGYNECOLOGY AND RECONSTRUCTIVE PELVIC SURGERY (OBSTETRICS & GYNECOLOGY) PHYSICIAN","1"
"MSN","Master of Science in Nursing","207XS0106X","ORTHOPAEDIC HAND SURGERY PHYSICIAN","1"
"MSN","Master of Science in Nursing","207XX0005X","SPORTS MEDICINE (ORTHOPAEDIC SURGERY) PHYSICIAN","1"
"MSN","Master of Science in Nursing","207XX0801X","ORTHOPAEDIC TRAUMA PHYSICIAN","1"
"MSN","Master of Science in Nursing","207YX0007X","PLASTIC SURGERY WITHIN THE HEAD & NECK (OTOLARYNGOLOGY) PHYSICIAN","1"
"MSN","Master of Science in Nursing","2080A0000X","PEDIATRIC ADOLESCENT MEDICINE PHYSICIAN","1"
"MSN","Master of Science in Nursing","2080C0008X","CHILD ABUSE PEDIATRICS PHYSICIAN","1"
"MSN","Master of Science in Nursing","2080P0201X","PEDIATRIC ALLERGY/IMMUNOLOGY PHYSICIAN","1"
"MSN","Master of Science in Nursing","2080P0204X","PEDIATRIC EMERGENCY MEDICINE (PEDIATRICS) PHYSICIAN","1"
"MSN","Master of Science in Nursing","2080P0208X","PEDIATRIC INFECTIOUS DISEASES PHYSICIAN","1"
"MSN","Master of Science in Nursing","2080P0210X","PEDIATRIC NEPHROLOGY PHYSICIAN","1"
"MSN","Master of Science in Nursing","2081P0010X","PEDIATRIC REHABILITATION MEDICINE PHYSICIAN","1"
"MSN","Master of Science in Nursing","2081P2900X","PAIN MEDICINE (PHYSICAL MEDICINE & REHABILITATION) PHYSICIAN","1"
"MSN","Master of Science in Nursing","2083B0002X","OBESITY MEDICINE (PREVENTIVE MEDICINE) PHYSICIAN","1"
"MSN","Master of Science in Nursing","2084P0005X","NEURODEVELOPMENTAL DISABILITIES PHYSICIAN","1"
"MSN","Master of Science in Nursing","2086S0127X","TRAUMA SURGERY PHYSICIAN","1"
"MSN","Master of Science in Nursing","2088F0040X","UROGYNECOLOGY AND RECONSTRUCTIVE PELVIC SURGERY (UROLOGY) PHYSICIAN","1"
"MSOTR/L","Master of Science in Occupational Therapy Registered/Licensed","208100000X","PHYSICAL MEDICINE & REHABILITATION PHYSICIAN","1"
"MSPT","Master of Science in Physical Therapy","207V00000X","OBSTETRICS & GYNECOLOGY PHYSICIAN","1"
"MSPT","Master of Science in Physical Therapy","2081H0002X","HOSPICE AND PALLIATIVE MEDICINE (PHYSICAL MEDICINE & REHABILITATION) PHYSICIAN","1"
"MSPT","Master of Science in Physical Therapy","2081N0008X","NEUROMUSCULAR MEDICINE (PHYSICAL MEDICINE & REHABILITATION) PHYSICIAN","1"
"MSPT","Master of Science in Physical Therapy","2081P0010X","PEDIATRIC REHABILITATION MEDICINE PHYSICIAN","1"
"MSSW","Master of Science in Social Work","2084P0800X","PSYCHIATRY PHYSICIAN","1"
"MSW","Master of Social Work","207LP2900X","PAIN MEDICINE (ANESTHESIOLOGY) PHYSICIAN","1"
"MSW","Master of Social Work","207QA0505X","ADULT MEDICINE PHYSICIAN","1"
"MSW","Master of Social Work","207RA0401X","ADDICTION MEDICINE (INTERNAL MEDICINE) PHYSICIAN","1"
"MSW","Master of Social Work","207RC0000X","CARDIOVASCULAR DISEASE PHYSICIAN","1"
"MSW","Master of Social Work","207RI0200X","INFECTIOUS DISEASE PHYSICIAN","1"
"MSW","Master of Social Work","208000000X","PEDIATRICS PHYSICIAN","1"
"MSW","Master of Social Work","2080A0000X","PEDIATRIC ADOLESCENT MEDICINE PHYSICIAN","1"
"MSW","Master of Social Work","2083P0901X","PUBLIC HEALTH & GENERAL PREVENTIVE MEDICINE PHYSICIAN","1"
"MSW","Master of Social Work","2084P2900X","PAIN MEDICINE (PSYCHIATRY & NEUROLOGY) PHYSICIAN","1"
"MTH","Master of Theology","204C00000X","SPORTS MEDICINE (NEUROMUSCULOSKELETAL MEDICINE) PHYSICIAN","1"
"MTH","Master of Theology","2081N0008X","NEUROMUSCULAR MEDICINE (PHYSICAL MEDICINE & REHABILITATION) PHYSICIAN","1"
"NBC-HWC","National Board Certified Health and Wellness Coach","2083P0901X","PUBLIC HEALTH & GENERAL PREVENTIVE MEDICINE PHYSICIAN","1"
"NC-BC","Nurse Coach Board Certified","202D00000X","INTEGRATIVE MEDICINE PHYSICIAN","1"
"ND","Doctor of Naturopathic Medicine","207K00000X","ALLERGY & IMMUNOLOGY PHYSICIAN","1"
"ND","Doctor of Naturopathic Medicine","207KA0200X","ALLERGY PHYSICIAN","1"
"ND","Doctor of Naturopathic Medicine","207LP2900X","PAIN MEDICINE (ANESTHESIOLOGY) PHYSICIAN","1"
"ND","Doctor of Naturopathic Medicine","207N00000X","DERMATOLOGY PHYSICIAN","1"
"ND","Doctor of Naturopathic Medicine","207PH0002X","HOSPICE AND PALLIATIVE MEDICINE (EMERGENCY MEDICINE) PHYSICIAN","1"
"ND","Doctor of Naturopathic Medicine","207QA0401X","ADDICTION MEDICINE (FAMILY MEDICINE) PHYSICIAN","1"
"ND","Doctor of Naturopathic Medicine","207RG0100X","GASTROENTEROLOGY PHYSICIAN","1"
"ND","Doctor of Naturopathic Medicine","207RH0003X","HEMATOLOGY & ONCOLOGY PHYSICIAN","1"
"ND","Doctor of Naturopathic Medicine","207RN0300X","NEPHROLOGY PHYSICIAN","1"
"ND","Doctor of Naturopathic Medicine","207SG0205X","PH.D. MEDICAL GENETICS PHYSICIAN","1"
"ND","Doctor of Naturopathic Medicine","207W00000X","OPHTHALMOLOGY PHYSICIAN","1"
"ND","Doctor of Naturopathic Medicine","208000000X","PEDIATRICS PHYSICIAN","1"
"ND","Doctor of Naturopathic Medicine","2080P0006X","DEVELOPMENTAL - BEHAVIORAL PEDIATRICS PHYSICIAN","1"
"ND","Doctor of Naturopathic Medicine","2084A0401X","ADDICTION MEDICINE (PSYCHIATRY & NEUROLOGY) PHYSICIAN","1"
"ND","Doctor of Naturopathic Medicine","2084N0008X","NEUROMUSCULAR MEDICINE (PSYCHIATRY & NEUROLOGY) PHYSICIAN","1"
"ND","Doctor of Naturopathic Medicine","2084P0800X","PSYCHIATRY PHYSICIAN","1"
"NE-BC","Nurse Executive","207N00000X","DERMATOLOGY PHYSICIAN","1"
"NE-BC","Nurse Executive","207R00000X","INTERNAL MEDICINE PHYSICIAN","1"
"NE-BC","Nurse Executive","207RE0101X","ENDOCRINOLOGY, DIABETES & METABOLISM PHYSICIAN","1"
"NEA-BC","Nurse Executive Advanced","2084P0800X","PSYCHIATRY PHYSICIAN","1"
"NMD","Doctor of Naturopathic Medicine","204C00000X","SPORTS MEDICINE (NEUROMUSCULOSKELETAL MEDICINE) PHYSICIAN","1"
"NMD","Doctor of Naturopathic Medicine","204D00000X","NEUROMUSCULOSKELETAL MEDICINE & OMM PHYSICIAN","1"
"NMD","Doctor of Naturopathic Medicine","207KA0200X","ALLERGY PHYSICIAN","1"
"NMD","Doctor of Naturopathic Medicine","207QG0300X","GERIATRIC MEDICINE (FAMILY MEDICINE) PHYSICIAN","1"
"NMD","Doctor of Naturopathic Medicine","207R00000X","INTERNAL MEDICINE PHYSICIAN","1"
"NMD","Doctor of Naturopathic Medicine","207RA0401X","ADDICTION MEDICINE (INTERNAL MEDICINE) PHYSICIAN","1"
"NMD","Doctor of Naturopathic Medicine","207RC0000X","CARDIOVASCULAR DISEASE PHYSICIAN","1"
"NMD","Doctor of Naturopathic Medicine","207RE0101X","ENDOCRINOLOGY, DIABETES & METABOLISM PHYSICIAN","1"
"NMD","Doctor of Naturopathic Medicine","207VC0200X","CRITICAL CARE MEDICINE (OBSTETRICS & GYNECOLOGY) PHYSICIAN","1"
"NMD","Doctor of Naturopathic Medicine","2081P2900X","PAIN MEDICINE (PHYSICAL MEDICINE & REHABILITATION) PHYSICIAN","1"
"NMD","Doctor of Naturopathic Medicine","2083B0002X","OBESITY MEDICINE (PREVENTIVE MEDICINE) PHYSICIAN","1"
"NMD","Doctor of Naturopathic Medicine","2083X0100X","OCCUPATIONAL MEDICINE PHYSICIAN","1"
"NMD","Doctor of Naturopathic Medicine","2084N0008X","NEUROMUSCULAR MEDICINE (PSYCHIATRY & NEUROLOGY) PHYSICIAN","1"
"NNP","Neonatal Nurse Practitioner","207L00000X","ANESTHESIOLOGY PHYSICIAN","1"
"NNP","Neonatal Nurse Practitioner","208M00000X","HOSPITALIST PHYSICIAN","1"
"NNP-BC","Neonatal Nurse Practitioner Board Certified","207L00000X","ANESTHESIOLOGY PHYSICIAN","1"
"NNP-BC","Neonatal Nurse Practitioner Board Certified","207RH0002X","HOSPICE AND PALLIATIVE MEDICINE (INTERNAL MEDICINE) PHYSICIAN","1"
"NNP-BC","Neonatal Nurse Practitioner Board Certified","2085R0202X","DIAGNOSTIC RADIOLOGY PHYSICIAN","1"
"NP","Nurse Practitioner","204D00000X","NEUROMUSCULOSKELETAL MEDICINE & OMM PHYSICIAN","1"
"NP","Nurse Practitioner","207KI0005X","CLINICAL & LABORATORY IMMUNOLOGY (ALLERGY & IMMUNOLOGY) PHYSICIAN","1"
"NP","Nurse Practitioner","207LA0401X","ADDICTION MEDICINE (ANESTHESIOLOGY) PHYSICIAN","1"
"NP","Nurse Practitioner","207NI0002X","CLINICAL & LABORATORY DERMATOLOGICAL IMMUNOLOGY PHYSICIAN","1"
"NP","Nurse Practitioner","207RA0002X","ADULT CONGENITAL HEART DISEASE PHYSICIAN","1"
"NP","Nurse Practitioner","207RH0005X","HYPERTENSION SPECIALIST PHYSICIAN","1"
"NP","Nurse Practitioner","207UN0901X","NUCLEAR CARDIOLOGY PHYSICIAN","1"
"NP","Nurse Practitioner","207UN0902X","NUCLEAR IMAGING & THERAPY PHYSICIAN","1"
"NP","Nurse Practitioner","207VC0200X","CRITICAL CARE MEDICINE (OBSTETRICS & GYNECOLOGY) PHYSICIAN","1"
"NP","Nurse Practitioner","207WX0200X","OPHTHALMIC PLASTIC AND RECONSTRUCTIVE SURGERY PHYSICIAN","1"
"NP","Nurse Practitioner","207XS0114X","ADULT RECONSTRUCTIVE ORTHOPAEDIC SURGERY PHYSICIAN","1"
"NP","Nurse Practitioner","207XX0004X","ORTHOPAEDIC FOOT AND ANKLE SURGERY PHYSICIAN","1"
"NP","Nurse Practitioner","207YS0012X","SLEEP MEDICINE (OTOLARYNGOLOGY) PHYSICIAN","1"
"NP","Nurse Practitioner","207YX0602X","OTOLARYNGIC ALLERGY PHYSICIAN","1"
"NP","Nurse Practitioner","207YX0901X","OTOLOGY & NEUROTOLOGY PHYSICIAN","1"
"NP","Nurse Practitioner","207YX0905X","OTOLARYNGOLOGY/FACIAL PLASTIC SURGERY PHYSICIAN","1"
"NP","Nurse Practitioner","2080H0002X","PEDIATRIC HOSPICE AND PALLIATIVE MEDICINE PHYSICIAN","1"
"NP","Nurse Practitioner","2080I0007X","PEDIATRIC CLINICAL & LABORATORY IMMUNOLOGY PHYSICIAN","1"
"NP","Nurse Practitioner","2080T0002X","PEDIATRIC MEDICAL TOXICOLOGY PHYSICIAN","1"
"NP","Nurse Practitioner","2081N0008X","NEUROMUSCULAR MEDICINE (PHYSICAL MEDICINE & REHABILITATION) PHYSICIAN","1"
"NP","Nurse Practitioner","2081P0301X","BRAIN INJURY MEDICINE (PHYSICAL MEDICINE & REHABILITATION) PHYSICIAN","1"
"NP","Nurse Practitioner","2082S0105X","SURGERY OF THE HAND (PLASTIC SURGERY) PHYSICIAN","1"
"NP","Nurse Practitioner","2084N0008X","NEUROMUSCULAR MEDICINE (PSYCHIATRY & NEUROLOGY) PHYSICIAN","1"
"NP","Nurse Practitioner","2084P2900X","PAIN MEDICINE (PSYCHIATRY & NEUROLOGY) PHYSICIAN","1"
"NP","Nurse Practitioner","2084V0102X","VASCULAR NEUROLOGY PHYSICIAN","1"
"NP","Nurse Practitioner","2085R0205X","RADIOLOGICAL PHYSICS PHYSICIAN","1"
"NP","Nurse Practitioner","2086S0105X","SURGERY OF THE HAND (SURGERY) PHYSICIAN","1"
"NP","Nurse Practitioner","208U00000X","CLINICAL PHARMACOLOGY PHYSICIAN","1"
"NP-C","Nurse Practitioner Certified","204F00000X","TRANSPLANT SURGERY PHYSICIAN","1"
"NP-C","Nurse Practitioner Certified","207LH0002X","HOSPICE AND PALLIATIVE MEDICINE (ANESTHESIOLOGY) PHYSICIAN","1"
"NP-C","Nurse Practitioner Certified","207LP2900X","PAIN MEDICINE (ANESTHESIOLOGY) PHYSICIAN","1"
"NP-C","Nurse Practitioner Certified","207NP0225X","PEDIATRIC DERMATOLOGY PHYSICIAN","1"
"NP-C","Nurse Practitioner Certified","207QB0002X","OBESITY MEDICINE (FAMILY MEDICINE) PHYSICIAN","1"
"NP-C","Nurse Practitioner Certified","207QS0010X","SPORTS MEDICINE (FAMILY MEDICINE) PHYSICIAN","1"
"NP-C","Nurse Practitioner Certified","207RA0001X","ADVANCED HEART FAILURE AND TRANSPLANT CARDIOLOGY PHYSICIAN","1"
"NP-C","Nurse Practitioner Certified","207RC0200X","CRITICAL CARE MEDICINE (INTERNAL MEDICINE) PHYSICIAN","1"
"NP-C","Nurse Practitioner Certified","207RH0000X","HEMATOLOGY (INTERNAL MEDICINE) PHYSICIAN","1"
"NP-C","Nurse Practitioner Certified","207RT0003X","TRANSPLANT HEPATOLOGY PHYSICIAN","1"
"NP-C","Nurse Practitioner Certified","207VG0400X","GYNECOLOGY PHYSICIAN","1"
"NP-C","Nurse Practitioner Certified","207VH0002X","HOSPICE AND PALLIATIVE MEDICINE (OBSTETRICS & GYNECOLOGY) PHYSICIAN","1"
"NP-C","Nurse Practitioner Certified","207W00000X","OPHTHALMOLOGY PHYSICIAN","1"
"NP-C","Nurse Practitioner Certified","207XS0106X","ORTHOPAEDIC HAND SURGERY PHYSICIAN","1"
"NP-C","Nurse Practitioner Certified","207XS0117X","ORTHOPAEDIC SURGERY OF THE SPINE PHYSICIAN","1"
"NP-C","Nurse Practitioner Certified","207YP0228X","PEDIATRIC OTOLARYNGOLOGY PHYSICIAN","1"
"NP-C","Nurse Practitioner Certified","2080A0000X","PEDIATRIC ADOLESCENT MEDICINE PHYSICIAN","1"
"NP-C","Nurse Practitioner Certified","2080P0202X","PEDIATRIC CARDIOLOGY PHYSICIAN","1"
"NP-C","Nurse Practitioner Certified","2080P0204X","PEDIATRIC EMERGENCY MEDICINE (PEDIATRICS) PHYSICIAN","1"
"NP-C","Nurse Practitioner Certified","2080P0208X","PEDIATRIC INFECTIOUS DISEASES PHYSICIAN","1"
"NP-C","Nurse Practitioner Certified","2080P0210X","PEDIATRIC NEPHROLOGY PHYSICIAN","1"
"NP-C","Nurse Practitioner Certified","2081P2900X","PAIN MEDICINE (PHYSICAL MEDICINE & REHABILITATION) PHYSICIAN","1"
"NP-C","Nurse Practitioner Certified","2081S0010X","SPORTS MEDICINE (PHYSICAL MEDICINE & REHABILITATION) PHYSICIAN","1"
"NP-C","Nurse Practitioner Certified","208200000X","PLASTIC SURGERY PHYSICIAN","1"
"NP-C","Nurse Practitioner Certified","2083A0300X","ADDICTION MEDICINE (PREVENTIVE MEDICINE) PHYSICIAN","1"
"NP-C","Nurse Practitioner Certified","2084E0001X","EPILEPSY PHYSICIAN","1"
"NP-C","Nurse Practitioner Certified","2085R0204X","VASCULAR & INTERVENTIONAL RADIOLOGY PHYSICIAN","1"
"NP-C","Nurse Practitioner Certified","2086S0127X","TRAUMA SURGERY PHYSICIAN","1"
"NP-C","Nurse Practitioner Certified","2088F0040X","UROGYNECOLOGY AND RECONSTRUCTIVE PELVIC SURGERY (UROLOGY) PHYSICIAN","1"
"NPC","Nurse Practitioner Certified","207LP2900X","PAIN MEDICINE (ANESTHESIOLOGY) PHYSICIAN","1"
"NPC","Nurse Practitioner Certified","207NS0135X","PROCEDURAL DERMATOLOGY PHYSICIAN","1"
"NPC","Nurse Practitioner Certified","207QG0300X","GERIATRIC MEDICINE (FAMILY MEDICINE) PHYSICIAN","1"
"NPC","Nurse Practitioner Certified","207RN0300X","NEPHROLOGY PHYSICIAN","1"
"NPC","Nurse Practitioner Certified","207RP1001X","PULMONARY DISEASE PHYSICIAN","1"
"NPC","Nurse Practitioner Certified","2080P0202X","PEDIATRIC CARDIOLOGY PHYSICIAN","1"
"NPC","Nurse Practitioner Certified","2083P0901X","PUBLIC HEALTH & GENERAL PREVENTIVE MEDICINE PHYSICIAN","1"
"NPC","Nurse Practitioner Certified","2084P0800X","PSYCHIATRY PHYSICIAN","1"
"NPC","Nurse Practitioner Certified","208600000X","SURGERY PHYSICIAN","1"
"NPC","Nurse Practitioner Certified","208VP0000X","PAIN MEDICINE PHYSICIAN","1"
"NURSE","Nurse","204F00000X","TRANSPLANT SURGERY PHYSICIAN","1"
"NURSE","Nurse","207L00000X","ANESTHESIOLOGY PHYSICIAN","1"
"NURSE","Nurse","207P00000X","EMERGENCY MEDICINE PHYSICIAN","1"
"NURSE","Nurse","207PT0002X","MEDICAL TOXICOLOGY (EMERGENCY MEDICINE) PHYSICIAN","1"
"NURSE","Nurse","207QH0002X","HOSPICE AND PALLIATIVE MEDICINE (FAMILY MEDICINE) PHYSICIAN","1"
"NURSE","Nurse","207RA0401X","ADDICTION MEDICINE (INTERNAL MEDICINE) PHYSICIAN","1"
"NURSE","Nurse","207RG0300X","GERIATRIC MEDICINE (INTERNAL MEDICINE) PHYSICIAN","1"
"NURSE","Nurse","207RH0002X","HOSPICE AND PALLIATIVE MEDICINE (INTERNAL MEDICINE) PHYSICIAN","1"
"NURSE","Nurse","207RH0003X","HEMATOLOGY & ONCOLOGY PHYSICIAN","1"
"NURSE","Nurse","207RI0001X","CLINICAL & LABORATORY IMMUNOLOGY (INTERNAL MEDICINE) PHYSICIAN","1"
"NURSE","Nurse","207RI0011X","INTERVENTIONAL CARDIOLOGY PHYSICIAN","1"
"NURSE","Nurse","207RI0200X","INFECTIOUS DISEASE PHYSICIAN","1"
"NURSE","Nurse","207RN0300X","NEPHROLOGY PHYSICIAN","1"
"NURSE","Nurse","207RP1001X","PULMONARY DISEASE PHYSICIAN","1"
"NURSE","Nurse","207VX0000X","OBSTETRICS PHYSICIAN","1"
"NURSE","Nurse","2080N0001X","NEONATAL-PERINATAL MEDICINE PHYSICIAN","1"
"NURSE","Nurse","2080P0203X","PEDIATRIC CRITICAL CARE MEDICINE PHYSICIAN","1"
"NURSE","Nurse","2080P0204X","PEDIATRIC EMERGENCY MEDICINE (PEDIATRICS) PHYSICIAN","1"
"NURSE","Nurse","2081H0002X","HOSPICE AND PALLIATIVE MEDICINE (PHYSICAL MEDICINE & REHABILITATION) PHYSICIAN","1"
"NURSE","Nurse","2083P0500X","PREVENTIVE MEDICINE/OCCUPATIONAL ENVIRONMENTAL MEDICINE PHYSICIAN","1"
"NURSE","Nurse","2083P0901X","PUBLIC HEALTH & GENERAL PREVENTIVE MEDICINE PHYSICIAN","1"
"NURSE","Nurse","2084A0401X","ADDICTION MEDICINE (PSYCHIATRY & NEUROLOGY) PHYSICIAN","1"
"NURSE","Nurse","2084P0802X","ADDICTION PSYCHIATRY PHYSICIAN","1"
"NURSE","Nurse","2085R0001X","RADIATION ONCOLOGY PHYSICIAN","1"
"NURSE","Nurse","208600000X","SURGERY PHYSICIAN","1"
"NURSE","Nurse","2086S0127X","TRAUMA SURGERY PHYSICIAN","1"
"NURSE","Nurse","208G00000X","THORACIC SURGERY (CARDIOTHORACIC VASCULAR SURGERY) PHYSICIAN","1"
"OCN","Oncology Certified Nurse","207Q00000X","FAMILY MEDICINE PHYSICIAN","1"
"OCN","Oncology Certified Nurse","207QH0002X","HOSPICE AND PALLIATIVE MEDICINE (FAMILY MEDICINE) PHYSICIAN","1"
"OCN","Oncology Certified Nurse","207RH0003X","HEMATOLOGY & ONCOLOGY PHYSICIAN","1"
"OCN","Oncology Certified Nurse","2084P0804X","CHILD & ADOLESCENT PSYCHIATRY PHYSICIAN","1"
"OD","Doctor of Optometry","207L00000X","ANESTHESIOLOGY PHYSICIAN","1"
"OD","Doctor of Optometry","207P00000X","EMERGENCY MEDICINE PHYSICIAN","1"
"OD","Doctor of Optometry","207RC0200X","CRITICAL CARE MEDICINE (INTERNAL MEDICINE) PHYSICIAN","1"
"OD","Doctor of Optometry","207RG0100X","GASTROENTEROLOGY PHYSICIAN","1"
"OD","Doctor of Optometry","207RP1001X","PULMONARY DISEASE PHYSICIAN","1"
"OD","Doctor of Optometry","207WX0108X","UVEITIS AND OCULAR INFLAMMATORY DISEASE (OPHTHALMOLOGY) PHYSICIAN","1"
"OD","Doctor of Optometry","207X00000X","ORTHOPAEDIC SURGERY PHYSICIAN","1"
"OD","Doctor of Optometry","208000000X","PEDIATRICS PHYSICIAN","1"
"OD","Doctor of Optometry","2084P0005X","NEURODEVELOPMENTAL DISABILITIES PHYSICIAN","1"
"OD","Doctor of Optometry","208600000X","SURGERY PHYSICIAN","1"
"OMD","Oriental Medicine Doctor","204C00000X","SPORTS MEDICINE (NEUROMUSCULOSKELETAL MEDICINE) PHYSICIAN","1"
"OMD","Oriental Medicine Doctor","207Q00000X","FAMILY MEDICINE PHYSICIAN","1"
"OMD","Oriental Medicine Doctor","2081S0010X","SPORTS MEDICINE (PHYSICAL MEDICINE & REHABILITATION) PHYSICIAN","1"
"OMS","Ostomy Management Specialist","204E00000X","ORAL & MAXILLOFACIAL SURGERY (D.M.D.)","1"
"OPTICIAN","Licensed Optician","207W00000X","OPHTHALMOLOGY PHYSICIAN","1"
"OT","Occupational Therapist","207RC0000X","CARDIOVASCULAR DISEASE PHYSICIAN","1"
"OT","Occupational Therapist","207RC0001X","CLINICAL CARDIAC ELECTROPHYSIOLOGY PHYSICIAN","1"
"OT","Occupational Therapist","207RG0300X","GERIATRIC MEDICINE (INTERNAL MEDICINE) PHYSICIAN","1"
"OT","Occupational Therapist","2081N0008X","NEUROMUSCULAR MEDICINE (PHYSICAL MEDICINE & REHABILITATION) PHYSICIAN","1"
"OT","Occupational Therapist","2085R0202X","DIAGNOSTIC RADIOLOGY PHYSICIAN","1"
"OT/L","Occupational Therapist Licensed","2083X0100X","OCCUPATIONAL MEDICINE PHYSICIAN","1"
"OTA","Occupational Therapy Assistant","207X00000X","ORTHOPAEDIC SURGERY PHYSICIAN","1"
"OTA","Occupational Therapy Assistant","208000000X","PEDIATRICS PHYSICIAN","1"
"OTA","Occupational Therapy Assistant","2081N0008X","NEUROMUSCULAR MEDICINE (PHYSICAL MEDICINE & REHABILITATION) PHYSICIAN","1"
"OTA","Occupational Therapy Assistant","2081P0010X","PEDIATRIC REHABILITATION MEDICINE PHYSICIAN","1"
"OTA","Occupational Therapy Assistant","2081S0010X","SPORTS MEDICINE (PHYSICAL MEDICINE & REHABILITATION) PHYSICIAN","1"
"OTA","Occupational Therapy Assistant","2083X0100X","OCCUPATIONAL MEDICINE PHYSICIAN","1"
"OTD","Doctor of Occupational Therapy","2080P0008X","PEDIATRIC NEURODEVELOPMENTAL DISABILITIES PHYSICIAN","1"
"OTD","Doctor of Occupational Therapy","2081P0010X","PEDIATRIC REHABILITATION MEDICINE PHYSICIAN","1"
"OTD","Doctor of Occupational Therapy","2084N0402X","NEUROLOGY WITH SPECIAL QUALIFICATIONS IN CHILD NEUROLOGY PHYSICIAN","1"
"OTR","Occupational Therapist Registered","207QA0000X","ADOLESCENT MEDICINE (FAMILY MEDICINE) PHYSICIAN","1"
"OTR","Occupational Therapist Registered","207RC0000X","CARDIOVASCULAR DISEASE PHYSICIAN","1"
"OTR","Occupational Therapist Registered","207RC0001X","CLINICAL CARDIAC ELECTROPHYSIOLOGY PHYSICIAN","1"
"OTR","Occupational Therapist Registered","207X00000X","ORTHOPAEDIC SURGERY PHYSICIAN","1"
"OTR","Occupational Therapist Registered","2083P0901X","PUBLIC HEALTH & GENERAL PREVENTIVE MEDICINE PHYSICIAN","1"
"OTR","Occupational Therapist Registered","2084N0402X","NEUROLOGY WITH SPECIAL QUALIFICATIONS IN CHILD NEUROLOGY PHYSICIAN","1"
"OTR","Occupational Therapist Registered","2084P0800X","PSYCHIATRY PHYSICIAN","1"
"OTR","Occupational Therapist Registered","208VP0014X","INTERVENTIONAL PAIN MEDICINE PHYSICIAN","1"
"OTR/L","Occupational Therapist Registered/Licensed","204C00000X","SPORTS MEDICINE (NEUROMUSCULOSKELETAL MEDICINE) PHYSICIAN","1"
"OTR/L","Occupational Therapist Registered/Licensed","207QA0000X","ADOLESCENT MEDICINE (FAMILY MEDICINE) PHYSICIAN","1"
"OTR/L","Occupational Therapist Registered/Licensed","207RC0000X","CARDIOVASCULAR DISEASE PHYSICIAN","1"
"OTR/L","Occupational Therapist Registered/Licensed","207RC0001X","CLINICAL CARDIAC ELECTROPHYSIOLOGY PHYSICIAN","1"
"OTR/L","Occupational Therapist Registered/Licensed","207X00000X","ORTHOPAEDIC SURGERY PHYSICIAN","1"
"OTR/L","Occupational Therapist Registered/Licensed","2083P0500X","PREVENTIVE MEDICINE/OCCUPATIONAL ENVIRONMENTAL MEDICINE PHYSICIAN","1"
"OTR/L","Occupational Therapist Registered/Licensed","2083P0901X","PUBLIC HEALTH & GENERAL PREVENTIVE MEDICINE PHYSICIAN","1"
"OTR/L","Occupational Therapist Registered/Licensed","2084P0800X","PSYCHIATRY PHYSICIAN","1"
"OTR/L","Occupational Therapist Registered/Licensed","208M00000X","HOSPITALIST PHYSICIAN","1"
"OTRL","Occupational Therapist Registered Licensed","207R00000X","INTERNAL MEDICINE PHYSICIAN","1"
"OTRL","Occupational Therapist Registered Licensed","2081P0010X","PEDIATRIC REHABILITATION MEDICINE PHYSICIAN","1"
"OTRL","Occupational Therapist Registered Licensed","2084N0402X","NEUROLOGY WITH SPECIAL QUALIFICATIONS IN CHILD NEUROLOGY PHYSICIAN","1"
"PA","Physician Assistant","207LP3000X","PEDIATRIC ANESTHESIOLOGY PHYSICIAN","1"
"PA","Physician Assistant","207ND0900X","DERMATOPATHOLOGY PHYSICIAN","1"
"PA","Physician Assistant","207RA0002X","ADULT CONGENITAL HEART DISEASE PHYSICIAN","1"
"PA","Physician Assistant","207RB0002X","OBESITY MEDICINE (INTERNAL MEDICINE) PHYSICIAN","1"
"PA","Physician Assistant","207SG0201X","CLINICAL GENETICS (M.D.) PHYSICIAN","1"
"PA","Physician Assistant","207U00000X","NUCLEAR MEDICINE PHYSICIAN","1"
"PA","Physician Assistant","207UN0901X","NUCLEAR CARDIOLOGY PHYSICIAN","1"
"PA","Physician Assistant","207VC0200X","CRITICAL CARE MEDICINE (OBSTETRICS & GYNECOLOGY) PHYSICIAN","1"
"PA","Physician Assistant","207VC0300X","COMPLEX FAMILY PLANNING PHYSICIAN","1"
"PA","Physician Assistant","207YS0123X","FACIAL PLASTIC SURGERY PHYSICIAN","1"
"PA","Physician Assistant","207YX0901X","OTOLOGY & NEUROTOLOGY PHYSICIAN","1"
"PA","Physician Assistant","207ZB0001X","BLOOD BANKING & TRANSFUSION MEDICINE PHYSICIAN","1"
"PA","Physician Assistant","207ZC0006X","CLINICAL PATHOLOGY PHYSICIAN","1"
"PA","Physician Assistant","207ZN0500X","NEUROPATHOLOGY PHYSICIAN","1"
"PA","Physician Assistant","207ZP0105X","CLINICAL PATHOLOGY/LABORATORY MEDICINE PHYSICIAN","1"
"PA","Physician Assistant","2080C0008X","CHILD ABUSE PEDIATRICS PHYSICIAN","1"
"PA","Physician Assistant","2080S0012X","PEDIATRIC SLEEP MEDICINE PHYSICIAN","1"
"PA","Physician Assistant","2080T0004X","PEDIATRIC TRANSPLANT HEPATOLOGY PHYSICIAN","1"
"PA","Physician Assistant","2081N0008X","NEUROMUSCULAR MEDICINE (PHYSICAL MEDICINE & REHABILITATION) PHYSICIAN","1"
"PA","Physician Assistant","2081P0301X","BRAIN INJURY MEDICINE (PHYSICAL MEDICINE & REHABILITATION) PHYSICIAN","1"
"PA","Physician Assistant","2083A0100X","AEROSPACE MEDICINE PHYSICIAN","1"
"PA","Physician Assistant","2084N0008X","NEUROMUSCULAR MEDICINE (PSYCHIATRY & NEUROLOGY) PHYSICIAN","1"
"PA","Physician Assistant","2084P0015X","PSYCHOSOMATIC MEDICINE PHYSICIAN","1"
"PA","Physician Assistant","2084P2900X","PAIN MEDICINE (PSYCHIATRY & NEUROLOGY) PHYSICIAN","1"
"PA","Physician Assistant","2085D0003X","DIAGNOSTIC NEUROIMAGING (RADIOLOGY) PHYSICIAN","1"
"PA","Physician Assistant","2085N0700X","NEURORADIOLOGY PHYSICIAN","1"
"PA","Physician Assistant","2085R0203X","THERAPEUTIC RADIOLOGY PHYSICIAN","1"
"PA","Physician Assistant","2086H0002X","HOSPICE AND PALLIATIVE MEDICINE (SURGERY) PHYSICIAN","1"
"PA-C","Physician Assistant Certified","204E00000X","ORAL & MAXILLOFACIAL SURGERY (D.M.D.)","1"
"PA-C","Physician Assistant Certified","207ND0101X","MOHS-MICROGRAPHIC SURGERY PHYSICIAN","1"
"PA-C","Physician Assistant Certified","207ND0900X","DERMATOPATHOLOGY PHYSICIAN","1"
"PA-C","Physician Assistant Certified","207PE0005X","UNDERSEA AND HYPERBARIC MEDICINE (EMERGENCY MEDICINE) PHYSICIAN","1"
"PA-C","Physician Assistant Certified","207PT0002X","MEDICAL TOXICOLOGY (EMERGENCY MEDICINE) PHYSICIAN","1"
"PA-C","Physician Assistant Certified","207RA0002X","ADULT CONGENITAL HEART DISEASE PHYSICIAN","1"
"PA-C","Physician Assistant Certified","207RB0002X","OBESITY MEDICINE (INTERNAL MEDICINE) PHYSICIAN","1"
"PA-C","Physician Assistant Certified","207SG0201X","CLINICAL GENETICS (M.D.) PHYSICIAN","1"
"PA-C","Physician Assistant Certified","207VC0300X","COMPLEX FAMILY PLANNING PHYSICIAN","1"
"PA-C","Physician Assistant Certified","207ZB0001X","BLOOD BANKING & TRANSFUSION MEDICINE PHYSICIAN","1"
"PA-C","Physician Assistant Certified","2080B0002X","PEDIATRIC OBESITY MEDICINE PHYSICIAN","1"
"PA-C","Physician Assistant Certified","2080P0208X","PEDIATRIC INFECTIOUS DISEASES PHYSICIAN","1"
"PA-C","Physician Assistant Certified","2080T0004X","PEDIATRIC TRANSPLANT HEPATOLOGY PHYSICIAN","1"
"PA-C","Physician Assistant Certified","2081P0010X","PEDIATRIC REHABILITATION MEDICINE PHYSICIAN","1"
"PA-C","Physician Assistant Certified","2081P0301X","BRAIN INJURY MEDICINE (PHYSICAL MEDICINE & REHABILITATION) PHYSICIAN","1"
"PA-C","Physician Assistant Certified","2083A0100X","AEROSPACE MEDICINE PHYSICIAN","1"
"PA-C","Physician Assistant Certified","2084N0008X","NEUROMUSCULAR MEDICINE (PSYCHIATRY & NEUROLOGY) PHYSICIAN","1"
"PA-C","Physician Assistant Certified","2084P0301X","BRAIN INJURY MEDICINE (PSYCHIATRY & NEUROLOGY) PHYSICIAN","1"
"PA-C","Physician Assistant Certified","2085D0003X","DIAGNOSTIC NEUROIMAGING (RADIOLOGY) PHYSICIAN","1"
"PA-C","Physician Assistant Certified","2085N0700X","NEURORADIOLOGY PHYSICIAN","1"
"PA-C","Physician Assistant Certified","2085N0904X","NUCLEAR RADIOLOGY PHYSICIAN","1"
"PA-C","Physician Assistant Certified","2085R0203X","THERAPEUTIC RADIOLOGY PHYSICIAN","1"
"PA-C","Physician Assistant Certified","2086H0002X","HOSPICE AND PALLIATIVE MEDICINE (SURGERY) PHYSICIAN","1"
"PA-C","Physician Assistant Certified","2086S0105X","SURGERY OF THE HAND (SURGERY) PHYSICIAN","1"
"PA-C","Physician Assistant Certified","2088P0231X","PEDIATRIC UROLOGY PHYSICIAN","1"
"PA-S","Physician Assistant Student","204F00000X","TRANSPLANT SURGERY PHYSICIAN","1"
"PA-S","Physician Assistant Student","207N00000X","DERMATOLOGY PHYSICIAN","1"
"PA-S","Physician Assistant Student","207PE0004X","EMERGENCY MEDICAL SERVICES (EMERGENCY MEDICINE) PHYSICIAN","1"
"PA-S","Physician Assistant Student","207R00000X","INTERNAL MEDICINE PHYSICIAN","1"
"PA-S","Physician Assistant Student","207RC0000X","CARDIOVASCULAR DISEASE PHYSICIAN","1"
"PA-S","Physician Assistant Student","207RI0011X","INTERVENTIONAL CARDIOLOGY PHYSICIAN","1"
"PA-S","Physician Assistant Student","207RN0300X","NEPHROLOGY PHYSICIAN","1"
"PA-S","Physician Assistant Student","207RP1001X","PULMONARY DISEASE PHYSICIAN","1"
"PA-S","Physician Assistant Student","207RR0500X","RHEUMATOLOGY PHYSICIAN","1"
"PA-S","Physician Assistant Student","207Y00000X","OTOLARYNGOLOGY PHYSICIAN","1"
"PA-S","Physician Assistant Student","208100000X","PHYSICAL MEDICINE & REHABILITATION PHYSICIAN","1"
"PA-S","Physician Assistant Student","2084V0102X","VASCULAR NEUROLOGY PHYSICIAN","1"
"PA-S","Physician Assistant Student","208600000X","SURGERY PHYSICIAN","1"
"PA-S","Physician Assistant Student","2086S0127X","TRAUMA SURGERY PHYSICIAN","1"
"PA-S","Physician Assistant Student","2086X0206X","SURGICAL ONCOLOGY PHYSICIAN","1"
"PA-S","Physician Assistant Student","208VP0000X","PAIN MEDICINE PHYSICIAN","1"
"PAC","Physician Assistant Certified","202D00000X","INTEGRATIVE MEDICINE PHYSICIAN","1"
"PAC","Physician Assistant Certified","204C00000X","SPORTS MEDICINE (NEUROMUSCULOSKELETAL MEDICINE) PHYSICIAN","1"
"PAC","Physician Assistant Certified","207LP2900X","PAIN MEDICINE (ANESTHESIOLOGY) PHYSICIAN","1"
"PAC","Physician Assistant Certified","207NP0225X","PEDIATRIC DERMATOLOGY PHYSICIAN","1"
"PAC","Physician Assistant Certified","207PS0010X","SPORTS MEDICINE (EMERGENCY MEDICINE) PHYSICIAN","1"
"PAC","Physician Assistant Certified","207QA0000X","ADOLESCENT MEDICINE (FAMILY MEDICINE) PHYSICIAN","1"
"PAC","Physician Assistant Certified","207QH0002X","HOSPICE AND PALLIATIVE MEDICINE (FAMILY MEDICINE) PHYSICIAN","1"
"PAC","Physician Assistant Certified","207RA0000X","ADOLESCENT MEDICINE (INTERNAL MEDICINE) PHYSICIAN","1"
"PAC","Physician Assistant Certified","207RG0300X","GERIATRIC MEDICINE (INTERNAL MEDICINE) PHYSICIAN","1"
"PAC","Physician Assistant Certified","207RH0000X","HEMATOLOGY (INTERNAL MEDICINE) PHYSICIAN","1"
"PAC","Physician Assistant Certified","207RS0010X","SPORTS MEDICINE (INTERNAL MEDICINE) PHYSICIAN","1"
"PAC","Physician Assistant Certified","207XS0106X","ORTHOPAEDIC HAND SURGERY PHYSICIAN","1"
"PAC","Physician Assistant Certified","207XS0114X","ADULT RECONSTRUCTIVE ORTHOPAEDIC SURGERY PHYSICIAN","1"
"PAC","Physician Assistant Certified","2080A0000X","PEDIATRIC ADOLESCENT MEDICINE PHYSICIAN","1"
"PAC","Physician Assistant Certified","2080C0008X","CHILD ABUSE PEDIATRICS PHYSICIAN","1"
"PAC","Physician Assistant Certified","2080P0202X","PEDIATRIC CARDIOLOGY PHYSICIAN","1"
"PAC","Physician Assistant Certified","2080P0203X","PEDIATRIC CRITICAL CARE MEDICINE PHYSICIAN","1"
"PAC","Physician Assistant Certified","2080P0204X","PEDIATRIC EMERGENCY MEDICINE (PEDIATRICS) PHYSICIAN","1"
"PAC","Physician Assistant Certified","2080P0205X","PEDIATRIC ENDOCRINOLOGY PHYSICIAN","1"
"PAC","Physician Assistant Certified","2081P0004X","SPINAL CORD INJURY MEDICINE PHYSICIAN","1"
"PAC","Physician Assistant Certified","2081P0010X","PEDIATRIC REHABILITATION MEDICINE PHYSICIAN","1"
"PAC","Physician Assistant Certified","208200000X","PLASTIC SURGERY PHYSICIAN","1"
"PAC","Physician Assistant Certified","2084B0040X","BEHAVIORAL NEUROLOGY & NEUROPSYCHIATRY PHYSICIAN","1"
"PAC","Physician Assistant Certified","2084P0301X","BRAIN INJURY MEDICINE (PSYCHIATRY & NEUROLOGY) PHYSICIAN","1"
"PAC","Physician Assistant Certified","2084P0804X","CHILD & ADOLESCENT PSYCHIATRY PHYSICIAN","1"
"PAC","Physician Assistant Certified","2084V0102X","VASCULAR NEUROLOGY PHYSICIAN","1"
"PAC","Physician Assistant Certified","2086S0120X","PEDIATRIC SURGERY PHYSICIAN","1"
"PAC","Physician Assistant Certified","2086S0129X","VASCULAR SURGERY PHYSICIAN","1"
"PAC","Physician Assistant Certified","208VP0014X","INTERVENTIONAL PAIN MEDICINE PHYSICIAN","1"
"PC","Pharmacist Clinician","204E00000X","ORAL & MAXILLOFACIAL SURGERY (D.M.D.)","1"
"PC","Pharmacist Clinician","207R00000X","INTERNAL MEDICINE PHYSICIAN","1"
"PC","Pharmacist Clinician","207W00000X","OPHTHALMOLOGY PHYSICIAN","1"
"PC","Pharmacist Clinician","2080P0006X","DEVELOPMENTAL - BEHAVIORAL PEDIATRICS PHYSICIAN","1"
"PC","Pharmacist Clinician","2080P0202X","PEDIATRIC CARDIOLOGY PHYSICIAN","1"
"PC","Pharmacist Clinician","2080P0204X","PEDIATRIC EMERGENCY MEDICINE (PEDIATRICS) PHYSICIAN","1"
"PC","Pharmacist Clinician","2080P0206X","PEDIATRIC GASTROENTEROLOGY PHYSICIAN","1"
"PC","Pharmacist Clinician","2084P0800X","PSYCHIATRY PHYSICIAN","1"
"PCCN","Progressive Care Certified Nurse (Adult)","207RC0000X","CARDIOVASCULAR DISEASE PHYSICIAN","1"
"PCNS-BC","Pediatric Clinical Nurse Specialist","208000000X","PEDIATRICS PHYSICIAN","1"
"PHD","Doctor of Philosophy","204D00000X","NEUROMUSCULOSKELETAL MEDICINE & OMM PHYSICIAN","1"
"PHD","Doctor of Philosophy","207LA0401X","ADDICTION MEDICINE (ANESTHESIOLOGY) PHYSICIAN","1"
"PHD","Doctor of Philosophy","207N00000X","DERMATOLOGY PHYSICIAN","1"
"PHD","Doctor of Philosophy","207PE0004X","EMERGENCY MEDICAL SERVICES (EMERGENCY MEDICINE) PHYSICIAN","1"
"PHD","Doctor of Philosophy","207PT0002X","MEDICAL TOXICOLOGY (EMERGENCY MEDICINE) PHYSICIAN","1"
"PHD","Doctor of Philosophy","207QA0505X","ADULT MEDICINE PHYSICIAN","1"
"PHD","Doctor of Philosophy","207QB0002X","OBESITY MEDICINE (FAMILY MEDICINE) PHYSICIAN","1"
"PHD","Doctor of Philosophy","207RH0002X","HOSPICE AND PALLIATIVE MEDICINE (INTERNAL MEDICINE) PHYSICIAN","1"
"PHD","Doctor of Philosophy","207RH0003X","HEMATOLOGY & ONCOLOGY PHYSICIAN","1"
"PHD","Doctor of Philosophy","207RN0300X","NEPHROLOGY PHYSICIAN","1"
"PHD","Doctor of Philosophy","207RX0202X","MEDICAL ONCOLOGY PHYSICIAN","1"
"PHD","Doctor of Philosophy","207VE0102X","REPRODUCTIVE ENDOCRINOLOGY PHYSICIAN","1"
"PHD","Doctor of Philosophy","207W00000X","OPHTHALMOLOGY PHYSICIAN","1"
"PHD","Doctor of Philosophy","207YX0905X","OTOLARYNGOLOGY/FACIAL PLASTIC SURGERY PHYSICIAN","1"
"PHD","Doctor of Philosophy","207ZH0000X","HEMATOLOGY (PATHOLOGY) PHYSICIAN","1"
"PHD","Doctor of Philosophy","207ZP0213X","PEDIATRIC PATHOLOGY PHYSICIAN","1"
"PHD","Doctor of Philosophy","2080A0000X","PEDIATRIC ADOLESCENT MEDICINE PHYSICIAN","1"
"PHD","Doctor of Philosophy","2080C0008X","CHILD ABUSE PEDIATRICS PHYSICIAN","1"
"PHD","Doctor of Philosophy","2080N0001X","NEONATAL-PERINATAL MEDICINE PHYSICIAN","1"
"PHD","Doctor of Philosophy","2080P0201X","PEDIATRIC ALLERGY/IMMUNOLOGY PHYSICIAN","1"
"PHD","Doctor of Philosophy","2080P0205X","PEDIATRIC ENDOCRINOLOGY PHYSICIAN","1"
"PHD","Doctor of Philosophy","2080P0207X","PEDIATRIC HEMATOLOGY & ONCOLOGY PHYSICIAN","1"
"PHD","Doctor of Philosophy","2080P0210X","PEDIATRIC NEPHROLOGY PHYSICIAN","1"
"PHD","Doctor of Philosophy","2080P0214X","PEDIATRIC PULMONOLOGY PHYSICIAN","1"
"PHD","Doctor of Philosophy","2081N0008X","NEUROMUSCULAR MEDICINE (PHYSICAL MEDICINE & REHABILITATION) PHYSICIAN","1"
"PHD","Doctor of Philosophy","2081P0010X","PEDIATRIC REHABILITATION MEDICINE PHYSICIAN","1"
"PHD","Doctor of Philosophy","208200000X","PLASTIC SURGERY PHYSICIAN","1"
"PHD","Doctor of Philosophy","2083P0011X","UNDERSEA AND HYPERBARIC MEDICINE (PREVENTIVE MEDICINE) PHYSICIAN","1"
"PHD","Doctor of Philosophy","2083P0500X","PREVENTIVE MEDICINE/OCCUPATIONAL ENVIRONMENTAL MEDICINE PHYSICIAN","1"
"PHD","Doctor of Philosophy","2083T0002X","MEDICAL TOXICOLOGY (PREVENTIVE MEDICINE) PHYSICIAN","1"
"PHD","Doctor of Philosophy","2084P0015X","PSYCHOSOMATIC MEDICINE PHYSICIAN","1"
"PHD","Doctor of Philosophy","2084S0010X","SPORTS MEDICINE (PSYCHIATRY & NEUROLOGY) PHYSICIAN","1"
"PHD","Doctor of Philosophy","2085N0700X","NEURORADIOLOGY PHYSICIAN","1"
"PHD","Doctor of Philosophy","2086S0129X","VASCULAR SURGERY PHYSICIAN","1"
"PHD","Doctor of Philosophy","208C00000X","COLON & RECTAL SURGERY PHYSICIAN","1"
"PHD","Doctor of Philosophy","208M00000X","HOSPITALIST PHYSICIAN","1"
"PHD","Doctor of Philosophy","208U00000X","CLINICAL PHARMACOLOGY PHYSICIAN","1"
"PMHCNS-BC","Psychiatric Mental Health Clinical Nurse Specialist","2084P0800X","PSYCHIATRY PHYSICIAN","1"
"PMHNP","Psychiatric Mental Health Nurse Practitioner","202D00000X","INTEGRATIVE MEDICINE PHYSICIAN","1"
"PMHNP","Psychiatric Mental Health Nurse Practitioner","207NS0135X","PROCEDURAL DERMATOLOGY PHYSICIAN","1"
"PMHNP","Psychiatric Mental Health Nurse Practitioner","207QA0505X","ADULT MEDICINE PHYSICIAN","1"
"PMHNP","Psychiatric Mental Health Nurse Practitioner","207QH0002X","HOSPICE AND PALLIATIVE MEDICINE (FAMILY MEDICINE) PHYSICIAN","1"
"PMHNP","Psychiatric Mental Health Nurse Practitioner","207RA0401X","ADDICTION MEDICINE (INTERNAL MEDICINE) PHYSICIAN","1"
"PMHNP","Psychiatric Mental Health Nurse Practitioner","207RC0200X","CRITICAL CARE MEDICINE (INTERNAL MEDICINE) PHYSICIAN","1"
"PMHNP","Psychiatric Mental Health Nurse Practitioner","207RH0002X","HOSPICE AND PALLIATIVE MEDICINE (INTERNAL MEDICINE) PHYSICIAN","1"
"PMHNP","Psychiatric Mental Health Nurse Practitioner","207U00000X","NUCLEAR MEDICINE PHYSICIAN","1"
"PMHNP","Psychiatric Mental Health Nurse Practitioner","207X00000X","ORTHOPAEDIC SURGERY PHYSICIAN","1"
"PMHNP","Psychiatric Mental Health Nurse Practitioner","2080P0006X","DEVELOPMENTAL - BEHAVIORAL PEDIATRICS PHYSICIAN","1"
"PMHNP","Psychiatric Mental Health Nurse Practitioner","2081H0002X","HOSPICE AND PALLIATIVE MEDICINE (PHYSICAL MEDICINE & REHABILITATION) PHYSICIAN","1"
"PMHNP","Psychiatric Mental Health Nurse Practitioner","2083B0002X","OBESITY MEDICINE (PREVENTIVE MEDICINE) PHYSICIAN","1"
"PMHNP","Psychiatric Mental Health Nurse Practitioner","2083T0002X","MEDICAL TOXICOLOGY (PREVENTIVE MEDICINE) PHYSICIAN","1"
"PMHNP","Psychiatric Mental Health Nurse Practitioner","2084P0005X","NEURODEVELOPMENTAL DISABILITIES PHYSICIAN","1"
"PMHNP","Psychiatric Mental Health Nurse Practitioner","2084P0015X","PSYCHOSOMATIC MEDICINE PHYSICIAN","1"
"PMHNP","Psychiatric Mental Health Nurse Practitioner","2084P2900X","PAIN MEDICINE (PSYCHIATRY & NEUROLOGY) PHYSICIAN","1"
"PMHNP","Psychiatric Mental Health Nurse Practitioner","2084S0012X","SLEEP MEDICINE (PSYCHIATRY & NEUROLOGY) PHYSICIAN","1"
"PMHNP","Psychiatric Mental Health Nurse Practitioner","208600000X","SURGERY PHYSICIAN","1"
"PMHNP","Psychiatric Mental Health Nurse Practitioner","208D00000X","GENERAL PRACTICE PHYSICIAN","1"
"PMHNP","Psychiatric Mental Health Nurse Practitioner","208VP0014X","INTERVENTIONAL PAIN MEDICINE PHYSICIAN","1"
"PMHNP-BC","Psychiatric Mental Health Nurse Practitioner Board Certified","207N00000X","DERMATOLOGY PHYSICIAN","1"
"PMHNP-BC","Psychiatric Mental Health Nurse Practitioner Board Certified","207QA0505X","ADULT MEDICINE PHYSICIAN","1"
"PMHNP-BC","Psychiatric Mental Health Nurse Practitioner Board Certified","207R00000X","INTERNAL MEDICINE PHYSICIAN","1"
"PMHNP-BC","Psychiatric Mental Health Nurse Practitioner Board Certified","207RH0002X","HOSPICE AND PALLIATIVE MEDICINE (INTERNAL MEDICINE) PHYSICIAN","1"
"PMHNP-BC","Psychiatric Mental Health Nurse Practitioner Board Certified","207V00000X","OBSTETRICS & GYNECOLOGY PHYSICIAN","1"
"PMHNP-BC","Psychiatric Mental Health Nurse Practitioner Board Certified","2083P0011X","UNDERSEA AND HYPERBARIC MEDICINE (PREVENTIVE MEDICINE) PHYSICIAN","1"
"PMHNP-BC","Psychiatric Mental Health Nurse Practitioner Board Certified","2084F0202X","FORENSIC PSYCHIATRY PHYSICIAN","1"
"PMHNP-BC","Psychiatric Mental Health Nurse Practitioner Board Certified","2084P0015X","PSYCHOSOMATIC MEDICINE PHYSICIAN","1"
"PMHNP-BC","Psychiatric Mental Health Nurse Practitioner Board Certified","208M00000X","HOSPITALIST PHYSICIAN","1"
"PMHNP-BC","Psychiatric Mental Health Nurse Practitioner Board Certified","208VP0014X","INTERVENTIONAL PAIN MEDICINE PHYSICIAN","1"
"PMHNP-C","Psychiatric Mental Health Nurse Practitioner","207Q00000X","FAMILY MEDICINE PHYSICIAN","1"
"PMHNP-C","Psychiatric Mental Health Nurse Practitioner","207QA0401X","ADDICTION MEDICINE (FAMILY MEDICINE) PHYSICIAN","1"
"PMHS","Pediatric Primary Care Mental Health Specialist","208000000X","PEDIATRICS PHYSICIAN","1"
"PMHS","Pediatric Primary Care Mental Health Specialist","2080P0008X","PEDIATRIC NEURODEVELOPMENTAL DISABILITIES PHYSICIAN","1"
"PNP","Pediatric Nurse Practitioner","207K00000X","ALLERGY & IMMUNOLOGY PHYSICIAN","1"
"PNP","Pediatric Nurse Practitioner","207N00000X","DERMATOLOGY PHYSICIAN","1"
"PNP","Pediatric Nurse Practitioner","207QA0000X","ADOLESCENT MEDICINE (FAMILY MEDICINE) PHYSICIAN","1"
"PNP","Pediatric Nurse Practitioner","207RC0200X","CRITICAL CARE MEDICINE (INTERNAL MEDICINE) PHYSICIAN","1"
"PNP","Pediatric Nurse Practitioner","207RP1001X","PULMONARY DISEASE PHYSICIAN","1"
"PNP","Pediatric Nurse Practitioner","207T00000X","NEUROLOGICAL SURGERY PHYSICIAN","1"
"PNP","Pediatric Nurse Practitioner","207XS0106X","ORTHOPAEDIC HAND SURGERY PHYSICIAN","1"
"PNP","Pediatric Nurse Practitioner","207Y00000X","OTOLARYNGOLOGY PHYSICIAN","1"
"PNP","Pediatric Nurse Practitioner","207YP0228X","PEDIATRIC OTOLARYNGOLOGY PHYSICIAN","1"
"PNP","Pediatric Nurse Practitioner","2080H0002X","PEDIATRIC HOSPICE AND PALLIATIVE MEDICINE PHYSICIAN","1"
"PNP","Pediatric Nurse Practitioner","2080P0205X","PEDIATRIC ENDOCRINOLOGY PHYSICIAN","1"
"PNP","Pediatric Nurse Practitioner","2080P0208X","PEDIATRIC INFECTIOUS DISEASES PHYSICIAN","1"
"PNP","Pediatric Nurse Practitioner","2080P0210X","PEDIATRIC NEPHROLOGY PHYSICIAN","1"
"PNP","Pediatric Nurse Practitioner","2080P0216X","PEDIATRIC RHEUMATOLOGY PHYSICIAN","1"
"PNP","Pediatric Nurse Practitioner","2081P0010X","PEDIATRIC REHABILITATION MEDICINE PHYSICIAN","1"
"PNP","Pediatric Nurse Practitioner","2084E0001X","EPILEPSY PHYSICIAN","1"
"PNP","Pediatric Nurse Practitioner","2084P0800X","PSYCHIATRY PHYSICIAN","1"
"PNP","Pediatric Nurse Practitioner","2084P0802X","ADDICTION PSYCHIATRY PHYSICIAN","1"
"PNP","Pediatric Nurse Practitioner","2084P0804X","CHILD & ADOLESCENT PSYCHIATRY PHYSICIAN","1"
"PNP","Pediatric Nurse Practitioner","2085P0229X","PEDIATRIC RADIOLOGY PHYSICIAN","1"
"PNP","Pediatric Nurse Practitioner","2086S0122X","PLASTIC AND RECONSTRUCTIVE SURGERY PHYSICIAN","1"
"PNP","Pediatric Nurse Practitioner","208G00000X","THORACIC SURGERY (CARDIOTHORACIC VASCULAR SURGERY) PHYSICIAN","1"
"PPS","Peer Support Specialist","2084P0800X","PSYCHIATRY PHYSICIAN","1"
"PSS","Peer Support Specialist","207PE0004X","EMERGENCY MEDICAL SERVICES (EMERGENCY MEDICINE) PHYSICIAN","1"
"PT","Physical Therapist","202D00000X","INTEGRATIVE MEDICINE PHYSICIAN","1"
"PT","Physical Therapist","204R00000X","ELECTRODIAGNOSTIC MEDICINE PHYSICIAN","1"
"PT","Physical Therapist","207ND0900X","DERMATOPATHOLOGY PHYSICIAN","1"
"PT","Physical Therapist","207PE0004X","EMERGENCY MEDICAL SERVICES (EMERGENCY MEDICINE) PHYSICIAN","1"
"PT","Physical Therapist","207PS0010X","SPORTS MEDICINE (EMERGENCY MEDICINE) PHYSICIAN","1"
"PT","Physical Therapist","207QG0300X","GERIATRIC MEDICINE (FAMILY MEDICINE) PHYSICIAN","1"
"PT","Physical Therapist","207RC0000X","CARDIOVASCULAR DISEASE PHYSICIAN","1"
"PT","Physical Therapist","207RH0000X","HEMATOLOGY (INTERNAL MEDICINE) PHYSICIAN","1"
"PT","Physical Therapist","207RS0010X","SPORTS MEDICINE (INTERNAL MEDICINE) PHYSICIAN","1"
"PT","Physical Therapist","207RX0202X","MEDICAL ONCOLOGY PHYSICIAN","1"
"PT","Physical Therapist","207T00000X","NEUROLOGICAL SURGERY PHYSICIAN","1"
"PT","Physical Therapist","207W00000X","OPHTHALMOLOGY PHYSICIAN","1"
"PT","Physical Therapist","207XS0106X","ORTHOPAEDIC HAND SURGERY PHYSICIAN","1"
"PT","Physical Therapist","207XX0005X","SPORTS MEDICINE (ORTHOPAEDIC SURGERY) PHYSICIAN","1"
"PT","Physical Therapist","207ZP0102X","ANATOMIC PATHOLOGY & CLINICAL PATHOLOGY PHYSICIAN","1"
"PT","Physical Therapist","2084S0012X","SLEEP MEDICINE (PSYCHIATRY & NEUROLOGY) PHYSICIAN","1"
"PT","Physical Therapist","2085N0904X","NUCLEAR RADIOLOGY PHYSICIAN","1"
"PT","Physical Therapist","208800000X","UROLOGY PHYSICIAN","1"
"PT","Physical Therapist","208VP0000X","PAIN MEDICINE PHYSICIAN","1"
"PTA","Physical Therapist Assistant","202C00000X","INDEPENDENT MEDICAL EXAMINER PHYSICIAN","1"
"PTA","Physical Therapist Assistant","207PS0010X","SPORTS MEDICINE (EMERGENCY MEDICINE) PHYSICIAN","1"
"PTA","Physical Therapist Assistant","207X00000X","ORTHOPAEDIC SURGERY PHYSICIAN","1"
"PTA","Physical Therapist Assistant","208000000X","PEDIATRICS PHYSICIAN","1"
"PTA","Physical Therapist Assistant","2081P0004X","SPINAL CORD INJURY MEDICINE PHYSICIAN","1"
"PTA","Physical Therapist Assistant","2083A0100X","AEROSPACE MEDICINE PHYSICIAN","1"
"PTA","Physical Therapist Assistant","2084A2900X","NEUROCRITICAL CARE PHYSICIAN","1"
"PTA","Physical Therapist Assistant","2086S0102X","SURGICAL CRITICAL CARE PHYSICIAN","1"
"PharmD","Doctor of Pharmacy","204C00000X","SPORTS MEDICINE (NEUROMUSCULOSKELETAL MEDICINE) PHYSICIAN","1"
"PharmD","Doctor of Pharmacy","207L00000X","ANESTHESIOLOGY PHYSICIAN","1"
"PharmD","Doctor of Pharmacy","207N00000X","DERMATOLOGY PHYSICIAN","1"
"PharmD","Doctor of Pharmacy","207PT0002X","MEDICAL TOXICOLOGY (EMERGENCY MEDICINE) PHYSICIAN","1"
"PharmD","Doctor of Pharmacy","207RA0001X","ADVANCED HEART FAILURE AND TRANSPLANT CARDIOLOGY PHYSICIAN","1"
"PharmD","Doctor of Pharmacy","207RA0201X","ALLERGY & IMMUNOLOGY (INTERNAL MEDICINE) PHYSICIAN","1"
"PharmD","Doctor of Pharmacy","207RH0003X","HEMATOLOGY & ONCOLOGY PHYSICIAN","1"
"PharmD","Doctor of Pharmacy","207RI0008X","HEPATOLOGY PHYSICIAN","1"
"PharmD","Doctor of Pharmacy","2080P0207X","PEDIATRIC HEMATOLOGY & ONCOLOGY PHYSICIAN","1"
"PharmD","Doctor of Pharmacy","208100000X","PHYSICAL MEDICINE & REHABILITATION PHYSICIAN","1"
"PharmD","Doctor of Pharmacy","2081N0008X","NEUROMUSCULAR MEDICINE (PHYSICAL MEDICINE & REHABILITATION) PHYSICIAN","1"
"PharmD","Doctor of Pharmacy","2081P2900X","PAIN MEDICINE (PHYSICAL MEDICINE & REHABILITATION) PHYSICIAN","1"
"PharmD","Doctor of Pharmacy","2081S0010X","SPORTS MEDICINE (PHYSICAL MEDICINE & REHABILITATION) PHYSICIAN","1"
"PharmD","Doctor of Pharmacy","2084B0040X","BEHAVIORAL NEUROLOGY & NEUROPSYCHIATRY PHYSICIAN","1"
"PharmD","Doctor of Pharmacy","2084N0400X","NEUROLOGY PHYSICIAN","1"
"PharmD","Doctor of Pharmacy","2085R0001X","RADIATION ONCOLOGY PHYSICIAN","1"
"PharmD","Doctor of Pharmacy","208600000X","SURGERY PHYSICIAN","1"
"PharmD","Doctor of Pharmacy","208M00000X","HOSPITALIST PHYSICIAN","1"
"PharmD","Doctor of Pharmacy","208VP0000X","PAIN MEDICINE PHYSICIAN","1"
"PharmD","Doctor of Pharmacy","209800000X","LEGAL MEDICINE (M.D./D.O.) PHYSICIAN","1"
"PsyD","Doctor of Psychology","207L00000X","ANESTHESIOLOGY PHYSICIAN","1"
"PsyD","Doctor of Psychology","207QS0010X","SPORTS MEDICINE (FAMILY MEDICINE) PHYSICIAN","1"
"PsyD","Doctor of Psychology","207RA0401X","ADDICTION MEDICINE (INTERNAL MEDICINE) PHYSICIAN","1"
"PsyD","Doctor of Psychology","207RG0100X","GASTROENTEROLOGY PHYSICIAN","1"
"PsyD","Doctor of Psychology","207RI0200X","INFECTIOUS DISEASE PHYSICIAN","1"
"PsyD","Doctor of Psychology","207VE0102X","REPRODUCTIVE ENDOCRINOLOGY PHYSICIAN","1"
"PsyD","Doctor of Psychology","2080P0207X","PEDIATRIC HEMATOLOGY & ONCOLOGY PHYSICIAN","1"
"PsyD","Doctor of Psychology","2081P0010X","PEDIATRIC REHABILITATION MEDICINE PHYSICIAN","1"
"PsyD","Doctor of Psychology","2083B0002X","OBESITY MEDICINE (PREVENTIVE MEDICINE) PHYSICIAN","1"
"PsyD","Doctor of Psychology","2083P0901X","PUBLIC HEALTH & GENERAL PREVENTIVE MEDICINE PHYSICIAN","1"
"PsyD","Doctor of Psychology","2084A0401X","ADDICTION MEDICINE (PSYCHIATRY & NEUROLOGY) PHYSICIAN","1"
"PsyD","Doctor of Psychology","2084N0402X","NEUROLOGY WITH SPECIAL QUALIFICATIONS IN CHILD NEUROLOGY PHYSICIAN","1"
"PsyD","Doctor of Psychology","2084P0015X","PSYCHOSOMATIC MEDICINE PHYSICIAN","1"
"PsyD","Doctor of Psychology","2084P0802X","ADDICTION PSYCHIATRY PHYSICIAN","1"
"PsyD","Doctor of Psychology","2084P0805X","GERIATRIC PSYCHIATRY PHYSICIAN","1"
"PsyD","Doctor of Psychology","208600000X","SURGERY PHYSICIAN","1"
"PsyD","Doctor of Psychology","208M00000X","HOSPITALIST PHYSICIAN","1"
"PsyD","Doctor of Psychology","208VP0014X","INTERVENTIONAL PAIN MEDICINE PHYSICIAN","1"
"QMHA","Qualified Mental Health Associate","2085R0202X","DIAGNOSTIC RADIOLOGY PHYSICIAN","1"
"RADT","Registered Radiologic Technologist","2083A0300X","ADDICTION MEDICINE (PREVENTIVE MEDICINE) PHYSICIAN","1"
"RCP","Respiratory Care Practitioner","207QS1201X","SLEEP MEDICINE (FAMILY MEDICINE) PHYSICIAN","1"
"RD","Registered Dietitian","202C00000X","INDEPENDENT MEDICAL EXAMINER PHYSICIAN","1"
"RD","Registered Dietitian","207N00000X","DERMATOLOGY PHYSICIAN","1"
"RD","Registered Dietitian","207QA0401X","ADDICTION MEDICINE (FAMILY MEDICINE) PHYSICIAN","1"
"RD","Registered Dietitian","207QA0505X","ADULT MEDICINE PHYSICIAN","1"
"RD","Registered Dietitian","207QS0010X","SPORTS MEDICINE (FAMILY MEDICINE) PHYSICIAN","1"
"RD","Registered Dietitian","207RC0000X","CARDIOVASCULAR DISEASE PHYSICIAN","1"
"RD","Registered Dietitian","207RH0003X","HEMATOLOGY & ONCOLOGY PHYSICIAN","1"
"RD","Registered Dietitian","2080B0002X","PEDIATRIC OBESITY MEDICINE PHYSICIAN","1"
"RD","Registered Dietitian","2080N0001X","NEONATAL-PERINATAL MEDICINE PHYSICIAN","1"
"RD","Registered Dietitian","2083P0901X","PUBLIC HEALTH & GENERAL PREVENTIVE MEDICINE PHYSICIAN","1"
"RD","Registered Dietitian","2083S0010X","SPORTS MEDICINE (PREVENTIVE MEDICINE) PHYSICIAN","1"
"RD","Registered Dietitian","2085R0202X","DIAGNOSTIC RADIOLOGY PHYSICIAN","1"
"RD","Registered Dietitian","2086S0122X","PLASTIC AND RECONSTRUCTIVE SURGERY PHYSICIAN","1"
"RD","Registered Dietitian","208M00000X","HOSPITALIST PHYSICIAN","1"
"RDA","Registered Dental Assistant","202D00000X","INTEGRATIVE MEDICINE PHYSICIAN","1"
"RDCS","Registered Diagnostic Cardiac Sonographer","207V00000X","OBSTETRICS & GYNECOLOGY PHYSICIAN","1"
"RDCS","Registered Diagnostic Cardiac Sonographer","208000000X","PEDIATRICS PHYSICIAN","1"
"RDCS","Registered Diagnostic Cardiac Sonographer","2085R0204X","VASCULAR & INTERVENTIONAL RADIOLOGY PHYSICIAN","1"
"RDH","Registered Dental Hygienist","202K00000X","PHLEBOLOGY PHYSICIAN","1"
"RDH","Registered Dental Hygienist","207Q00000X","FAMILY MEDICINE PHYSICIAN","1"
"RDH","Registered Dental Hygienist","2083P0901X","PUBLIC HEALTH & GENERAL PREVENTIVE MEDICINE PHYSICIAN","1"
"RDMS","Registered Diagnostic Medical Sonographer","207RN0300X","NEPHROLOGY PHYSICIAN","1"
"RDMS","Registered Diagnostic Medical Sonographer","207V00000X","OBSTETRICS & GYNECOLOGY PHYSICIAN","1"
"RDMS","Registered Diagnostic Medical Sonographer","207VE0102X","REPRODUCTIVE ENDOCRINOLOGY PHYSICIAN","1"
"RDN","Registered Dietitian Nutritionist","207K00000X","ALLERGY & IMMUNOLOGY PHYSICIAN","1"
"RDN","Registered Dietitian Nutritionist","207N00000X","DERMATOLOGY PHYSICIAN","1"
"RDN","Registered Dietitian Nutritionist","207Q00000X","FAMILY MEDICINE PHYSICIAN","1"
"RDN","Registered Dietitian Nutritionist","207RG0100X","GASTROENTEROLOGY PHYSICIAN","1"
"RDN","Registered Dietitian Nutritionist","207V00000X","OBSTETRICS & GYNECOLOGY PHYSICIAN","1"
"RDN","Registered Dietitian Nutritionist","208000000X","PEDIATRICS PHYSICIAN","1"
"RDN","Registered Dietitian Nutritionist","2085R0202X","DIAGNOSTIC RADIOLOGY PHYSICIAN","1"
"RDN","Registered Dietitian Nutritionist","2086S0122X","PLASTIC AND RECONSTRUCTIVE SURGERY PHYSICIAN","1"
"RDN","Registered Dietitian Nutritionist","208M00000X","HOSPITALIST PHYSICIAN","1"
"RMA","Registered Medical Assistant","202C00000X","INDEPENDENT MEDICAL EXAMINER PHYSICIAN","1"
"RMA","Registered Medical Assistant","207Q00000X","FAMILY MEDICINE PHYSICIAN","1"
"RMA","Registered Medical Assistant","207QA0401X","ADDICTION MEDICINE (FAMILY MEDICINE) PHYSICIAN","1"
"RMA","Registered Medical Assistant","207VX0000X","OBSTETRICS PHYSICIAN","1"
"RMA","Registered Medical Assistant","208000000X","PEDIATRICS PHYSICIAN","1"
"RMA","Registered Medical Assistant","208200000X","PLASTIC SURGERY PHYSICIAN","1"
"RN","Registered Nurse","202K00000X","PHLEBOLOGY PHYSICIAN","1"
"RN","Registered Nurse","204F00000X","TRANSPLANT SURGERY PHYSICIAN","1"
"RN","Registered Nurse","207KI0005X","CLINICAL & LABORATORY IMMUNOLOGY (ALLERGY & IMMUNOLOGY) PHYSICIAN","1"
"RN","Registered Nurse","207LA0401X","ADDICTION MEDICINE (ANESTHESIOLOGY) PHYSICIAN","1"
"RN","Registered Nurse","207LH0002X","HOSPICE AND PALLIATIVE MEDICINE (ANESTHESIOLOGY) PHYSICIAN","1"
"RN","Registered Nurse","207PH0002X","HOSPICE AND PALLIATIVE MEDICINE (EMERGENCY MEDICINE) PHYSICIAN","1"
"RN","Registered Nurse","207PT0002X","MEDICAL TOXICOLOGY (EMERGENCY MEDICINE) PHYSICIAN","1"
"RN","Registered Nurse","207RA0201X","ALLERGY & IMMUNOLOGY (INTERNAL MEDICINE) PHYSICIAN","1"
"RN","Registered Nurse","207RB0002X","OBESITY MEDICINE (INTERNAL MEDICINE) PHYSICIAN","1"
"RN","Registered Nurse","207RI0008X","HEPATOLOGY PHYSICIAN","1"
"RN","Registered Nurse","207U00000X","NUCLEAR MEDICINE PHYSICIAN","1"
"RN","Registered Nurse","207VC0300X","COMPLEX FAMILY PLANNING PHYSICIAN","1"
"RN","Registered Nurse","207VF0040X","UROGYNECOLOGY AND RECONSTRUCTIVE PELVIC SURGERY (OBSTETRICS & GYNECOLOGY) PHYSICIAN","1"
"RN","Registered Nurse","207VX0201X","GYNECOLOGIC ONCOLOGY PHYSICIAN","1"
"RN","Registered Nurse","207WX0120X","CORNEA AND EXTERNAL DISEASES SPECIALIST PHYSICIAN","1"
"RN","Registered Nurse","207XS0106X","ORTHOPAEDIC HAND SURGERY PHYSICIAN","1"
"RN","Registered Nurse","207XX0004X","ORTHOPAEDIC FOOT AND ANKLE SURGERY PHYSICIAN","1"
"RN","Registered Nurse","207XX0801X","ORTHOPAEDIC TRAUMA PHYSICIAN","1"
"RN","Registered Nurse","207YX0602X","OTOLARYNGIC ALLERGY PHYSICIAN","1"
"RN","Registered Nurse","207ZC0006X","CLINICAL PATHOLOGY PHYSICIAN","1"
"RN","Registered Nurse","207ZC0008X","CLINICAL INFORMATICS (PATHOLOGY) PHYSICIAN","1"
"RN","Registered Nurse","207ZP0105X","CLINICAL PATHOLOGY/LABORATORY MEDICINE PHYSICIAN","1"
"RN","Registered Nurse","2080H0002X","PEDIATRIC HOSPICE AND PALLIATIVE MEDICINE PHYSICIAN","1"
"RN","Registered Nurse","2080P0008X","PEDIATRIC NEURODEVELOPMENTAL DISABILITIES PHYSICIAN","1"
"RN","Registered Nurse","2080P0202X","PEDIATRIC CARDIOLOGY PHYSICIAN","1"
"RN","Registered Nurse","2080P0208X","PEDIATRIC INFECTIOUS DISEASES PHYSICIAN","1"
"RN","Registered Nurse","2080P0210X","PEDIATRIC NEPHROLOGY PHYSICIAN","1"
"RN","Registered Nurse","2080P0216X","PEDIATRIC RHEUMATOLOGY PHYSICIAN","1"
"RN","Registered Nurse","2084A2900X","NEUROCRITICAL CARE PHYSICIAN","1"
"RN","Registered Nurse","2084F0202X","FORENSIC PSYCHIATRY PHYSICIAN","1"
"RN","Registered Nurse","2084P0015X","PSYCHOSOMATIC MEDICINE PHYSICIAN","1"
"RN","Registered Nurse","2084P0805X","GERIATRIC PSYCHIATRY PHYSICIAN","1"
"RN","Registered Nurse","2085R0202X","DIAGNOSTIC RADIOLOGY PHYSICIAN","1"
"RN-C","Registered Nurse Certified","207Q00000X","FAMILY MEDICINE PHYSICIAN","1"
"RN-C","Registered Nurse Certified","207V00000X","OBSTETRICS & GYNECOLOGY PHYSICIAN","1"
"RN/NP","Registered Nurse, Nurse Practitioner","207Q00000X","FAMILY MEDICINE PHYSICIAN","1"
"RNC-OB","Inpatient Obstetric Nursing","207VX0000X","OBSTETRICS PHYSICIAN","1"
"RNC-OB","Inpatient Obstetric Nursing","208000000X","PEDIATRICS PHYSICIAN","1"
"RNCS","Registered Nurse Clinical Specialist","2084P0804X","CHILD & ADOLESCENT PSYCHIATRY PHYSICIAN","1"
"RNFA","Registered Nurse First Assistant","202C00000X","INDEPENDENT MEDICAL EXAMINER PHYSICIAN","1"
"RNFA","Registered Nurse First Assistant","207P00000X","EMERGENCY MEDICINE PHYSICIAN","1"
"RNFA","Registered Nurse First Assistant","207Q00000X","FAMILY MEDICINE PHYSICIAN","1"
"RNFA","Registered Nurse First Assistant","207QH0002X","HOSPICE AND PALLIATIVE MEDICINE (FAMILY MEDICINE) PHYSICIAN","1"
"RNFA","Registered Nurse First Assistant","207V00000X","OBSTETRICS & GYNECOLOGY PHYSICIAN","1"
"RNFA","Registered Nurse First Assistant","207VX0000X","OBSTETRICS PHYSICIAN","1"
"RNFA","Registered Nurse First Assistant","2083P0901X","PUBLIC HEALTH & GENERAL PREVENTIVE MEDICINE PHYSICIAN","1"
"RNFA","Registered Nurse First Assistant","2086S0122X","PLASTIC AND RECONSTRUCTIVE SURGERY PHYSICIAN","1"
"RNFA","Registered Nurse First Assistant","2086S0129X","VASCULAR SURGERY PHYSICIAN","1"
"RNFA","Registered Nurse First Assistant","208G00000X","THORACIC SURGERY (CARDIOTHORACIC VASCULAR SURGERY) PHYSICIAN","1"
"RNP","Registered Nurse Practitioner","207R00000X","INTERNAL MEDICINE PHYSICIAN","1"
"RNP","Registered Nurse Practitioner","207RG0300X","GERIATRIC MEDICINE (INTERNAL MEDICINE) PHYSICIAN","1"
"RPA","Registered Physician Assistant","207NP0225X","PEDIATRIC DERMATOLOGY PHYSICIAN","1"
"RPA","Registered Physician Assistant","207PE0004X","EMERGENCY MEDICAL SERVICES (EMERGENCY MEDICINE) PHYSICIAN","1"
"RPA","Registered Physician Assistant","207X00000X","ORTHOPAEDIC SURGERY PHYSICIAN","1"
"RPA","Registered Physician Assistant","207XS0106X","ORTHOPAEDIC HAND SURGERY PHYSICIAN","1"
"RPA","Registered Physician Assistant","208000000X","PEDIATRICS PHYSICIAN","1"
"RPA","Registered Physician Assistant","2083A0300X","ADDICTION MEDICINE (PREVENTIVE MEDICINE) PHYSICIAN","1"
"RPA-C","Registered Physician Assistant Certified","202D00000X","INTEGRATIVE MEDICINE PHYSICIAN","1"
"RPA-C","Registered Physician Assistant Certified","207L00000X","ANESTHESIOLOGY PHYSICIAN","1"
"RPA-C","Registered Physician Assistant Certified","207NP0225X","PEDIATRIC DERMATOLOGY PHYSICIAN","1"
"RPA-C","Registered Physician Assistant Certified","207PE0004X","EMERGENCY MEDICAL SERVICES (EMERGENCY MEDICINE) PHYSICIAN","1"
"RPA-C","Registered Physician Assistant Certified","207QA0505X","ADULT MEDICINE PHYSICIAN","1"
"RPA-C","Registered Physician Assistant Certified","207RT0003X","TRANSPLANT HEPATOLOGY PHYSICIAN","1"
"RPA-C","Registered Physician Assistant Certified","207VG0400X","GYNECOLOGY PHYSICIAN","1"
"RPA-C","Registered Physician Assistant Certified","207W00000X","OPHTHALMOLOGY PHYSICIAN","1"
"RPA-C","Registered Physician Assistant Certified","207XS0106X","ORTHOPAEDIC HAND SURGERY PHYSICIAN","1"
"RPA-C","Registered Physician Assistant Certified","207XX0005X","SPORTS MEDICINE (ORTHOPAEDIC SURGERY) PHYSICIAN","1"
"RPA-C","Registered Physician Assistant Certified","2086S0102X","SURGICAL CRITICAL CARE PHYSICIAN","1"
"RPH","Registered Pharmacist","202C00000X","INDEPENDENT MEDICAL EXAMINER PHYSICIAN","1"
"RPH","Registered Pharmacist","202D00000X","INTEGRATIVE MEDICINE PHYSICIAN","1"
"RPH","Registered Pharmacist","207KI0005X","CLINICAL & LABORATORY IMMUNOLOGY (ALLERGY & IMMUNOLOGY) PHYSICIAN","1"
"RPH","Registered Pharmacist","207PH0002X","HOSPICE AND PALLIATIVE MEDICINE (EMERGENCY MEDICINE) PHYSICIAN","1"
"RPH","Registered Pharmacist","207RA0201X","ALLERGY & IMMUNOLOGY (INTERNAL MEDICINE) PHYSICIAN","1"
"RPH","Registered Pharmacist","207RX0202X","MEDICAL ONCOLOGY PHYSICIAN","1"
"RPH","Registered Pharmacist","207VM0101X","MATERNAL & FETAL MEDICINE PHYSICIAN","1"
"RPH","Registered Pharmacist","2083P0901X","PUBLIC HEALTH & GENERAL PREVENTIVE MEDICINE PHYSICIAN","1"
"RPT","Registered Physical Therapist","207X00000X","ORTHOPAEDIC SURGERY PHYSICIAN","1"
"RPT","Registered Physical Therapist","2081P0010X","PEDIATRIC REHABILITATION MEDICINE PHYSICIAN","1"
"RPT","Registered Physical Therapist","2081P2900X","PAIN MEDICINE (PHYSICAL MEDICINE & REHABILITATION) PHYSICIAN","1"
"RPT","Registered Physical Therapist","2083X0100X","OCCUPATIONAL MEDICINE PHYSICIAN","1"
"RRT","Registered Respiratory Therapist","207PE0004X","EMERGENCY MEDICAL SERVICES (EMERGENCY MEDICINE) PHYSICIAN","1"
"RRT","Registered Respiratory Therapist","207QG0300X","GERIATRIC MEDICINE (FAMILY MEDICINE) PHYSICIAN","1"
"RRT","Registered Respiratory Therapist","207RP1001X","PULMONARY DISEASE PHYSICIAN","1"
"RRT","Registered Respiratory Therapist","2083P0901X","PUBLIC HEALTH & GENERAL PREVENTIVE MEDICINE PHYSICIAN","1"
"RRT","Registered Respiratory Therapist","2085B0100X","BODY IMAGING PHYSICIAN","1"
"RRT","Registered Respiratory Therapist","2085U0001X","DIAGNOSTIC ULTRASOUND PHYSICIAN","1"
"RRT","Registered Respiratory Therapist","208G00000X","THORACIC SURGERY (CARDIOTHORACIC VASCULAR SURGERY) PHYSICIAN","1"
"RT","Respiratory Therapist","207UN0901X","NUCLEAR CARDIOLOGY PHYSICIAN","1"
"RT","Respiratory Therapist","207V00000X","OBSTETRICS & GYNECOLOGY PHYSICIAN","1"
"RT","Respiratory Therapist","207X00000X","ORTHOPAEDIC SURGERY PHYSICIAN","1"
"RT","Respiratory Therapist","208000000X","PEDIATRICS PHYSICIAN","1"
"RT","Respiratory Therapist","2085R0203X","THERAPEUTIC RADIOLOGY PHYSICIAN","1"
"SA-C","Substance Abuse Counselor Certified","207R00000X","INTERNAL MEDICINE PHYSICIAN","1"
"SANE-A","Sexual Assault Nurse Examiner - Adult/Adolescent","207Q00000X","FAMILY MEDICINE PHYSICIAN","1"
"SANE-P","Sexual Assault Nurse Examiner - Pediatric","207Q00000X","FAMILY MEDICINE PHYSICIAN","1"
"SCRN","Stroke Certified Registered Nurse","208M00000X","HOSPITALIST PHYSICIAN","1"
"SLP","Speech-Language Pathologist","207L00000X","ANESTHESIOLOGY PHYSICIAN","1"
"SLP","Speech-Language Pathologist","207Q00000X","FAMILY MEDICINE PHYSICIAN","1"
"SLP","Speech-Language Pathologist","207RG0100X","GASTROENTEROLOGY PHYSICIAN","1"
"SLP","Speech-Language Pathologist","207YX0007X","PLASTIC SURGERY WITHIN THE HEAD & NECK (OTOLARYNGOLOGY) PHYSICIAN","1"
"SLP","Speech-Language Pathologist","2081H0002X","HOSPICE AND PALLIATIVE MEDICINE (PHYSICAL MEDICINE & REHABILITATION) PHYSICIAN","1"
"SLP","Speech-Language Pathologist","2084N0400X","NEUROLOGY PHYSICIAN","1"
"SLPA","Speech-Language Pathology Assistant","207ZP0105X","CLINICAL PATHOLOGY/LABORATORY MEDICINE PHYSICIAN","1"
"SLPA","Speech-Language Pathology Assistant","208100000X","PHYSICAL MEDICINE & REHABILITATION PHYSICIAN","1"
"SNP-BC","School Nurse Practitioner","208M00000X","HOSPITALIST PHYSICIAN","1"
"ST","Speech Therapist","207Y00000X","OTOLARYNGOLOGY PHYSICIAN","1"
"ST","Speech Therapist","207YX0007X","PLASTIC SURGERY WITHIN THE HEAD & NECK (OTOLARYNGOLOGY) PHYSICIAN","1"
"STUDENT","Student","207L00000X","ANESTHESIOLOGY PHYSICIAN","1"
"STUDENT","Student","207QS0010X","SPORTS MEDICINE (FAMILY MEDICINE) PHYSICIAN","1"
"STUDENT","Student","207RC0200X","CRITICAL CARE MEDICINE (INTERNAL MEDICINE) PHYSICIAN","1"
"STUDENT","Student","207RH0003X","HEMATOLOGY & ONCOLOGY PHYSICIAN","1"
"STUDENT","Student","207V00000X","OBSTETRICS & GYNECOLOGY PHYSICIAN","1"
"STUDENT","Student","207X00000X","ORTHOPAEDIC SURGERY PHYSICIAN","1"
"STUDENT","Student","207XS0117X","ORTHOPAEDIC SURGERY OF THE SPINE PHYSICIAN","1"
"STUDENT","Student","2080N0001X","NEONATAL-PERINATAL MEDICINE PHYSICIAN","1"
"STUDENT","Student","2080P0204X","PEDIATRIC EMERGENCY MEDICINE (PEDIATRICS) PHYSICIAN","1"
"STUDENT","Student","2081S0010X","SPORTS MEDICINE (PHYSICAL MEDICINE & REHABILITATION) PHYSICIAN","1"
"STUDENT","Student","2084N0400X","NEUROLOGY PHYSICIAN","1"
"STUDENT","Student","2085R0202X","DIAGNOSTIC RADIOLOGY PHYSICIAN","1"
"STUDENT","Student","208800000X","UROLOGY PHYSICIAN","1"
"SW","Social Worker","2080P0006X","DEVELOPMENTAL - BEHAVIORAL PEDIATRICS PHYSICIAN","1"
"VMD","Doctor of Veterinary Medicine","207N00000X","DERMATOLOGY PHYSICIAN","1"
"VMD","Doctor of Veterinary Medicine","207P00000X","EMERGENCY MEDICINE PHYSICIAN","1"
"WCC","Wound Care Certified","207Q00000X","FAMILY MEDICINE PHYSICIAN","1"
"WCC","Wound Care Certified","208100000X","PHYSICAL MEDICINE & REHABILITATION PHYSICIAN","1"
"WCC","Wound Care Certified","2083P0011X","UNDERSEA AND HYPERBARIC MEDICINE (PREVENTIVE MEDICINE) PHYSICIAN","1"
"WHNP","Womens Health Nurse Practitioner","207QA0505X","ADULT MEDICINE PHYSICIAN","1"
"WHNP","Womens Health Nurse Practitioner","207RA0000X","ADOLESCENT MEDICINE (INTERNAL MEDICINE) PHYSICIAN","1"
"WHNP","Womens Health Nurse Practitioner","207RE0101X","ENDOCRINOLOGY, DIABETES & METABOLISM PHYSICIAN","1"
"WHNP","Womens Health Nurse Practitioner","207VC0300X","COMPLEX FAMILY PLANNING PHYSICIAN","1"
"WHNP","Womens Health Nurse Practitioner","207VX0201X","GYNECOLOGIC ONCOLOGY PHYSICIAN","1"
"WHNP","Womens Health Nurse Practitioner","2080A0000X","PEDIATRIC ADOLESCENT MEDICINE PHYSICIAN","1"
"WHNP","Womens Health Nurse Practitioner","2083A0300X","ADDICTION MEDICINE (PREVENTIVE MEDICINE) PHYSICIAN","1"
"WHNP","Womens Health Nurse Practitioner","2083P0901X","PUBLIC HEALTH & GENERAL PREVENTIVE MEDICINE PHYSICIAN","1"
"WHNP","Womens Health Nurse Practitioner","208600000X","SURGERY PHYSICIAN","1"
"WHNP","Womens Health Nurse Practitioner","208800000X","UROLOGY PHYSICIAN","1"
"WHNP","Womens Health Nurse Practitioner","208D00000X","GENERAL PRACTICE PHYSICIAN","1"
"WHNP-BC","Womens Health Nurse Practitioner Board Certified","207QS0010X","SPORTS MEDICINE (FAMILY MEDICINE) PHYSICIAN","1"
"WHNP-BC","Womens Health Nurse Practitioner Board Certified","207RX0202X","MEDICAL ONCOLOGY PHYSICIAN","1"
"WHNP-BC","Womens Health Nurse Practitioner Board Certified","207VX0000X","OBSTETRICS PHYSICIAN","1"
"WHNP-BC","Womens Health Nurse Practitioner Board Certified","207VX0201X","GYNECOLOGIC ONCOLOGY PHYSICIAN","1"
"WHNP-BC","Womens Health Nurse Practitioner Board Certified","2083P0901X","PUBLIC HEALTH & GENERAL PREVENTIVE MEDICINE PHYSICIAN","1"
"WHNP-BC","Womens Health Nurse Practitioner Board Certified","2086X0206X","SURGICAL ONCOLOGY PHYSICIAN","1"