"facetCredentialCode",facetCredentialName,chosenTaxonomyCode,chosenTaxonomyDescription,providerCount
NP,Nurse Practitioner,207Q00000X,FAMILY MEDICINE PHYSICIAN,5481
FNP,Family Nurse Practitioner,207Q00000X,FAMILY MEDICINE PHYSICIAN,2503
FNP-C,Family Nurse Practitioner,207Q00000X,FAMILY MEDICINE PHYSICIAN,1323
NP,Nurse Practitioner,208000000X,PEDIATRICS PHYSICIAN,861
NP,Nurse Practitioner,207R00000X,INTERNAL MEDICINE PHYSICIAN,849
NP,Nurse Practitioner,2084P0800X,PSYCHIATRY PHYSICIAN,776
FNP-BC,Family Nurse Practitioner Board Certified,207Q00000X,FAMILY MEDICINE PHYSICIAN,585
NP,Nurse Practitioner,207P00000X,EMERGENCY MEDICINE PHYSICIAN,453
NP,Nurse Practitioner,208M00000X,HOSPITALIST PHYSICIAN,441
NP,Nurse Practitioner,207V00000X,OBSTETRICS & GYNECOLOGY PHYSICIAN,370
ARNP,Advanced Registered Nurse Practitioner,207Q00000X,FAMILY MEDICINE PHYSICIAN,360
CRNP,Certified Registered Nurse Practitioner,207Q00000X,FAMILY MEDICINE PHYSICIAN,355
NP,Nurse Practitioner,207QA0505X,ADULT MEDICINE PHYSICIAN,342
PMHNP,Psychiatric Mental Health Nurse Practitioner,2084P0800X,PSYCHIATRY PHYSICIAN,335
NP-C,Nurse Practitioner Certified,207Q00000X,FAMILY MEDICINE PHYSICIAN,314
NP,Nurse Practitioner,207RC0000X,CARDIOVASCULAR DISEASE PHYSICIAN,309
PMHNP-BC,Psychiatric Mental Health Nurse Practitioner Board Certified,2084P0800X,PSYCHIATRY PHYSICIAN,299
CNP,Certified Nurse Practitioner,207Q00000X,FAMILY MEDICINE PHYSICIAN,292
NP,Nurse Practitioner,207N00000X,DERMATOLOGY PHYSICIAN,250
NP,Nurse Practitioner,208D00000X,GENERAL PRACTICE PHYSICIAN,229
NP,Nurse Practitioner,207RH0003X,HEMATOLOGY & ONCOLOGY PHYSICIAN,227
FNP,Family Nurse Practitioner,207R00000X,INTERNAL MEDICINE PHYSICIAN,200
CPNP,Certified Pediatric Nurse Practitioner,208000000X,PEDIATRICS PHYSICIAN,198
NP,Nurse Practitioner,2084N0400X,NEUROLOGY PHYSICIAN,196
NP,Nurse Practitioner,2080N0001X,NEONATAL-PERINATAL MEDICINE PHYSICIAN,164
FNP,Family Nurse Practitioner,207P00000X,EMERGENCY MEDICINE PHYSICIAN,161
NP,Nurse Practitioner,207RN0300X,NEPHROLOGY PHYSICIAN,158
CPNP-PC,Certified Pediatric Nurse Practitioner Primary Care,208000000X,PEDIATRICS PHYSICIAN,144
NP,Nurse Practitioner,207RG0100X,GASTROENTEROLOGY PHYSICIAN,144
NP,Nurse Practitioner,208VP0000X,PAIN MEDICINE PHYSICIAN,143
NP,Nurse Practitioner,207RP1001X,PULMONARY DISEASE PHYSICIAN,136
PNP,Pediatric Nurse Practitioner,208000000X,PEDIATRICS PHYSICIAN,136
NP,Nurse Practitioner,207RE0101X,"ENDOCRINOLOGY, DIABETES & METABOLISM PHYSICIAN",133
NP,Nurse Practitioner,208600000X,SURGERY PHYSICIAN,132
NP,Nurse Practitioner,207QG0300X,GERIATRIC MEDICINE (FAMILY MEDICINE) PHYSICIAN,129
NP,Nurse Practitioner,208800000X,UROLOGY PHYSICIAN,128
NP,Nurse Practitioner,207RI0011X,INTERVENTIONAL CARDIOLOGY PHYSICIAN,126
NP,Nurse Practitioner,207RG0300X,GERIATRIC MEDICINE (INTERNAL MEDICINE) PHYSICIAN,117
NP,Nurse Practitioner,207X00000X,ORTHOPAEDIC SURGERY PHYSICIAN,116
NP,Nurse Practitioner,207T00000X,NEUROLOGICAL SURGERY PHYSICIAN,115
NP,Nurse Practitioner,207RH0002X,HOSPICE AND PALLIATIVE MEDICINE (INTERNAL MEDICINE) PHYSICIAN,112
FNP,Family Nurse Practitioner,207QA0505X,ADULT MEDICINE PHYSICIAN,109
FNP-C,Family Nurse Practitioner,207R00000X,INTERNAL MEDICINE PHYSICIAN,108
NP,Nurse Practitioner,208100000X,PHYSICAL MEDICINE & REHABILITATION PHYSICIAN,105
NP,Nurse Practitioner,207RX0202X,MEDICAL ONCOLOGY PHYSICIAN,93
NP,Nurse Practitioner,207RI0200X,INFECTIOUS DISEASE PHYSICIAN,91
FNP,Family Nurse Practitioner,208000000X,PEDIATRICS PHYSICIAN,89
NP,Nurse Practitioner,207QH0002X,HOSPICE AND PALLIATIVE MEDICINE (FAMILY MEDICINE) PHYSICIAN,86
FNP,Family Nurse Practitioner,207N00000X,DERMATOLOGY PHYSICIAN,85
NP,Nurse Practitioner,207L00000X,ANESTHESIOLOGY PHYSICIAN,84
FNP,Family Nurse Practitioner,208M00000X,HOSPITALIST PHYSICIAN,83
NP,Nurse Practitioner,208VP0014X,INTERVENTIONAL PAIN MEDICINE PHYSICIAN,83
FNP,Family Nurse Practitioner,208D00000X,GENERAL PRACTICE PHYSICIAN,82
NP,Nurse Practitioner,208G00000X,THORACIC SURGERY (CARDIOTHORACIC VASCULAR SURGERY) PHYSICIAN,81
NP,Nurse Practitioner,207RC0200X,CRITICAL CARE MEDICINE (INTERNAL MEDICINE) PHYSICIAN,78
NP,Nurse Practitioner,2084P0804X,CHILD & ADOLESCENT PSYCHIATRY PHYSICIAN,75
FNP-C,Family Nurse Practitioner,207QA0505X,ADULT MEDICINE PHYSICIAN,74
NP,Nurse Practitioner,2080P0207X,PEDIATRIC HEMATOLOGY & ONCOLOGY PHYSICIAN,71
CRNP,Certified Registered Nurse Practitioner,208000000X,PEDIATRICS PHYSICIAN,70
NP,Nurse Practitioner,207PE0004X,EMERGENCY MEDICAL SERVICES (EMERGENCY MEDICINE) PHYSICIAN,68
NP,Nurse Practitioner,207VG0400X,GYNECOLOGY PHYSICIAN,68
NNP,Neonatal Nurse Practitioner,2080N0001X,NEONATAL-PERINATAL MEDICINE PHYSICIAN,67
FNP,Family Nurse Practitioner,207V00000X,OBSTETRICS & GYNECOLOGY PHYSICIAN,64
NP,Nurse Practitioner,2080P0203X,PEDIATRIC CRITICAL CARE MEDICINE PHYSICIAN,64
NP,Nurse Practitioner,2080P0204X,PEDIATRIC EMERGENCY MEDICINE (PEDIATRICS) PHYSICIAN,61
WHNP,Womens Health Nurse Practitioner,207V00000X,OBSTETRICS & GYNECOLOGY PHYSICIAN,59
APRN-CNP,Advanced Practice Registered Nurse - Certified Nurse Practitioner,207Q00000X,FAMILY MEDICINE PHYSICIAN,58
ARNP,Advanced Registered Nurse Practitioner,207R00000X,INTERNAL MEDICINE PHYSICIAN,56
NP,Nurse Practitioner,207QA0401X,ADDICTION MEDICINE (FAMILY MEDICINE) PHYSICIAN,55
WHNP-BC,Womens Health Nurse Practitioner Board Certified,207V00000X,OBSTETRICS & GYNECOLOGY PHYSICIAN,55
FNP-C,Family Nurse Practitioner,208D00000X,GENERAL PRACTICE PHYSICIAN,54
NNP-BC,Neonatal Nurse Practitioner Board Certified,2080N0001X,NEONATAL-PERINATAL MEDICINE PHYSICIAN,54
CNP,Certified Nurse Practitioner,207R00000X,INTERNAL MEDICINE PHYSICIAN,53
FNP,Family Nurse Practitioner,207RC0000X,CARDIOVASCULAR DISEASE PHYSICIAN,53
NP,Nurse Practitioner,207Y00000X,OTOLARYNGOLOGY PHYSICIAN,53
ARNP,Advanced Registered Nurse Practitioner,208000000X,PEDIATRICS PHYSICIAN,50
CRNP,Certified Registered Nurse Practitioner,207R00000X,INTERNAL MEDICINE PHYSICIAN,50
NP,Nurse Practitioner,2080P0202X,PEDIATRIC CARDIOLOGY PHYSICIAN,49
NP,Nurse Practitioner,2086S0129X,VASCULAR SURGERY PHYSICIAN,49
NP,Nurse Practitioner,207K00000X,ALLERGY & IMMUNOLOGY PHYSICIAN,48
NP,Nurse Practitioner,2083P0011X,UNDERSEA AND HYPERBARIC MEDICINE (PREVENTIVE MEDICINE) PHYSICIAN,48
NP-C,Nurse Practitioner Certified,207R00000X,INTERNAL MEDICINE PHYSICIAN,48
CFNP,Certified Family Nurse Practitioner,207Q00000X,FAMILY MEDICINE PHYSICIAN,46
FNP,Family Nurse Practitioner,208VP0000X,PAIN MEDICINE PHYSICIAN,46
NP,Nurse Practitioner,207LP2900X,PAIN MEDICINE (ANESTHESIOLOGY) PHYSICIAN,46
FNP-C,Family Nurse Practitioner,207P00000X,EMERGENCY MEDICINE PHYSICIAN,45
FNP-C,Family Nurse Practitioner,207N00000X,DERMATOLOGY PHYSICIAN,44
NP,Nurse Practitioner,2080P0206X,PEDIATRIC GASTROENTEROLOGY PHYSICIAN,43
FNP-BC,Family Nurse Practitioner Board Certified,207R00000X,INTERNAL MEDICINE PHYSICIAN,42
NP,Nurse Practitioner,207RR0500X,RHEUMATOLOGY PHYSICIAN,42
NP,Nurse Practitioner,2086S0127X,TRAUMA SURGERY PHYSICIAN,42
APNP,Advanced Practice Nurse Practitioner,207Q00000X,FAMILY MEDICINE PHYSICIAN,40
CNP,Certified Nurse Practitioner,208000000X,PEDIATRICS PHYSICIAN,40
FNP-C,Family Nurse Practitioner,208000000X,PEDIATRICS PHYSICIAN,40
NP,Nurse Practitioner,207VX0000X,OBSTETRICS PHYSICIAN,39
ARNP,Advanced Registered Nurse Practitioner,2084P0800X,PSYCHIATRY PHYSICIAN,38
CRNP,Certified Registered Nurse Practitioner,2084P0800X,PSYCHIATRY PHYSICIAN,38
FNP,Family Nurse Practitioner,207RH0003X,HEMATOLOGY & ONCOLOGY PHYSICIAN,38
FNP,Family Nurse Practitioner,2084P0800X,PSYCHIATRY PHYSICIAN,38
CNP,Certified Nurse Practitioner,2084P0800X,PSYCHIATRY PHYSICIAN,37
ARNP,Advanced Registered Nurse Practitioner,208M00000X,HOSPITALIST PHYSICIAN,36
FNP,Family Nurse Practitioner,208800000X,UROLOGY PHYSICIAN,36
FNP-BC,Family Nurse Practitioner Board Certified,207QA0505X,ADULT MEDICINE PHYSICIAN,36
NP,Nurse Practitioner,2084P0802X,ADDICTION PSYCHIATRY PHYSICIAN,36
NP,Nurse Practitioner,2084A0401X,ADDICTION MEDICINE (PSYCHIATRY & NEUROLOGY) PHYSICIAN,35
NP,Nurse Practitioner,207RS0012X,SLEEP MEDICINE (INTERNAL MEDICINE) PHYSICIAN,34
ARNP,Advanced Registered Nurse Practitioner,207V00000X,OBSTETRICS & GYNECOLOGY PHYSICIAN,33
CRNP,Certified Registered Nurse Practitioner,208M00000X,HOSPITALIST PHYSICIAN,33
NP,Nurse Practitioner,207RA0001X,ADVANCED HEART FAILURE AND TRANSPLANT CARDIOLOGY PHYSICIAN,33
NP,Nurse Practitioner,2080A0000X,PEDIATRIC ADOLESCENT MEDICINE PHYSICIAN,33
NP,Nurse Practitioner,2080P0214X,PEDIATRIC PULMONOLOGY PHYSICIAN,33
ARNP,Advanced Registered Nurse Practitioner,207P00000X,EMERGENCY MEDICINE PHYSICIAN,32
FNP,Family Nurse Practitioner,207QG0300X,GERIATRIC MEDICINE (FAMILY MEDICINE) PHYSICIAN,32
FNP,Family Nurse Practitioner,207RN0300X,NEPHROLOGY PHYSICIAN,32
FNP-C,Family Nurse Practitioner,208M00000X,HOSPITALIST PHYSICIAN,32
NP,Nurse Practitioner,207RC0001X,CLINICAL CARDIAC ELECTROPHYSIOLOGY PHYSICIAN,31
NP,Nurse Practitioner,2083P0901X,PUBLIC HEALTH & GENERAL PREVENTIVE MEDICINE PHYSICIAN,31
NP,Nurse Practitioner,2086S0120X,PEDIATRIC SURGERY PHYSICIAN,31
FNP,Family Nurse Practitioner,207RE0101X,"ENDOCRINOLOGY, DIABETES & METABOLISM PHYSICIAN",30
FNP,Family Nurse Practitioner,208100000X,PHYSICAL MEDICINE & REHABILITATION PHYSICIAN,30
FNP-BC,Family Nurse Practitioner Board Certified,207P00000X,EMERGENCY MEDICINE PHYSICIAN,30
FNP-C,Family Nurse Practitioner,207V00000X,OBSTETRICS & GYNECOLOGY PHYSICIAN,30
NP,Nurse Practitioner,207VX0201X,GYNECOLOGIC ONCOLOGY PHYSICIAN,30
AGACNP-BC,Adult-Gerontology Acute Care Nurse Practitioner Board Certified,208M00000X,HOSPITALIST PHYSICIAN,29
FNP-C,Family Nurse Practitioner,207RC0000X,CARDIOVASCULAR DISEASE PHYSICIAN,29
NP,Nurse Practitioner,2084P0805X,GERIATRIC PSYCHIATRY PHYSICIAN,29
ARNP,Advanced Registered Nurse Practitioner,207N00000X,DERMATOLOGY PHYSICIAN,28
FNP-BC,Family Nurse Practitioner Board Certified,208D00000X,GENERAL PRACTICE PHYSICIAN,28
NP,Nurse Practitioner,204F00000X,TRANSPLANT SURGERY PHYSICIAN,28
NP,Nurse Practitioner,2085R0202X,DIAGNOSTIC RADIOLOGY PHYSICIAN,28
FNP,Family Nurse Practitioner,207RG0100X,GASTROENTEROLOGY PHYSICIAN,27
NP,Nurse Practitioner,208200000X,PLASTIC SURGERY PHYSICIAN,27
NP,Nurse Practitioner,2083X0100X,OCCUPATIONAL MEDICINE PHYSICIAN,27
FNP,Family Nurse Practitioner,207X00000X,ORTHOPAEDIC SURGERY PHYSICIAN,26
FNP-C,Family Nurse Practitioner,207RE0101X,"ENDOCRINOLOGY, DIABETES & METABOLISM PHYSICIAN",25
NP,Nurse Practitioner,2080P0006X,DEVELOPMENTAL - BEHAVIORAL PEDIATRICS PHYSICIAN,25
NP,Nurse Practitioner,2085R0001X,RADIATION ONCOLOGY PHYSICIAN,25
NP,Nurse Practitioner,2086X0206X,SURGICAL ONCOLOGY PHYSICIAN,25
PMHNP,Psychiatric Mental Health Nurse Practitioner,207Q00000X,FAMILY MEDICINE PHYSICIAN,25
PMHNP-BC,Psychiatric Mental Health Nurse Practitioner Board Certified,207Q00000X,FAMILY MEDICINE PHYSICIAN,25
ANP,Adult Nurse Practitioner,207Q00000X,FAMILY MEDICINE PHYSICIAN,24
CRNP,Certified Registered Nurse Practitioner,207QA0505X,ADULT MEDICINE PHYSICIAN,24
FNP,Family Nurse Practitioner,207RI0011X,INTERVENTIONAL CARDIOLOGY PHYSICIAN,24
FNP,Family Nurse Practitioner,2084N0400X,NEUROLOGY PHYSICIAN,24
FNP,Family Nurse Practitioner,208600000X,SURGERY PHYSICIAN,24
NP,Nurse Practitioner,207LC0200X,CRITICAL CARE MEDICINE (ANESTHESIOLOGY) PHYSICIAN,24
NP,Nurse Practitioner,2081P2900X,PAIN MEDICINE (PHYSICAL MEDICINE & REHABILITATION) PHYSICIAN,24
FNP-C,Family Nurse Practitioner,208VP0000X,PAIN MEDICINE PHYSICIAN,23
FNP-C,Family Nurse Practitioner,207RN0300X,NEPHROLOGY PHYSICIAN,22
NP,Nurse Practitioner,2085R0204X,VASCULAR & INTERVENTIONAL RADIOLOGY PHYSICIAN,22
NP-C,Nurse Practitioner Certified,208M00000X,HOSPITALIST PHYSICIAN,22
ARNP,Advanced Registered Nurse Practitioner,207QA0505X,ADULT MEDICINE PHYSICIAN,21
FNP,Family Nurse Practitioner,207T00000X,NEUROLOGICAL SURGERY PHYSICIAN,21
NP,Nurse Practitioner,202D00000X,INTEGRATIVE MEDICINE PHYSICIAN,21
NP,Nurse Practitioner,2086S0102X,SURGICAL CRITICAL CARE PHYSICIAN,21
PMHNP,Psychiatric Mental Health Nurse Practitioner,2084P0804X,CHILD & ADOLESCENT PSYCHIATRY PHYSICIAN,21
CPNP-AC,Certified Pediatric Nurse Practitioner - Acute Care,2080P0203X,PEDIATRIC CRITICAL CARE MEDICINE PHYSICIAN,20
CRNP,Certified Registered Nurse Practitioner,207V00000X,OBSTETRICS & GYNECOLOGY PHYSICIAN,20
NP,Nurse Practitioner,207VM0101X,MATERNAL & FETAL MEDICINE PHYSICIAN,20
ARNP,Advanced Registered Nurse Practitioner,207RC0000X,CARDIOVASCULAR DISEASE PHYSICIAN,19
FNP,Family Nurse Practitioner,207QA0401X,ADDICTION MEDICINE (FAMILY MEDICINE) PHYSICIAN,19
FNP,Family Nurse Practitioner,207RP1001X,PULMONARY DISEASE PHYSICIAN,19
NP,Nurse Practitioner,2084N0402X,NEUROLOGY WITH SPECIAL QUALIFICATIONS IN CHILD NEUROLOGY PHYSICIAN,19
NP,Nurse Practitioner,2086S0122X,PLASTIC AND RECONSTRUCTIVE SURGERY PHYSICIAN,19
PMHNP-BC,Psychiatric Mental Health Nurse Practitioner Board Certified,2084P0804X,CHILD & ADOLESCENT PSYCHIATRY PHYSICIAN,19
PNP,Pediatric Nurse Practitioner,2080P0204X,PEDIATRIC EMERGENCY MEDICINE (PEDIATRICS) PHYSICIAN,19
ARNP,Advanced Registered Nurse Practitioner,208D00000X,GENERAL PRACTICE PHYSICIAN,18
FNP,Family Nurse Practitioner,207PE0004X,EMERGENCY MEDICAL SERVICES (EMERGENCY MEDICINE) PHYSICIAN,18
FNP,Family Nurse Practitioner,207RI0200X,INFECTIOUS DISEASE PHYSICIAN,18
FNP-C,Family Nurse Practitioner,2084P0800X,PSYCHIATRY PHYSICIAN,18
NP,Nurse Practitioner,207QA0000X,ADOLESCENT MEDICINE (FAMILY MEDICINE) PHYSICIAN,18
NP-C,Nurse Practitioner Certified,207P00000X,EMERGENCY MEDICINE PHYSICIAN,18
NP-C,Nurse Practitioner Certified,207QA0505X,ADULT MEDICINE PHYSICIAN,18
NP-C,Nurse Practitioner Certified,208000000X,PEDIATRICS PHYSICIAN,18
CNP,Certified Nurse Practitioner,207V00000X,OBSTETRICS & GYNECOLOGY PHYSICIAN,17
CRNP,Certified Registered Nurse Practitioner,207RC0000X,CARDIOVASCULAR DISEASE PHYSICIAN,17
FNP-BC,Family Nurse Practitioner Board Certified,208000000X,PEDIATRICS PHYSICIAN,17
FNP-C,Family Nurse Practitioner,207QA0401X,ADDICTION MEDICINE (FAMILY MEDICINE) PHYSICIAN,17
FNP-C,Family Nurse Practitioner,2084N0400X,NEUROLOGY PHYSICIAN,17
NP,Nurse Practitioner,207NS0135X,PROCEDURAL DERMATOLOGY PHYSICIAN,17
NP,Nurse Practitioner,2084B0040X,BEHAVIORAL NEUROLOGY & NEUROPSYCHIATRY PHYSICIAN,17
ANP,Adult Nurse Practitioner,207R00000X,INTERNAL MEDICINE PHYSICIAN,16
FNP,Family Nurse Practitioner,207RX0202X,MEDICAL ONCOLOGY PHYSICIAN,16
FNP-BC,Family Nurse Practitioner Board Certified,207V00000X,OBSTETRICS & GYNECOLOGY PHYSICIAN,16
FNP-C,Family Nurse Practitioner,208VP0014X,INTERVENTIONAL PAIN MEDICINE PHYSICIAN,16
NP,Nurse Practitioner,2080P0205X,PEDIATRIC ENDOCRINOLOGY PHYSICIAN,16
CRNP,Certified Registered Nurse Practitioner,207RH0003X,HEMATOLOGY & ONCOLOGY PHYSICIAN,15
CRNP,Certified Registered Nurse Practitioner,2080N0001X,NEONATAL-PERINATAL MEDICINE PHYSICIAN,15
FNP,Family Nurse Practitioner,207RH0002X,HOSPICE AND PALLIATIVE MEDICINE (INTERNAL MEDICINE) PHYSICIAN,15
FNP,Family Nurse Practitioner,207VG0400X,GYNECOLOGY PHYSICIAN,15
FNP,Family Nurse Practitioner,207Y00000X,OTOLARYNGOLOGY PHYSICIAN,15
FNP,Family Nurse Practitioner,2083P0901X,PUBLIC HEALTH & GENERAL PREVENTIVE MEDICINE PHYSICIAN,15
FNP-BC,Family Nurse Practitioner Board Certified,207N00000X,DERMATOLOGY PHYSICIAN,15
FNP-BC,Family Nurse Practitioner Board Certified,208M00000X,HOSPITALIST PHYSICIAN,15
FNP-C,Family Nurse Practitioner,207QG0300X,GERIATRIC MEDICINE (FAMILY MEDICINE) PHYSICIAN,15
FNP-C,Family Nurse Practitioner,208600000X,SURGERY PHYSICIAN,15
FNP-C,Family Nurse Practitioner,208800000X,UROLOGY PHYSICIAN,15
NP,Nurse Practitioner,2080C0008X,CHILD ABUSE PEDIATRICS PHYSICIAN,15
NP-C,Nurse Practitioner Certified,207N00000X,DERMATOLOGY PHYSICIAN,15
NP-C,Nurse Practitioner Certified,207RC0000X,CARDIOVASCULAR DISEASE PHYSICIAN,15
PMHNP,Psychiatric Mental Health Nurse Practitioner,2084P0802X,ADDICTION PSYCHIATRY PHYSICIAN,15
CNP,Certified Nurse Practitioner,207P00000X,EMERGENCY MEDICINE PHYSICIAN,14
CRNP,Certified Registered Nurse Practitioner,207P00000X,EMERGENCY MEDICINE PHYSICIAN,14
CRNP,Certified Registered Nurse Practitioner,208D00000X,GENERAL PRACTICE PHYSICIAN,14
FNP,Family Nurse Practitioner,207K00000X,ALLERGY & IMMUNOLOGY PHYSICIAN,14
FNP,Family Nurse Practitioner,207L00000X,ANESTHESIOLOGY PHYSICIAN,14
FNP,Family Nurse Practitioner,207RG0300X,GERIATRIC MEDICINE (INTERNAL MEDICINE) PHYSICIAN,14
FNP,Family Nurse Practitioner,208VP0014X,INTERVENTIONAL PAIN MEDICINE PHYSICIAN,14
FNP-BC,Family Nurse Practitioner Board Certified,207RE0101X,"ENDOCRINOLOGY, DIABETES & METABOLISM PHYSICIAN",14
FNP-C,Family Nurse Practitioner,207QH0002X,HOSPICE AND PALLIATIVE MEDICINE (FAMILY MEDICINE) PHYSICIAN,14
NP-C,Nurse Practitioner Certified,208VP0000X,PAIN MEDICINE PHYSICIAN,14
PMHNP-BC,Psychiatric Mental Health Nurse Practitioner Board Certified,2084P0805X,GERIATRIC PSYCHIATRY PHYSICIAN,14
ACNP,Acute Care Nurse Practitioner,207R00000X,INTERNAL MEDICINE PHYSICIAN,13
AGACNP-BC,Adult-Gerontology Acute Care Nurse Practitioner Board Certified,207RC0000X,CARDIOVASCULAR DISEASE PHYSICIAN,13
CRNP,Certified Registered Nurse Practitioner,207N00000X,DERMATOLOGY PHYSICIAN,13
FNP-BC,Family Nurse Practitioner Board Certified,2084P0800X,PSYCHIATRY PHYSICIAN,13
FNP-C,Family Nurse Practitioner,207RH0003X,HEMATOLOGY & ONCOLOGY PHYSICIAN,13
FNP-C,Family Nurse Practitioner,208100000X,PHYSICAL MEDICINE & REHABILITATION PHYSICIAN,13
NP,Nurse Practitioner,207KA0200X,ALLERGY PHYSICIAN,13
NP,Nurse Practitioner,207PE0005X,UNDERSEA AND HYPERBARIC MEDICINE (EMERGENCY MEDICINE) PHYSICIAN,13
NP,Nurse Practitioner,207PP0204X,PEDIATRIC EMERGENCY MEDICINE (EMERGENCY MEDICINE) PHYSICIAN,13
NP,Nurse Practitioner,207QS1201X,SLEEP MEDICINE (FAMILY MEDICINE) PHYSICIAN,13
NP,Nurse Practitioner,207RA0401X,ADDICTION MEDICINE (INTERNAL MEDICINE) PHYSICIAN,13
NP,Nurse Practitioner,2088P0231X,PEDIATRIC UROLOGY PHYSICIAN,13
WHNP,Womens Health Nurse Practitioner,207VG0400X,GYNECOLOGY PHYSICIAN,13
AG-ACNP,Adult Gerontology - Acute Care Nurse Practitioner,207LC0200X,CRITICAL CARE MEDICINE (ANESTHESIOLOGY) PHYSICIAN,12
AGACNP-BC,Adult-Gerontology Acute Care Nurse Practitioner Board Certified,207R00000X,INTERNAL MEDICINE PHYSICIAN,12
AGACNP-BC,Adult-Gerontology Acute Care Nurse Practitioner Board Certified,207RC0200X,CRITICAL CARE MEDICINE (INTERNAL MEDICINE) PHYSICIAN,12
AGPCNP-BC,Adult-Gerontology Primary Care Nurse Practitioner Board Certified,207R00000X,INTERNAL MEDICINE PHYSICIAN,12
ARNP,Advanced Registered Nurse Practitioner,208800000X,UROLOGY PHYSICIAN,12
CNP,Certified Nurse Practitioner,207RC0200X,CRITICAL CARE MEDICINE (INTERNAL MEDICINE) PHYSICIAN,12
CNP,Certified Nurse Practitioner,208M00000X,HOSPITALIST PHYSICIAN,12
CPNP,Certified Pediatric Nurse Practitioner,2080A0000X,PEDIATRIC ADOLESCENT MEDICINE PHYSICIAN,12
CPNP-AC,Certified Pediatric Nurse Practitioner - Acute Care,208000000X,PEDIATRICS PHYSICIAN,12
FNP,Family Nurse Practitioner,202D00000X,INTEGRATIVE MEDICINE PHYSICIAN,12
FNP,Family Nurse Practitioner,207QH0002X,HOSPICE AND PALLIATIVE MEDICINE (FAMILY MEDICINE) PHYSICIAN,12
FNP,Family Nurse Practitioner,207RR0500X,RHEUMATOLOGY PHYSICIAN,12
FNP,Family Nurse Practitioner,2085R0202X,DIAGNOSTIC RADIOLOGY PHYSICIAN,12
FNP-C,Family Nurse Practitioner,207RG0100X,GASTROENTEROLOGY PHYSICIAN,12
NP,Nurse Practitioner,207LP3000X,PEDIATRIC ANESTHESIOLOGY PHYSICIAN,12
NP,Nurse Practitioner,207RH0000X,HEMATOLOGY (INTERNAL MEDICINE) PHYSICIAN,12
NP,Nurse Practitioner,2083B0002X,OBESITY MEDICINE (PREVENTIVE MEDICINE) PHYSICIAN,12
NP-C,Nurse Practitioner Certified,207RH0003X,HEMATOLOGY & ONCOLOGY PHYSICIAN,12
NP-C,Nurse Practitioner Certified,207V00000X,OBSTETRICS & GYNECOLOGY PHYSICIAN,12
PNP,Pediatric Nurse Practitioner,2080P0207X,PEDIATRIC HEMATOLOGY & ONCOLOGY PHYSICIAN,12
AGNP-C,Adult-Gerontology Primary Care Nurse Practitioner,207QG0300X,GERIATRIC MEDICINE (FAMILY MEDICINE) PHYSICIAN,11
APRN-CNP,Advanced Practice Registered Nurse - Certified Nurse Practitioner,208000000X,PEDIATRICS PHYSICIAN,11
ARNP,Advanced Registered Nurse Practitioner,207QG0300X,GERIATRIC MEDICINE (FAMILY MEDICINE) PHYSICIAN,11
CNP,Certified Nurse Practitioner,207QA0505X,ADULT MEDICINE PHYSICIAN,11
CPNP,Certified Pediatric Nurse Practitioner,2080P0204X,PEDIATRIC EMERGENCY MEDICINE (PEDIATRICS) PHYSICIAN,11
CPNP,Certified Pediatric Nurse Practitioner,2080P0207X,PEDIATRIC HEMATOLOGY & ONCOLOGY PHYSICIAN,11
CRNP,Certified Registered Nurse Practitioner,207RE0101X,"ENDOCRINOLOGY, DIABETES & METABOLISM PHYSICIAN",11
CRNP,Certified Registered Nurse Practitioner,207RP1001X,PULMONARY DISEASE PHYSICIAN,11
FNP,Family Nurse Practitioner,207LP2900X,PAIN MEDICINE (ANESTHESIOLOGY) PHYSICIAN,11
FNP,Family Nurse Practitioner,207QA0000X,ADOLESCENT MEDICINE (FAMILY MEDICINE) PHYSICIAN,11
FNP-BC,Family Nurse Practitioner Board Certified,208600000X,SURGERY PHYSICIAN,11
FNP-C,Family Nurse Practitioner,207Y00000X,OTOLARYNGOLOGY PHYSICIAN,11
NP-C,Nurse Practitioner Certified,2084N0400X,NEUROLOGY PHYSICIAN,11
PMHNP,Psychiatric Mental Health Nurse Practitioner,2084A0401X,ADDICTION MEDICINE (PSYCHIATRY & NEUROLOGY) PHYSICIAN,11
PMHNP,Psychiatric Mental Health Nurse Practitioner,2084P0805X,GERIATRIC PSYCHIATRY PHYSICIAN,11
AG-ACNP,Adult Gerontology - Acute Care Nurse Practitioner,207RC0000X,CARDIOVASCULAR DISEASE PHYSICIAN,10
AGNP-C,Adult-Gerontology Primary Care Nurse Practitioner,207R00000X,INTERNAL MEDICINE PHYSICIAN,10
ARNP,Advanced Registered Nurse Practitioner,207RI0200X,INFECTIOUS DISEASE PHYSICIAN,10
CNP,Certified Nurse Practitioner,207RC0000X,CARDIOVASCULAR DISEASE PHYSICIAN,10
CNP,Certified Nurse Practitioner,207RG0100X,GASTROENTEROLOGY PHYSICIAN,10
CRNP,Certified Registered Nurse Practitioner,207RG0300X,GERIATRIC MEDICINE (INTERNAL MEDICINE) PHYSICIAN,10
FNP,Family Nurse Practitioner,207VX0201X,GYNECOLOGIC ONCOLOGY PHYSICIAN,10
FNP,Family Nurse Practitioner,2086S0129X,VASCULAR SURGERY PHYSICIAN,10
FNP-BC,Family Nurse Practitioner Board Certified,207QH0002X,HOSPICE AND PALLIATIVE MEDICINE (FAMILY MEDICINE) PHYSICIAN,10
FNP-BC,Family Nurse Practitioner Board Certified,208VP0000X,PAIN MEDICINE PHYSICIAN,10
FNP-C,Family Nurse Practitioner,207X00000X,ORTHOPAEDIC SURGERY PHYSICIAN,10
FNP-C,Family Nurse Practitioner,208200000X,PLASTIC SURGERY PHYSICIAN,10
NP,Nurse Practitioner,2080P0208X,PEDIATRIC INFECTIOUS DISEASES PHYSICIAN,10
NP,Nurse Practitioner,2083A0300X,ADDICTION MEDICINE (PREVENTIVE MEDICINE) PHYSICIAN,10
NP,Nurse Practitioner,2084A2900X,NEUROCRITICAL CARE PHYSICIAN,10
PMHNP-BC,Psychiatric Mental Health Nurse Practitioner Board Certified,2084P0802X,ADDICTION PSYCHIATRY PHYSICIAN,10
ACNP,Acute Care Nurse Practitioner,207RC0000X,CARDIOVASCULAR DISEASE PHYSICIAN,9
AG-ACNP,Adult Gerontology - Acute Care Nurse Practitioner,207R00000X,INTERNAL MEDICINE PHYSICIAN,9
AGNP,Adult-Gerontology Nurse Practitioner,207QA0505X,ADULT MEDICINE PHYSICIAN,9
ARNP,Advanced Registered Nurse Practitioner,207L00000X,ANESTHESIOLOGY PHYSICIAN,9
ARNP-C,Advanced Registered Nurse Practitioner Certified,207Q00000X,FAMILY MEDICINE PHYSICIAN,9
CFNP,Certified Family Nurse Practitioner,207R00000X,INTERNAL MEDICINE PHYSICIAN,9
CNP,Certified Nurse Practitioner,2084N0400X,NEUROLOGY PHYSICIAN,9
CNP,Certified Nurse Practitioner,208VP0000X,PAIN MEDICINE PHYSICIAN,9
CPNP,Certified Pediatric Nurse Practitioner,207RH0003X,HEMATOLOGY & ONCOLOGY PHYSICIAN,9
CPNP-AC,Certified Pediatric Nurse Practitioner - Acute Care,2080P0202X,PEDIATRIC CARDIOLOGY PHYSICIAN,9
CRNP,Certified Registered Nurse Practitioner,207RN0300X,NEPHROLOGY PHYSICIAN,9
CRNP,Certified Registered Nurse Practitioner,2080P0203X,PEDIATRIC CRITICAL CARE MEDICINE PHYSICIAN,9
CRNP,Certified Registered Nurse Practitioner,2084N0400X,NEUROLOGY PHYSICIAN,9
FNP,Family Nurse Practitioner,2083P0011X,UNDERSEA AND HYPERBARIC MEDICINE (PREVENTIVE MEDICINE) PHYSICIAN,9
FNP,Family Nurse Practitioner,208G00000X,THORACIC SURGERY (CARDIOTHORACIC VASCULAR SURGERY) PHYSICIAN,9
FNP-BC,Family Nurse Practitioner Board Certified,207QA0401X,ADDICTION MEDICINE (FAMILY MEDICINE) PHYSICIAN,9
FNP-BC,Family Nurse Practitioner Board Certified,207RC0000X,CARDIOVASCULAR DISEASE PHYSICIAN,9
FNP-C,Family Nurse Practitioner,207LP2900X,PAIN MEDICINE (ANESTHESIOLOGY) PHYSICIAN,9
FNP-C,Family Nurse Practitioner,207T00000X,NEUROLOGICAL SURGERY PHYSICIAN,9
NP,Nurse Practitioner,207VE0102X,REPRODUCTIVE ENDOCRINOLOGY PHYSICIAN,9
NP-C,Nurse Practitioner Certified,207RG0100X,GASTROENTEROLOGY PHYSICIAN,9
NP-C,Nurse Practitioner Certified,207X00000X,ORTHOPAEDIC SURGERY PHYSICIAN,9
NP-C,Nurse Practitioner Certified,2084P0800X,PSYCHIATRY PHYSICIAN,9
NP-C,Nurse Practitioner Certified,208D00000X,GENERAL PRACTICE PHYSICIAN,9
PMHNP,Psychiatric Mental Health Nurse Practitioner,2084B0040X,BEHAVIORAL NEUROLOGY & NEUROPSYCHIATRY PHYSICIAN,9
PMHNP-BC,Psychiatric Mental Health Nurse Practitioner Board Certified,2084A0401X,ADDICTION MEDICINE (PSYCHIATRY & NEUROLOGY) PHYSICIAN,9
PNP,Pediatric Nurse Practitioner,2080A0000X,PEDIATRIC ADOLESCENT MEDICINE PHYSICIAN,9
PNP,Pediatric Nurse Practitioner,2080P0202X,PEDIATRIC CARDIOLOGY PHYSICIAN,9
AGACNP-BC,Adult-Gerontology Acute Care Nurse Practitioner Board Certified,207RP1001X,PULMONARY DISEASE PHYSICIAN,8
ARNP,Advanced Registered Nurse Practitioner,208100000X,PHYSICAL MEDICINE & REHABILITATION PHYSICIAN,8
ARNP,Advanced Registered Nurse Practitioner,2083P0011X,UNDERSEA AND HYPERBARIC MEDICINE (PREVENTIVE MEDICINE) PHYSICIAN,8
CFNP,Certified Family Nurse Practitioner,207P00000X,EMERGENCY MEDICINE PHYSICIAN,8
CNP,Certified Nurse Practitioner,207RH0003X,HEMATOLOGY & ONCOLOGY PHYSICIAN,8
CPNP-AC,Certified Pediatric Nurse Practitioner - Acute Care,2086S0120X,PEDIATRIC SURGERY PHYSICIAN,8
CRNP,Certified Registered Nurse Practitioner,207QG0300X,GERIATRIC MEDICINE (FAMILY MEDICINE) PHYSICIAN,8
CRNP,Certified Registered Nurse Practitioner,208600000X,SURGERY PHYSICIAN,8
CRNP,Certified Registered Nurse Practitioner,208800000X,UROLOGY PHYSICIAN,8
FNP,Family Nurse Practitioner,207RC0200X,CRITICAL CARE MEDICINE (INTERNAL MEDICINE) PHYSICIAN,8
FNP,Family Nurse Practitioner,207RS0012X,SLEEP MEDICINE (INTERNAL MEDICINE) PHYSICIAN,8
FNP,Family Nurse Practitioner,2083B0002X,OBESITY MEDICINE (PREVENTIVE MEDICINE) PHYSICIAN,8
FNP-BC,Family Nurse Practitioner Board Certified,207X00000X,ORTHOPAEDIC SURGERY PHYSICIAN,8
FNP-C,Family Nurse Practitioner,207PE0004X,EMERGENCY MEDICAL SERVICES (EMERGENCY MEDICINE) PHYSICIAN,8
FNP-C,Family Nurse Practitioner,207RH0002X,HOSPICE AND PALLIATIVE MEDICINE (INTERNAL MEDICINE) PHYSICIAN,8
FNP-C,Family Nurse Practitioner,207RP1001X,PULMONARY DISEASE PHYSICIAN,8
FNP-C,Family Nurse Practitioner,207RR0500X,RHEUMATOLOGY PHYSICIAN,8
FNP-C,Family Nurse Practitioner,208G00000X,THORACIC SURGERY (CARDIOTHORACIC VASCULAR SURGERY) PHYSICIAN,8
NP,Nurse Practitioner,207NP0225X,PEDIATRIC DERMATOLOGY PHYSICIAN,8
NP,Nurse Practitioner,207PH0002X,HOSPICE AND PALLIATIVE MEDICINE (EMERGENCY MEDICINE) PHYSICIAN,8
NP,Nurse Practitioner,207QB0002X,OBESITY MEDICINE (FAMILY MEDICINE) PHYSICIAN,8
NP,Nurse Practitioner,207QS0010X,SPORTS MEDICINE (FAMILY MEDICINE) PHYSICIAN,8
NP,Nurse Practitioner,207RS0010X,SPORTS MEDICINE (INTERNAL MEDICINE) PHYSICIAN,8
NP,Nurse Practitioner,207VH0002X,HOSPICE AND PALLIATIVE MEDICINE (OBSTETRICS & GYNECOLOGY) PHYSICIAN,8
NP,Nurse Practitioner,207XS0106X,ORTHOPAEDIC HAND SURGERY PHYSICIAN,8
NP,Nurse Practitioner,207XX0005X,SPORTS MEDICINE (ORTHOPAEDIC SURGERY) PHYSICIAN,8
NP,Nurse Practitioner,207YP0228X,PEDIATRIC OTOLARYNGOLOGY PHYSICIAN,8
NP,Nurse Practitioner,2080P0201X,PEDIATRIC ALLERGY/IMMUNOLOGY PHYSICIAN,8
NP,Nurse Practitioner,2080P0216X,PEDIATRIC RHEUMATOLOGY PHYSICIAN,8
NP,Nurse Practitioner,2083P0500X,PREVENTIVE MEDICINE/OCCUPATIONAL ENVIRONMENTAL MEDICINE PHYSICIAN,8
NP,Nurse Practitioner,2084E0001X,EPILEPSY PHYSICIAN,8
NP-C,Nurse Practitioner Certified,208VP0014X,INTERVENTIONAL PAIN MEDICINE PHYSICIAN,8
PNP,Pediatric Nurse Practitioner,2080P0203X,PEDIATRIC CRITICAL CARE MEDICINE PHYSICIAN,8
AGNP,Adult-Gerontology Nurse Practitioner,207R00000X,INTERNAL MEDICINE PHYSICIAN,7
AGNP-C,Adult-Gerontology Primary Care Nurse Practitioner,207QA0505X,ADULT MEDICINE PHYSICIAN,7
ANP,Adult Nurse Practitioner,207P00000X,EMERGENCY MEDICINE PHYSICIAN,7
ANP,Adult Nurse Practitioner,207QA0505X,ADULT MEDICINE PHYSICIAN,7
ANP-C,Adult Nurse Practitioner Certified,207R00000X,INTERNAL MEDICINE PHYSICIAN,7
ARNP,Advanced Registered Nurse Practitioner,207RE0101X,"ENDOCRINOLOGY, DIABETES & METABOLISM PHYSICIAN",7
ARNP,Advanced Registered Nurse Practitioner,207RG0100X,GASTROENTEROLOGY PHYSICIAN,7
ARNP,Advanced Registered Nurse Practitioner,208VP0014X,INTERVENTIONAL PAIN MEDICINE PHYSICIAN,7
CFNP,Certified Family Nurse Practitioner,208000000X,PEDIATRICS PHYSICIAN,7
CNP,Certified Nurse Practitioner,207N00000X,DERMATOLOGY PHYSICIAN,7
CNP,Certified Nurse Practitioner,207RG0300X,GERIATRIC MEDICINE (INTERNAL MEDICINE) PHYSICIAN,7
CNP,Certified Nurse Practitioner,207RP1001X,PULMONARY DISEASE PHYSICIAN,7
CNP,Certified Nurse Practitioner,207T00000X,NEUROLOGICAL SURGERY PHYSICIAN,7
CNP,Certified Nurse Practitioner,207X00000X,ORTHOPAEDIC SURGERY PHYSICIAN,7
CPNP-PC,Certified Pediatric Nurse Practitioner Primary Care,2080P0006X,DEVELOPMENTAL - BEHAVIORAL PEDIATRICS PHYSICIAN,7
CRNP,Certified Registered Nurse Practitioner,207RX0202X,MEDICAL ONCOLOGY PHYSICIAN,7
CRNP,Certified Registered Nurse Practitioner,207T00000X,NEUROLOGICAL SURGERY PHYSICIAN,7
CRNP,Certified Registered Nurse Practitioner,2080P0207X,PEDIATRIC HEMATOLOGY & ONCOLOGY PHYSICIAN,7
CRNP,Certified Registered Nurse Practitioner,208100000X,PHYSICAL MEDICINE & REHABILITATION PHYSICIAN,7
FNP,Family Nurse Practitioner,2081P2900X,PAIN MEDICINE (PHYSICAL MEDICINE & REHABILITATION) PHYSICIAN,7
FNP,Family Nurse Practitioner,2086S0122X,PLASTIC AND RECONSTRUCTIVE SURGERY PHYSICIAN,7
FNP-BC,Family Nurse Practitioner Board Certified,208800000X,UROLOGY PHYSICIAN,7
FNP-C,Family Nurse Practitioner,207RI0011X,INTERVENTIONAL CARDIOLOGY PHYSICIAN,7
FNP-C,Family Nurse Practitioner,2083B0002X,OBESITY MEDICINE (PREVENTIVE MEDICINE) PHYSICIAN,7
FNP-C,Family Nurse Practitioner,2083P0011X,UNDERSEA AND HYPERBARIC MEDICINE (PREVENTIVE MEDICINE) PHYSICIAN,7
NNP,Neonatal Nurse Practitioner,208000000X,PEDIATRICS PHYSICIAN,7
NP,Nurse Practitioner,207RI0008X,HEPATOLOGY PHYSICIAN,7
NP,Nurse Practitioner,207VF0040X,UROGYNECOLOGY AND RECONSTRUCTIVE PELVIC SURGERY (OBSTETRICS & GYNECOLOGY) PHYSICIAN,7
NP,Nurse Practitioner,207XS0117X,ORTHOPAEDIC SURGERY OF THE SPINE PHYSICIAN,7
NP,Nurse Practitioner,2080P0210X,PEDIATRIC NEPHROLOGY PHYSICIAN,7
NP-C,Nurse Practitioner Certified,207QA0401X,ADDICTION MEDICINE (FAMILY MEDICINE) PHYSICIAN,7
NP-C,Nurse Practitioner Certified,207RE0101X,"ENDOCRINOLOGY, DIABETES & METABOLISM PHYSICIAN",7
NP-C,Nurse Practitioner Certified,207RN0300X,NEPHROLOGY PHYSICIAN,7
NP-C,Nurse Practitioner Certified,208600000X,SURGERY PHYSICIAN,7
NPC,Nurse Practitioner Certified,207Q00000X,FAMILY MEDICINE PHYSICIAN,7
PNP,Pediatric Nurse Practitioner,208M00000X,HOSPITALIST PHYSICIAN,7
ACNPC-AG,Acute Care Nurse Practitioner Certified (Adult-Gerontology),208M00000X,HOSPITALIST PHYSICIAN,6
AG-ACNP,Adult Gerontology - Acute Care Nurse Practitioner,207RP1001X,PULMONARY DISEASE PHYSICIAN,6
AGACNP-BC,Adult-Gerontology Acute Care Nurse Practitioner Board Certified,207RH0002X,HOSPICE AND PALLIATIVE MEDICINE (INTERNAL MEDICINE) PHYSICIAN,6
AGACNP-BC,Adult-Gerontology Acute Care Nurse Practitioner Board Certified,207RI0011X,INTERVENTIONAL CARDIOLOGY PHYSICIAN,6
AGACNP-BC,Adult-Gerontology Acute Care Nurse Practitioner Board Certified,2084N0400X,NEUROLOGY PHYSICIAN,6
AGNP,Adult-Gerontology Nurse Practitioner,207Q00000X,FAMILY MEDICINE PHYSICIAN,6
AGNP,Adult-Gerontology Nurse Practitioner,207QG0300X,GERIATRIC MEDICINE (FAMILY MEDICINE) PHYSICIAN,6
AGPCNP-BC,Adult-Gerontology Primary Care Nurse Practitioner Board Certified,207Q00000X,FAMILY MEDICINE PHYSICIAN,6
ANP,Adult Nurse Practitioner,207RC0000X,CARDIOVASCULAR DISEASE PHYSICIAN,6
APRN-CNP,Advanced Practice Registered Nurse - Certified Nurse Practitioner,207R00000X,INTERNAL MEDICINE PHYSICIAN,6
APRN-CNP,Advanced Practice Registered Nurse - Certified Nurse Practitioner,207V00000X,OBSTETRICS & GYNECOLOGY PHYSICIAN,6
APRN-CNP,Advanced Practice Registered Nurse - Certified Nurse Practitioner,2084P0800X,PSYCHIATRY PHYSICIAN,6
APRN-CNP,Advanced Practice Registered Nurse - Certified Nurse Practitioner,208D00000X,GENERAL PRACTICE PHYSICIAN,6
ARNP,Advanced Registered Nurse Practitioner,207QA0401X,ADDICTION MEDICINE (FAMILY MEDICINE) PHYSICIAN,6
ARNP,Advanced Registered Nurse Practitioner,207RP1001X,PULMONARY DISEASE PHYSICIAN,6
ARNP,Advanced Registered Nurse Practitioner,2080N0001X,NEONATAL-PERINATAL MEDICINE PHYSICIAN,6
ARNP,Advanced Registered Nurse Practitioner,2083X0100X,OCCUPATIONAL MEDICINE PHYSICIAN,6
CNP,Certified Nurse Practitioner,2080N0001X,NEONATAL-PERINATAL MEDICINE PHYSICIAN,6
CPNP,Certified Pediatric Nurse Practitioner,2080P0006X,DEVELOPMENTAL - BEHAVIORAL PEDIATRICS PHYSICIAN,6
CPNP,Certified Pediatric Nurse Practitioner,2084N0402X,NEUROLOGY WITH SPECIAL QUALIFICATIONS IN CHILD NEUROLOGY PHYSICIAN,6
CPNP-AC,Certified Pediatric Nurse Practitioner - Acute Care,2080P0207X,PEDIATRIC HEMATOLOGY & ONCOLOGY PHYSICIAN,6
CPNP-PC,Certified Pediatric Nurse Practitioner Primary Care,2080P0206X,PEDIATRIC GASTROENTEROLOGY PHYSICIAN,6
CRNP,Certified Registered Nurse Practitioner,207QH0002X,HOSPICE AND PALLIATIVE MEDICINE (FAMILY MEDICINE) PHYSICIAN,6
CRNP,Certified Registered Nurse Practitioner,207X00000X,ORTHOPAEDIC SURGERY PHYSICIAN,6
CRNP,Certified Registered Nurse Practitioner,2080P0204X,PEDIATRIC EMERGENCY MEDICINE (PEDIATRICS) PHYSICIAN,6
CRNP,Certified Registered Nurse Practitioner,208VP0000X,PAIN MEDICINE PHYSICIAN,6
FNP,Family Nurse Practitioner,207KA0200X,ALLERGY PHYSICIAN,6
FNP,Family Nurse Practitioner,207QS1201X,SLEEP MEDICINE (FAMILY MEDICINE) PHYSICIAN,6
FNP,Family Nurse Practitioner,2080A0000X,PEDIATRIC ADOLESCENT MEDICINE PHYSICIAN,6
FNP-BC,Family Nurse Practitioner Board Certified,207RG0100X,GASTROENTEROLOGY PHYSICIAN,6
FNP-BC,Family Nurse Practitioner Board Certified,207RH0003X,HEMATOLOGY & ONCOLOGY PHYSICIAN,6
FNP-BC,Family Nurse Practitioner Board Certified,207RN0300X,NEPHROLOGY PHYSICIAN,6
FNP-C,Family Nurse Practitioner,202D00000X,INTEGRATIVE MEDICINE PHYSICIAN,6
FNP-C,Family Nurse Practitioner,207QB0002X,OBESITY MEDICINE (FAMILY MEDICINE) PHYSICIAN,6
FNP-C,Family Nurse Practitioner,207RI0200X,INFECTIOUS DISEASE PHYSICIAN,6
NNP,Neonatal Nurse Practitioner,207RH0002X,HOSPICE AND PALLIATIVE MEDICINE (INTERNAL MEDICINE) PHYSICIAN,6
NP,Nurse Practitioner,207W00000X,OPHTHALMOLOGY PHYSICIAN,6
NP,Nurse Practitioner,207XX0801X,ORTHOPAEDIC TRAUMA PHYSICIAN,6
NP,Nurse Practitioner,2085P0229X,PEDIATRIC RADIOLOGY PHYSICIAN,6
NP-C,Nurse Practitioner Certified,207RH0002X,HOSPICE AND PALLIATIVE MEDICINE (INTERNAL MEDICINE) PHYSICIAN,6
NP-C,Nurse Practitioner Certified,207RI0200X,INFECTIOUS DISEASE PHYSICIAN,6
NP-C,Nurse Practitioner Certified,208100000X,PHYSICAL MEDICINE & REHABILITATION PHYSICIAN,6
PNP,Pediatric Nurse Practitioner,207Q00000X,FAMILY MEDICINE PHYSICIAN,6
PNP,Pediatric Nurse Practitioner,2080P0206X,PEDIATRIC GASTROENTEROLOGY PHYSICIAN,6
ACNP,Acute Care Nurse Practitioner,207RC0200X,CRITICAL CARE MEDICINE (INTERNAL MEDICINE) PHYSICIAN,5
ACNP,Acute Care Nurse Practitioner,207RP1001X,PULMONARY DISEASE PHYSICIAN,5
ACNP-BC,Acute Care Nurse Practitioner Board Certified,207RC0000X,CARDIOVASCULAR DISEASE PHYSICIAN,5
AG-ACNP,Adult Gerontology - Acute Care Nurse Practitioner,207P00000X,EMERGENCY MEDICINE PHYSICIAN,5
AG-ACNP,Adult Gerontology - Acute Care Nurse Practitioner,2084A2900X,NEUROCRITICAL CARE PHYSICIAN,5
AG-ACNP,Adult Gerontology - Acute Care Nurse Practitioner,208600000X,SURGERY PHYSICIAN,5
AGACNP-BC,Adult-Gerontology Acute Care Nurse Practitioner Board Certified,207LC0200X,CRITICAL CARE MEDICINE (ANESTHESIOLOGY) PHYSICIAN,5
AGACNP-BC,Adult-Gerontology Acute Care Nurse Practitioner Board Certified,207RH0003X,HEMATOLOGY & ONCOLOGY PHYSICIAN,5
AGACNP-BC,Adult-Gerontology Acute Care Nurse Practitioner Board Certified,208600000X,SURGERY PHYSICIAN,5
AGACNP-BC,Adult-Gerontology Acute Care Nurse Practitioner Board Certified,208G00000X,THORACIC SURGERY (CARDIOTHORACIC VASCULAR SURGERY) PHYSICIAN,5
AGNP-C,Adult-Gerontology Primary Care Nurse Practitioner,207Q00000X,FAMILY MEDICINE PHYSICIAN,5
AGPCNP-BC,Adult-Gerontology Primary Care Nurse Practitioner Board Certified,207QA0505X,ADULT MEDICINE PHYSICIAN,5
AGPCNP-BC,Adult-Gerontology Primary Care Nurse Practitioner Board Certified,207QG0300X,GERIATRIC MEDICINE (FAMILY MEDICINE) PHYSICIAN,5
AGPCNP-BC,Adult-Gerontology Primary Care Nurse Practitioner Board Certified,207RG0300X,GERIATRIC MEDICINE (INTERNAL MEDICINE) PHYSICIAN,5
ARNP,Advanced Registered Nurse Practitioner,207RC0200X,CRITICAL CARE MEDICINE (INTERNAL MEDICINE) PHYSICIAN,5
ARNP,Advanced Registered Nurse Practitioner,207RN0300X,NEPHROLOGY PHYSICIAN,5
ARNP,Advanced Registered Nurse Practitioner,207RR0500X,RHEUMATOLOGY PHYSICIAN,5
ARNP,Advanced Registered Nurse Practitioner,2084N0400X,NEUROLOGY PHYSICIAN,5
ARNP,Advanced Registered Nurse Practitioner,2085R0001X,RADIATION ONCOLOGY PHYSICIAN,5
ARNP,Advanced Registered Nurse Practitioner,2085R0202X,DIAGNOSTIC RADIOLOGY PHYSICIAN,5
CNP,Certified Nurse Practitioner,207QH0002X,HOSPICE AND PALLIATIVE MEDICINE (FAMILY MEDICINE) PHYSICIAN,5
CNP,Certified Nurse Practitioner,207VE0102X,REPRODUCTIVE ENDOCRINOLOGY PHYSICIAN,5
CNP,Certified Nurse Practitioner,207VG0400X,GYNECOLOGY PHYSICIAN,5
CNP,Certified Nurse Practitioner,207VX0000X,OBSTETRICS PHYSICIAN,5
CNP,Certified Nurse Practitioner,208800000X,UROLOGY PHYSICIAN,5
CNP,Certified Nurse Practitioner,208D00000X,GENERAL PRACTICE PHYSICIAN,5
CPNP,Certified Pediatric Nurse Practitioner,207Q00000X,FAMILY MEDICINE PHYSICIAN,5
CPNP,Certified Pediatric Nurse Practitioner,2080C0008X,CHILD ABUSE PEDIATRICS PHYSICIAN,5
CPNP,Certified Pediatric Nurse Practitioner,2080P0206X,PEDIATRIC GASTROENTEROLOGY PHYSICIAN,5
CPNP,Certified Pediatric Nurse Practitioner,2086S0120X,PEDIATRIC SURGERY PHYSICIAN,5
CPNP-AC,Certified Pediatric Nurse Practitioner - Acute Care,2080P0214X,PEDIATRIC PULMONOLOGY PHYSICIAN,5
CRNP,Certified Registered Nurse Practitioner,207RC0200X,CRITICAL CARE MEDICINE (INTERNAL MEDICINE) PHYSICIAN,5
CRNP,Certified Registered Nurse Practitioner,207RH0002X,HOSPICE AND PALLIATIVE MEDICINE (INTERNAL MEDICINE) PHYSICIAN,5
CRNP,Certified Registered Nurse Practitioner,207RI0200X,INFECTIOUS DISEASE PHYSICIAN,5
CRNP,Certified Registered Nurse Practitioner,207Y00000X,OTOLARYNGOLOGY PHYSICIAN,5
CRNP,Certified Registered Nurse Practitioner,2086S0127X,TRAUMA SURGERY PHYSICIAN,5
ENP-C,Emergency Nurse Practitioner,207P00000X,EMERGENCY MEDICINE PHYSICIAN,5
FNP,Family Nurse Practitioner,207VX0000X,OBSTETRICS PHYSICIAN,5
FNP,Family Nurse Practitioner,2080P0214X,PEDIATRIC PULMONOLOGY PHYSICIAN,5
FNP,Family Nurse Practitioner,2083P0500X,PREVENTIVE MEDICINE/OCCUPATIONAL ENVIRONMENTAL MEDICINE PHYSICIAN,5
FNP-BC,Family Nurse Practitioner Board Certified,207QG0300X,GERIATRIC MEDICINE (FAMILY MEDICINE) PHYSICIAN,5
FNP-BC,Family Nurse Practitioner Board Certified,207RP1001X,PULMONARY DISEASE PHYSICIAN,5
FNP-BC,Family Nurse Practitioner Board Certified,2084N0400X,NEUROLOGY PHYSICIAN,5
FNP-C,Family Nurse Practitioner,207RX0202X,MEDICAL ONCOLOGY PHYSICIAN,5
FNP-C,Family Nurse Practitioner,2080P0206X,PEDIATRIC GASTROENTEROLOGY PHYSICIAN,5
FNP-C,Family Nurse Practitioner,2083P0901X,PUBLIC HEALTH & GENERAL PREVENTIVE MEDICINE PHYSICIAN,5
NP,Nurse Practitioner,202C00000X,INDEPENDENT MEDICAL EXAMINER PHYSICIAN,5
NP,Nurse Practitioner,207LH0002X,HOSPICE AND PALLIATIVE MEDICINE (ANESTHESIOLOGY) PHYSICIAN,5
NP,Nurse Practitioner,207RB0002X,OBESITY MEDICINE (INTERNAL MEDICINE) PHYSICIAN,5
NP,Nurse Practitioner,207XP3100X,PEDIATRIC ORTHOPAEDIC SURGERY PHYSICIAN,5
NP-C,Nurse Practitioner Certified,207T00000X,NEUROLOGICAL SURGERY PHYSICIAN,5
PMHNP-BC,Psychiatric Mental Health Nurse Practitioner Board Certified,207QA0401X,ADDICTION MEDICINE (FAMILY MEDICINE) PHYSICIAN,5
PMHNP-BC,Psychiatric Mental Health Nurse Practitioner Board Certified,2084B0040X,BEHAVIORAL NEUROLOGY & NEUROPSYCHIATRY PHYSICIAN,5
WHNP,Womens Health Nurse Practitioner,207VX0000X,OBSTETRICS PHYSICIAN,5
WHNP-BC,Womens Health Nurse Practitioner Board Certified,207VG0400X,GYNECOLOGY PHYSICIAN,5
ACNP,Acute Care Nurse Practitioner,207P00000X,EMERGENCY MEDICINE PHYSICIAN,4
ACNP,Acute Care Nurse Practitioner,208G00000X,THORACIC SURGERY (CARDIOTHORACIC VASCULAR SURGERY) PHYSICIAN,4
ACNP,Acute Care Nurse Practitioner,208M00000X,HOSPITALIST PHYSICIAN,4
ACNP-BC,Acute Care Nurse Practitioner Board Certified,207RC0200X,CRITICAL CARE MEDICINE (INTERNAL MEDICINE) PHYSICIAN,4
ACNPC-AG,Acute Care Nurse Practitioner Certified (Adult-Gerontology),207Q00000X,FAMILY MEDICINE PHYSICIAN,4
AG-ACNP,Adult Gerontology - Acute Care Nurse Practitioner,207RC0200X,CRITICAL CARE MEDICINE (INTERNAL MEDICINE) PHYSICIAN,4
AG-ACNP,Adult Gerontology - Acute Care Nurse Practitioner,207RH0003X,HEMATOLOGY & ONCOLOGY PHYSICIAN,4
AG-ACNP,Adult Gerontology - Acute Care Nurse Practitioner,207T00000X,NEUROLOGICAL SURGERY PHYSICIAN,4
AG-ACNP,Adult Gerontology - Acute Care Nurse Practitioner,208G00000X,THORACIC SURGERY (CARDIOTHORACIC VASCULAR SURGERY) PHYSICIAN,4
AGACNP-BC,Adult-Gerontology Acute Care Nurse Practitioner Board Certified,207P00000X,EMERGENCY MEDICINE PHYSICIAN,4
AGACNP-BC,Adult-Gerontology Acute Care Nurse Practitioner Board Certified,207QG0300X,GERIATRIC MEDICINE (FAMILY MEDICINE) PHYSICIAN,4
AGACNP-BC,Adult-Gerontology Acute Care Nurse Practitioner Board Certified,207RG0300X,GERIATRIC MEDICINE (INTERNAL MEDICINE) PHYSICIAN,4
AGACNP-BC,Adult-Gerontology Acute Care Nurse Practitioner Board Certified,207T00000X,NEUROLOGICAL SURGERY PHYSICIAN,4
AGNP-C,Adult-Gerontology Primary Care Nurse Practitioner,207N00000X,DERMATOLOGY PHYSICIAN,4
AGNP-C,Adult-Gerontology Primary Care Nurse Practitioner,207RI0200X,INFECTIOUS DISEASE PHYSICIAN,4
AGNP-C,Adult-Gerontology Primary Care Nurse Practitioner,208D00000X,GENERAL PRACTICE PHYSICIAN,4
AGPCNP,Adult Gerontology Primary Care Nurse Practitioner,207QG0300X,GERIATRIC MEDICINE (FAMILY MEDICINE) PHYSICIAN,4
ANP,Adult Nurse Practitioner,207N00000X,DERMATOLOGY PHYSICIAN,4
ANP,Adult Nurse Practitioner,207QH0002X,HOSPICE AND PALLIATIVE MEDICINE (FAMILY MEDICINE) PHYSICIAN,4
ANP,Adult Nurse Practitioner,208800000X,UROLOGY PHYSICIAN,4
APNP,Advanced Practice Nurse Practitioner,207R00000X,INTERNAL MEDICINE PHYSICIAN,4
APNP,Advanced Practice Nurse Practitioner,208D00000X,GENERAL PRACTICE PHYSICIAN,4
ARNP,Advanced Registered Nurse Practitioner,207K00000X,ALLERGY & IMMUNOLOGY PHYSICIAN,4
ARNP,Advanced Registered Nurse Practitioner,207PE0004X,EMERGENCY MEDICAL SERVICES (EMERGENCY MEDICINE) PHYSICIAN,4
ARNP,Advanced Registered Nurse Practitioner,207QH0002X,HOSPICE AND PALLIATIVE MEDICINE (FAMILY MEDICINE) PHYSICIAN,4
ARNP,Advanced Registered Nurse Practitioner,207RH0003X,HEMATOLOGY & ONCOLOGY PHYSICIAN,4
ARNP,Advanced Registered Nurse Practitioner,207RX0202X,MEDICAL ONCOLOGY PHYSICIAN,4
ARNP,Advanced Registered Nurse Practitioner,207T00000X,NEUROLOGICAL SURGERY PHYSICIAN,4
ARNP,Advanced Registered Nurse Practitioner,207VG0400X,GYNECOLOGY PHYSICIAN,4
ARNP,Advanced Registered Nurse Practitioner,207X00000X,ORTHOPAEDIC SURGERY PHYSICIAN,4
ARNP,Advanced Registered Nurse Practitioner,208600000X,SURGERY PHYSICIAN,4
CNP,Certified Nurse Practitioner,207LC0200X,CRITICAL CARE MEDICINE (ANESTHESIOLOGY) PHYSICIAN,4
CNP,Certified Nurse Practitioner,207PE0004X,EMERGENCY MEDICAL SERVICES (EMERGENCY MEDICINE) PHYSICIAN,4
CNP,Certified Nurse Practitioner,207QG0300X,GERIATRIC MEDICINE (FAMILY MEDICINE) PHYSICIAN,4
CNP,Certified Nurse Practitioner,207RE0101X,"ENDOCRINOLOGY, DIABETES & METABOLISM PHYSICIAN",4
CNP,Certified Nurse Practitioner,207RH0002X,HOSPICE AND PALLIATIVE MEDICINE (INTERNAL MEDICINE) PHYSICIAN,4
CNP,Certified Nurse Practitioner,207RI0011X,INTERVENTIONAL CARDIOLOGY PHYSICIAN,4
CNP,Certified Nurse Practitioner,207RI0200X,INFECTIOUS DISEASE PHYSICIAN,4
CNP,Certified Nurse Practitioner,207RN0300X,NEPHROLOGY PHYSICIAN,4
CNP,Certified Nurse Practitioner,2080P0006X,DEVELOPMENTAL - BEHAVIORAL PEDIATRICS PHYSICIAN,4
CNP,Certified Nurse Practitioner,208100000X,PHYSICAL MEDICINE & REHABILITATION PHYSICIAN,4
CNP,Certified Nurse Practitioner,208200000X,PLASTIC SURGERY PHYSICIAN,4
CNP,Certified Nurse Practitioner,208600000X,SURGERY PHYSICIAN,4
CNP,Certified Nurse Practitioner,2086S0127X,TRAUMA SURGERY PHYSICIAN,4
CNP,Certified Nurse Practitioner,2086S0129X,VASCULAR SURGERY PHYSICIAN,4
CNP,Certified Nurse Practitioner,208G00000X,THORACIC SURGERY (CARDIOTHORACIC VASCULAR SURGERY) PHYSICIAN,4
CPNP,Certified Pediatric Nurse Practitioner,2080P0202X,PEDIATRIC CARDIOLOGY PHYSICIAN,4
CPNP,Certified Pediatric Nurse Practitioner,2080P0203X,PEDIATRIC CRITICAL CARE MEDICINE PHYSICIAN,4
CPNP-AC,Certified Pediatric Nurse Practitioner - Acute Care,2080P0204X,PEDIATRIC EMERGENCY MEDICINE (PEDIATRICS) PHYSICIAN,4
CRNP,Certified Registered Nurse Practitioner,207RG0100X,GASTROENTEROLOGY PHYSICIAN,4
CRNP,Certified Registered Nurse Practitioner,207VM0101X,MATERNAL & FETAL MEDICINE PHYSICIAN,4
CRNP,Certified Registered Nurse Practitioner,207VX0000X,OBSTETRICS PHYSICIAN,4
FNP,Family Nurse Practitioner,207RC0001X,CLINICAL CARDIAC ELECTROPHYSIOLOGY PHYSICIAN,4
FNP,Family Nurse Practitioner,207VM0101X,MATERNAL & FETAL MEDICINE PHYSICIAN,4
FNP,Family Nurse Practitioner,207XS0117X,ORTHOPAEDIC SURGERY OF THE SPINE PHYSICIAN,4
FNP,Family Nurse Practitioner,207XX0005X,SPORTS MEDICINE (ORTHOPAEDIC SURGERY) PHYSICIAN,4
FNP,Family Nurse Practitioner,2080P0202X,PEDIATRIC CARDIOLOGY PHYSICIAN,4
FNP,Family Nurse Practitioner,2080P0204X,PEDIATRIC EMERGENCY MEDICINE (PEDIATRICS) PHYSICIAN,4
FNP,Family Nurse Practitioner,2080P0206X,PEDIATRIC GASTROENTEROLOGY PHYSICIAN,4
FNP,Family Nurse Practitioner,2080P0207X,PEDIATRIC HEMATOLOGY & ONCOLOGY PHYSICIAN,4
FNP,Family Nurse Practitioner,2084A0401X,ADDICTION MEDICINE (PSYCHIATRY & NEUROLOGY) PHYSICIAN,4
FNP,Family Nurse Practitioner,2084P0804X,CHILD & ADOLESCENT PSYCHIATRY PHYSICIAN,4
FNP-BC,Family Nurse Practitioner Board Certified,207PE0004X,EMERGENCY MEDICAL SERVICES (EMERGENCY MEDICINE) PHYSICIAN,4
FNP-BC,Family Nurse Practitioner Board Certified,207T00000X,NEUROLOGICAL SURGERY PHYSICIAN,4
FNP-BC,Family Nurse Practitioner Board Certified,2080P0207X,PEDIATRIC HEMATOLOGY & ONCOLOGY PHYSICIAN,4
FNP-BC,Family Nurse Practitioner Board Certified,208VP0014X,INTERVENTIONAL PAIN MEDICINE PHYSICIAN,4
FNP-C,Family Nurse Practitioner,207L00000X,ANESTHESIOLOGY PHYSICIAN,4
FNP-C,Family Nurse Practitioner,207QA0000X,ADOLESCENT MEDICINE (FAMILY MEDICINE) PHYSICIAN,4
FNP-C,Family Nurse Practitioner,207RG0300X,GERIATRIC MEDICINE (INTERNAL MEDICINE) PHYSICIAN,4
FNP-C,Family Nurse Practitioner,207RS0012X,SLEEP MEDICINE (INTERNAL MEDICINE) PHYSICIAN,4
FNP-C,Family Nurse Practitioner,207VG0400X,GYNECOLOGY PHYSICIAN,4
FNP-C,Family Nurse Practitioner,207VX0201X,GYNECOLOGIC ONCOLOGY PHYSICIAN,4
FNP-C,Family Nurse Practitioner,2080C0008X,CHILD ABUSE PEDIATRICS PHYSICIAN,4
FNP-C,Family Nurse Practitioner,2083X0100X,OCCUPATIONAL MEDICINE PHYSICIAN,4
FNP-C,Family Nurse Practitioner,2084B0040X,BEHAVIORAL NEUROLOGY & NEUROPSYCHIATRY PHYSICIAN,4
FNP-C,Family Nurse Practitioner,2085R0204X,VASCULAR & INTERVENTIONAL RADIOLOGY PHYSICIAN,4
NNP-BC,Neonatal Nurse Practitioner Board Certified,208000000X,PEDIATRICS PHYSICIAN,4
NP,Nurse Practitioner,207RA0000X,ADOLESCENT MEDICINE (INTERNAL MEDICINE) PHYSICIAN,4
NP,Nurse Practitioner,207RT0003X,TRANSPLANT HEPATOLOGY PHYSICIAN,4
NP,Nurse Practitioner,207ZN0500X,NEUROPATHOLOGY PHYSICIAN,4
NP,Nurse Practitioner,2080P0008X,PEDIATRIC NEURODEVELOPMENTAL DISABILITIES PHYSICIAN,4
NP,Nurse Practitioner,2081P0010X,PEDIATRIC REHABILITATION MEDICINE PHYSICIAN,4
NP,Nurse Practitioner,2084P0005X,NEURODEVELOPMENTAL DISABILITIES PHYSICIAN,4
NP,Nurse Practitioner,208C00000X,COLON & RECTAL SURGERY PHYSICIAN,4
NP-C,Nurse Practitioner Certified,207L00000X,ANESTHESIOLOGY PHYSICIAN,4
NP-C,Nurse Practitioner Certified,207QA0000X,ADOLESCENT MEDICINE (FAMILY MEDICINE) PHYSICIAN,4
NP-C,Nurse Practitioner Certified,207QG0300X,GERIATRIC MEDICINE (FAMILY MEDICINE) PHYSICIAN,4
NP-C,Nurse Practitioner Certified,207RG0300X,GERIATRIC MEDICINE (INTERNAL MEDICINE) PHYSICIAN,4
NP-C,Nurse Practitioner Certified,207RI0011X,INTERVENTIONAL CARDIOLOGY PHYSICIAN,4
NP-C,Nurse Practitioner Certified,207VX0201X,GYNECOLOGIC ONCOLOGY PHYSICIAN,4
PMHNP,Psychiatric Mental Health Nurse Practitioner,207R00000X,INTERNAL MEDICINE PHYSICIAN,4
PMHNP,Psychiatric Mental Health Nurse Practitioner,2084N0400X,NEUROLOGY PHYSICIAN,4
PMHNP-BC,Psychiatric Mental Health Nurse Practitioner Board Certified,208000000X,PEDIATRICS PHYSICIAN,4
PNP,Pediatric Nurse Practitioner,2084N0400X,NEUROLOGY PHYSICIAN,4
PNP,Pediatric Nurse Practitioner,2084N0402X,NEUROLOGY WITH SPECIAL QUALIFICATIONS IN CHILD NEUROLOGY PHYSICIAN,4
RNP,Registered Nurse Practitioner,207Q00000X,FAMILY MEDICINE PHYSICIAN,4
RNP,Registered Nurse Practitioner,207V00000X,OBSTETRICS & GYNECOLOGY PHYSICIAN,4
WHNP,Womens Health Nurse Practitioner,207Q00000X,FAMILY MEDICINE PHYSICIAN,4
WHNP-BC,Womens Health Nurse Practitioner Board Certified,207VE0102X,REPRODUCTIVE ENDOCRINOLOGY PHYSICIAN,4
ACNP,Acute Care Nurse Practitioner,207T00000X,NEUROLOGICAL SURGERY PHYSICIAN,3
ACNP,Acute Care Nurse Practitioner,207X00000X,ORTHOPAEDIC SURGERY PHYSICIAN,3
ACNP,Acute Care Nurse Practitioner,2084N0400X,NEUROLOGY PHYSICIAN,3
ACNP,Acute Care Nurse Practitioner,208600000X,SURGERY PHYSICIAN,3
ACNP-BC,Acute Care Nurse Practitioner Board Certified,2084P0800X,PSYCHIATRY PHYSICIAN,3
ACNPC-AG,Acute Care Nurse Practitioner Certified (Adult-Gerontology),207RC0000X,CARDIOVASCULAR DISEASE PHYSICIAN,3
ACNPC-AG,Acute Care Nurse Practitioner Certified (Adult-Gerontology),207RC0200X,CRITICAL CARE MEDICINE (INTERNAL MEDICINE) PHYSICIAN,3
ACNPC-AG,Acute Care Nurse Practitioner Certified (Adult-Gerontology),208600000X,SURGERY PHYSICIAN,3
ACNPC-AG,Acute Care Nurse Practitioner Certified (Adult-Gerontology),208G00000X,THORACIC SURGERY (CARDIOTHORACIC VASCULAR SURGERY) PHYSICIAN,3
AG-ACNP,Adult Gerontology - Acute Care Nurse Practitioner,207RE0101X,"ENDOCRINOLOGY, DIABETES & METABOLISM PHYSICIAN",3
AG-ACNP,Adult Gerontology - Acute Care Nurse Practitioner,207RN0300X,NEPHROLOGY PHYSICIAN,3
AG-ACNP,Adult Gerontology - Acute Care Nurse Practitioner,2084N0400X,NEUROLOGY PHYSICIAN,3
AGACNP-BC,Adult-Gerontology Acute Care Nurse Practitioner Board Certified,207Q00000X,FAMILY MEDICINE PHYSICIAN,3
AGACNP-BC,Adult-Gerontology Acute Care Nurse Practitioner Board Certified,207RC0001X,CLINICAL CARDIAC ELECTROPHYSIOLOGY PHYSICIAN,3
AGACNP-BC,Adult-Gerontology Acute Care Nurse Practitioner Board Certified,207RE0101X,"ENDOCRINOLOGY, DIABETES & METABOLISM PHYSICIAN",3
AGACNP-BC,Adult-Gerontology Acute Care Nurse Practitioner Board Certified,2086S0102X,SURGICAL CRITICAL CARE PHYSICIAN,3
AGACNP-BC,Adult-Gerontology Acute Care Nurse Practitioner Board Certified,2086S0127X,TRAUMA SURGERY PHYSICIAN,3
AGNP,Adult-Gerontology Nurse Practitioner,207RC0000X,CARDIOVASCULAR DISEASE PHYSICIAN,3
AGNP,Adult-Gerontology Nurse Practitioner,207RG0300X,GERIATRIC MEDICINE (INTERNAL MEDICINE) PHYSICIAN,3
AGNP,Adult-Gerontology Nurse Practitioner,207RH0002X,HOSPICE AND PALLIATIVE MEDICINE (INTERNAL MEDICINE) PHYSICIAN,3
AGNP-C,Adult-Gerontology Primary Care Nurse Practitioner,207RC0000X,CARDIOVASCULAR DISEASE PHYSICIAN,3
AGNP-C,Adult-Gerontology Primary Care Nurse Practitioner,2084P0800X,PSYCHIATRY PHYSICIAN,3
AGPCNP,Adult Gerontology Primary Care Nurse Practitioner,208D00000X,GENERAL PRACTICE PHYSICIAN,3
ANP,Adult Nurse Practitioner,207RG0300X,GERIATRIC MEDICINE (INTERNAL MEDICINE) PHYSICIAN,3
ANP,Adult Nurse Practitioner,207RH0002X,HOSPICE AND PALLIATIVE MEDICINE (INTERNAL MEDICINE) PHYSICIAN,3
ANP,Adult Nurse Practitioner,207RI0200X,INFECTIOUS DISEASE PHYSICIAN,3
ANP,Adult Nurse Practitioner,2084N0400X,NEUROLOGY PHYSICIAN,3
ANP,Adult Nurse Practitioner,2084P0800X,PSYCHIATRY PHYSICIAN,3
ANP,Adult Nurse Practitioner,208D00000X,GENERAL PRACTICE PHYSICIAN,3
ANP,Adult Nurse Practitioner,208M00000X,HOSPITALIST PHYSICIAN,3
ANP-BC,Adult Nurse Practitioner Board Certified,207Q00000X,FAMILY MEDICINE PHYSICIAN,3
ANP-BC,Adult Nurse Practitioner Board Certified,207QA0505X,ADULT MEDICINE PHYSICIAN,3
ANP-BC,Adult Nurse Practitioner Board Certified,207R00000X,INTERNAL MEDICINE PHYSICIAN,3
ANP-BC,Adult Nurse Practitioner Board Certified,207RC0000X,CARDIOVASCULAR DISEASE PHYSICIAN,3
ANP-BC,Adult Nurse Practitioner Board Certified,2084N0400X,NEUROLOGY PHYSICIAN,3
APNP,Advanced Practice Nurse Practitioner,207QA0505X,ADULT MEDICINE PHYSICIAN,3
APNP,Advanced Practice Nurse Practitioner,207QG0300X,GERIATRIC MEDICINE (FAMILY MEDICINE) PHYSICIAN,3
APNP,Advanced Practice Nurse Practitioner,207VG0400X,GYNECOLOGY PHYSICIAN,3
APNP,Advanced Practice Nurse Practitioner,208M00000X,HOSPITALIST PHYSICIAN,3
APRN-CNP,Advanced Practice Registered Nurse - Certified Nurse Practitioner,207P00000X,EMERGENCY MEDICINE PHYSICIAN,3
APRN-CNP,Advanced Practice Registered Nurse - Certified Nurse Practitioner,207QA0401X,ADDICTION MEDICINE (FAMILY MEDICINE) PHYSICIAN,3
APRN-CNP,Advanced Practice Registered Nurse - Certified Nurse Practitioner,207RE0101X,"ENDOCRINOLOGY, DIABETES & METABOLISM PHYSICIAN",3
APRN-CNP,Advanced Practice Registered Nurse - Certified Nurse Practitioner,207RI0200X,INFECTIOUS DISEASE PHYSICIAN,3
ARNP,Advanced Registered Nurse Practitioner,202D00000X,INTEGRATIVE MEDICINE PHYSICIAN,3
ARNP,Advanced Registered Nurse Practitioner,207LC0200X,CRITICAL CARE MEDICINE (ANESTHESIOLOGY) PHYSICIAN,3
ARNP,Advanced Registered Nurse Practitioner,207NS0135X,PROCEDURAL DERMATOLOGY PHYSICIAN,3
ARNP,Advanced Registered Nurse Practitioner,207RA0001X,ADVANCED HEART FAILURE AND TRANSPLANT CARDIOLOGY PHYSICIAN,3
ARNP,Advanced Registered Nurse Practitioner,207RG0300X,GERIATRIC MEDICINE (INTERNAL MEDICINE) PHYSICIAN,3
ARNP,Advanced Registered Nurse Practitioner,207RH0002X,HOSPICE AND PALLIATIVE MEDICINE (INTERNAL MEDICINE) PHYSICIAN,3
ARNP,Advanced Registered Nurse Practitioner,207RI0011X,INTERVENTIONAL CARDIOLOGY PHYSICIAN,3
ARNP,Advanced Registered Nurse Practitioner,2080P0203X,PEDIATRIC CRITICAL CARE MEDICINE PHYSICIAN,3
ARNP,Advanced Registered Nurse Practitioner,2084P0804X,CHILD & ADOLESCENT PSYCHIATRY PHYSICIAN,3
ARNP,Advanced Registered Nurse Practitioner,2086S0127X,TRAUMA SURGERY PHYSICIAN,3
ARNP,Advanced Registered Nurse Practitioner,208G00000X,THORACIC SURGERY (CARDIOTHORACIC VASCULAR SURGERY) PHYSICIAN,3
ARNP,Advanced Registered Nurse Practitioner,208VP0000X,PAIN MEDICINE PHYSICIAN,3
CFNP,Certified Family Nurse Practitioner,207RC0000X,CARDIOVASCULAR DISEASE PHYSICIAN,3
CNP,Certified Nurse Practitioner,204F00000X,TRANSPLANT SURGERY PHYSICIAN,3
CNP,Certified Nurse Practitioner,207RA0401X,ADDICTION MEDICINE (INTERNAL MEDICINE) PHYSICIAN,3
CNP,Certified Nurse Practitioner,207RR0500X,RHEUMATOLOGY PHYSICIAN,3
CNP,Certified Nurse Practitioner,207Y00000X,OTOLARYNGOLOGY PHYSICIAN,3
CNP,Certified Nurse Practitioner,2080P0207X,PEDIATRIC HEMATOLOGY & ONCOLOGY PHYSICIAN,3
CNP,Certified Nurse Practitioner,2084A0401X,ADDICTION MEDICINE (PSYCHIATRY & NEUROLOGY) PHYSICIAN,3
CPNP,Certified Pediatric Nurse Practitioner,2080P0214X,PEDIATRIC PULMONOLOGY PHYSICIAN,3
CPNP,Certified Pediatric Nurse Practitioner,2084N0400X,NEUROLOGY PHYSICIAN,3
CPNP-PC,Certified Pediatric Nurse Practitioner Primary Care,207Q00000X,FAMILY MEDICINE PHYSICIAN,3
CPNP-PC,Certified Pediatric Nurse Practitioner Primary Care,2080P0201X,PEDIATRIC ALLERGY/IMMUNOLOGY PHYSICIAN,3
CPNP-PC,Certified Pediatric Nurse Practitioner Primary Care,2080P0207X,PEDIATRIC HEMATOLOGY & ONCOLOGY PHYSICIAN,3
CPNP-PC,Certified Pediatric Nurse Practitioner Primary Care,2080P0214X,PEDIATRIC PULMONOLOGY PHYSICIAN,3
CPNP-PC,Certified Pediatric Nurse Practitioner Primary Care,2084P0800X,PSYCHIATRY PHYSICIAN,3
CRNP,Certified Registered Nurse Practitioner,207PE0004X,EMERGENCY MEDICAL SERVICES (EMERGENCY MEDICINE) PHYSICIAN,3
CRNP,Certified Registered Nurse Practitioner,207PP0204X,PEDIATRIC EMERGENCY MEDICINE (EMERGENCY MEDICINE) PHYSICIAN,3
CRNP,Certified Registered Nurse Practitioner,207QA0000X,ADOLESCENT MEDICINE (FAMILY MEDICINE) PHYSICIAN,3
CRNP,Certified Registered Nurse Practitioner,207QA0401X,ADDICTION MEDICINE (FAMILY MEDICINE) PHYSICIAN,3
CRNP,Certified Registered Nurse Practitioner,207RA0001X,ADVANCED HEART FAILURE AND TRANSPLANT CARDIOLOGY PHYSICIAN,3
CRNP,Certified Registered Nurse Practitioner,207RH0000X,HEMATOLOGY (INTERNAL MEDICINE) PHYSICIAN,3
CRNP,Certified Registered Nurse Practitioner,207VG0400X,GYNECOLOGY PHYSICIAN,3
CRNP,Certified Registered Nurse Practitioner,207YP0228X,PEDIATRIC OTOLARYNGOLOGY PHYSICIAN,3
CRNP,Certified Registered Nurse Practitioner,2080P0214X,PEDIATRIC PULMONOLOGY PHYSICIAN,3
CRNP,Certified Registered Nurse Practitioner,2083X0100X,OCCUPATIONAL MEDICINE PHYSICIAN,3
CRNP,Certified Registered Nurse Practitioner,208VP0014X,INTERVENTIONAL PAIN MEDICINE PHYSICIAN,3
FNP,Family Nurse Practitioner,207PE0005X,UNDERSEA AND HYPERBARIC MEDICINE (EMERGENCY MEDICINE) PHYSICIAN,3
FNP,Family Nurse Practitioner,207QS0010X,SPORTS MEDICINE (FAMILY MEDICINE) PHYSICIAN,3
FNP,Family Nurse Practitioner,207RA0001X,ADVANCED HEART FAILURE AND TRANSPLANT CARDIOLOGY PHYSICIAN,3
FNP,Family Nurse Practitioner,207RI0008X,HEPATOLOGY PHYSICIAN,3
FNP,Family Nurse Practitioner,2080C0008X,CHILD ABUSE PEDIATRICS PHYSICIAN,3
FNP,Family Nurse Practitioner,2080P0205X,PEDIATRIC ENDOCRINOLOGY PHYSICIAN,3
FNP,Family Nurse Practitioner,208200000X,PLASTIC SURGERY PHYSICIAN,3
FNP,Family Nurse Practitioner,2083A0300X,ADDICTION MEDICINE (PREVENTIVE MEDICINE) PHYSICIAN,3
FNP,Family Nurse Practitioner,2083X0100X,OCCUPATIONAL MEDICINE PHYSICIAN,3
FNP,Family Nurse Practitioner,2085R0204X,VASCULAR & INTERVENTIONAL RADIOLOGY PHYSICIAN,3
FNP-BC,Family Nurse Practitioner Board Certified,202D00000X,INTEGRATIVE MEDICINE PHYSICIAN,3
FNP-BC,Family Nurse Practitioner Board Certified,207QA0000X,ADOLESCENT MEDICINE (FAMILY MEDICINE) PHYSICIAN,3
FNP-BC,Family Nurse Practitioner Board Certified,207RH0002X,HOSPICE AND PALLIATIVE MEDICINE (INTERNAL MEDICINE) PHYSICIAN,3
FNP-BC,Family Nurse Practitioner Board Certified,207RI0011X,INTERVENTIONAL CARDIOLOGY PHYSICIAN,3
FNP-BC,Family Nurse Practitioner Board Certified,207RI0200X,INFECTIOUS DISEASE PHYSICIAN,3
FNP-BC,Family Nurse Practitioner Board Certified,207RX0202X,MEDICAL ONCOLOGY PHYSICIAN,3
FNP-BC,Family Nurse Practitioner Board Certified,207XX0005X,SPORTS MEDICINE (ORTHOPAEDIC SURGERY) PHYSICIAN,3
FNP-BC,Family Nurse Practitioner Board Certified,207Y00000X,OTOLARYNGOLOGY PHYSICIAN,3
FNP-BC,Family Nurse Practitioner Board Certified,2080P0204X,PEDIATRIC EMERGENCY MEDICINE (PEDIATRICS) PHYSICIAN,3
FNP-BC,Family Nurse Practitioner Board Certified,2083P0011X,UNDERSEA AND HYPERBARIC MEDICINE (PREVENTIVE MEDICINE) PHYSICIAN,3
FNP-BC,Family Nurse Practitioner Board Certified,2083P0901X,PUBLIC HEALTH & GENERAL PREVENTIVE MEDICINE PHYSICIAN,3
FNP-BC,Family Nurse Practitioner Board Certified,2083X0100X,OCCUPATIONAL MEDICINE PHYSICIAN,3
FNP-C,Family Nurse Practitioner,207K00000X,ALLERGY & IMMUNOLOGY PHYSICIAN,3
FNP-C,Family Nurse Practitioner,207VE0102X,REPRODUCTIVE ENDOCRINOLOGY PHYSICIAN,3
FNP-C,Family Nurse Practitioner,2080P0207X,PEDIATRIC HEMATOLOGY & ONCOLOGY PHYSICIAN,3
FNP-C,Family Nurse Practitioner,2081P2900X,PAIN MEDICINE (PHYSICAL MEDICINE & REHABILITATION) PHYSICIAN,3
FNP-C,Family Nurse Practitioner,2085R0001X,RADIATION ONCOLOGY PHYSICIAN,3
FNP-C,Family Nurse Practitioner,2085R0202X,DIAGNOSTIC RADIOLOGY PHYSICIAN,3
FNP-C,Family Nurse Practitioner,2086S0120X,PEDIATRIC SURGERY PHYSICIAN,3
FNP-C,Family Nurse Practitioner,2086S0129X,VASCULAR SURGERY PHYSICIAN,3
GNP,Gerontological Nurse Practitioner,207R00000X,INTERNAL MEDICINE PHYSICIAN,3
NNP,Neonatal Nurse Practitioner,207Q00000X,FAMILY MEDICINE PHYSICIAN,3
NP,Nurse Practitioner,202K00000X,PHLEBOLOGY PHYSICIAN,3
NP,Nurse Practitioner,204C00000X,SPORTS MEDICINE (NEUROMUSCULOSKELETAL MEDICINE) PHYSICIAN,3
NP,Nurse Practitioner,204E00000X,ORAL & MAXILLOFACIAL SURGERY (D.M.D.),3
NP,Nurse Practitioner,207ND0900X,DERMATOPATHOLOGY PHYSICIAN,3
NP,Nurse Practitioner,207SG0201X,CLINICAL GENETICS (M.D.) PHYSICIAN,3
NP,Nurse Practitioner,2081P0004X,SPINAL CORD INJURY MEDICINE PHYSICIAN,3
NP,Nurse Practitioner,2081S0010X,SPORTS MEDICINE (PHYSICAL MEDICINE & REHABILITATION) PHYSICIAN,3
NP,Nurse Practitioner,2082S0099X,PLASTIC SURGERY WITHIN THE HEAD AND NECK (PLASTIC SURGERY) PHYSICIAN,3
NP,Nurse Practitioner,2084H0002X,HOSPICE AND PALLIATIVE MEDICINE (PSYCHIATRY & NEUROLOGY) PHYSICIAN,3
NP,Nurse Practitioner,2084N0600X,CLINICAL NEUROPHYSIOLOGY PHYSICIAN,3
NP,Nurse Practitioner,2084S0012X,SLEEP MEDICINE (PSYCHIATRY & NEUROLOGY) PHYSICIAN,3
NP,Nurse Practitioner,2085B0100X,BODY IMAGING PHYSICIAN,3
NP,Nurse Practitioner,2085N0700X,NEURORADIOLOGY PHYSICIAN,3
NP,Nurse Practitioner,2085U0001X,DIAGNOSTIC ULTRASOUND PHYSICIAN,3
NP-C,Nurse Practitioner Certified,202D00000X,INTEGRATIVE MEDICINE PHYSICIAN,3
NP-C,Nurse Practitioner Certified,207K00000X,ALLERGY & IMMUNOLOGY PHYSICIAN,3
NP-C,Nurse Practitioner Certified,207PE0004X,EMERGENCY MEDICAL SERVICES (EMERGENCY MEDICINE) PHYSICIAN,3
NP-C,Nurse Practitioner Certified,207QS1201X,SLEEP MEDICINE (FAMILY MEDICINE) PHYSICIAN,3
NP-C,Nurse Practitioner Certified,207RP1001X,PULMONARY DISEASE PHYSICIAN,3
NP-C,Nurse Practitioner Certified,207RS0010X,SPORTS MEDICINE (INTERNAL MEDICINE) PHYSICIAN,3
NP-C,Nurse Practitioner Certified,207RS0012X,SLEEP MEDICINE (INTERNAL MEDICINE) PHYSICIAN,3
NP-C,Nurse Practitioner Certified,207RX0202X,MEDICAL ONCOLOGY PHYSICIAN,3
NP-C,Nurse Practitioner Certified,2083P0011X,UNDERSEA AND HYPERBARIC MEDICINE (PREVENTIVE MEDICINE) PHYSICIAN,3
NP-C,Nurse Practitioner Certified,2083X0100X,OCCUPATIONAL MEDICINE PHYSICIAN,3
NP-C,Nurse Practitioner Certified,2085R0202X,DIAGNOSTIC RADIOLOGY PHYSICIAN,3
NP-C,Nurse Practitioner Certified,2086S0129X,VASCULAR SURGERY PHYSICIAN,3
NP-C,Nurse Practitioner Certified,208800000X,UROLOGY PHYSICIAN,3
NP-C,Nurse Practitioner Certified,208G00000X,THORACIC SURGERY (CARDIOTHORACIC VASCULAR SURGERY) PHYSICIAN,3
NPC,Nurse Practitioner Certified,207RC0000X,CARDIOVASCULAR DISEASE PHYSICIAN,3
PMHNP,Psychiatric Mental Health Nurse Practitioner,208000000X,PEDIATRICS PHYSICIAN,3
PMHNP-BC,Psychiatric Mental Health Nurse Practitioner Board Certified,208D00000X,GENERAL PRACTICE PHYSICIAN,3
PMHNP-C,Psychiatric Mental Health Nurse Practitioner,2084P0800X,PSYCHIATRY PHYSICIAN,3
PNP,Pediatric Nurse Practitioner,207R00000X,INTERNAL MEDICINE PHYSICIAN,3
PNP,Pediatric Nurse Practitioner,207RH0002X,HOSPICE AND PALLIATIVE MEDICINE (INTERNAL MEDICINE) PHYSICIAN,3
PNP,Pediatric Nurse Practitioner,2080C0008X,CHILD ABUSE PEDIATRICS PHYSICIAN,3
PNP,Pediatric Nurse Practitioner,2080P0214X,PEDIATRIC PULMONOLOGY PHYSICIAN,3
PNP,Pediatric Nurse Practitioner,2086S0120X,PEDIATRIC SURGERY PHYSICIAN,3
PNP,Pediatric Nurse Practitioner,208800000X,UROLOGY PHYSICIAN,3
PPCNP-BC,Pediatric Primary Care Nurse Practitioner,208000000X,PEDIATRICS PHYSICIAN,3
WHNP-BC,Womens Health Nurse Practitioner Board Certified,207Q00000X,FAMILY MEDICINE PHYSICIAN,3
WHNP-BC,Womens Health Nurse Practitioner Board Certified,207VM0101X,MATERNAL & FETAL MEDICINE PHYSICIAN,3
ACNP,Acute Care Nurse Practitioner,207Q00000X,FAMILY MEDICINE PHYSICIAN,2
ACNP,Acute Care Nurse Practitioner,207QH0002X,HOSPICE AND PALLIATIVE MEDICINE (FAMILY MEDICINE) PHYSICIAN,2
ACNP,Acute Care Nurse Practitioner,207RH0002X,HOSPICE AND PALLIATIVE MEDICINE (INTERNAL MEDICINE) PHYSICIAN,2
ACNP,Acute Care Nurse Practitioner,207RH0003X,HEMATOLOGY & ONCOLOGY PHYSICIAN,2
ACNP,Acute Care Nurse Practitioner,207RI0011X,INTERVENTIONAL CARDIOLOGY PHYSICIAN,2
ACNP,Acute Care Nurse Practitioner,207RN0300X,NEPHROLOGY PHYSICIAN,2
ACNP,Acute Care Nurse Practitioner,207XX0801X,ORTHOPAEDIC TRAUMA PHYSICIAN,2
ACNP,Acute Care Nurse Practitioner,208100000X,PHYSICAL MEDICINE & REHABILITATION PHYSICIAN,2
ACNP,Acute Care Nurse Practitioner,2084A2900X,NEUROCRITICAL CARE PHYSICIAN,2
ACNP,Acute Care Nurse Practitioner,208VP0000X,PAIN MEDICINE PHYSICIAN,2
ACNP-BC,Acute Care Nurse Practitioner Board Certified,207Q00000X,FAMILY MEDICINE PHYSICIAN,2
ACNP-BC,Acute Care Nurse Practitioner Board Certified,207R00000X,INTERNAL MEDICINE PHYSICIAN,2
ACNP-BC,Acute Care Nurse Practitioner Board Certified,2084N0400X,NEUROLOGY PHYSICIAN,2
ACNP-BC,Acute Care Nurse Practitioner Board Certified,208M00000X,HOSPITALIST PHYSICIAN,2
ACNPC-AG,Acute Care Nurse Practitioner Certified (Adult-Gerontology),2086S0127X,TRAUMA SURGERY PHYSICIAN,2
ACNPC-AG,Acute Care Nurse Practitioner Certified (Adult-Gerontology),2086S0129X,VASCULAR SURGERY PHYSICIAN,2
ACNPC-AG,Acute Care Nurse Practitioner Certified (Adult-Gerontology),208800000X,UROLOGY PHYSICIAN,2
AG-ACNP,Adult Gerontology - Acute Care Nurse Practitioner,207RA0001X,ADVANCED HEART FAILURE AND TRANSPLANT CARDIOLOGY PHYSICIAN,2
AG-ACNP,Adult Gerontology - Acute Care Nurse Practitioner,207RH0002X,HOSPICE AND PALLIATIVE MEDICINE (INTERNAL MEDICINE) PHYSICIAN,2
AG-ACNP,Adult Gerontology - Acute Care Nurse Practitioner,207RI0011X,INTERVENTIONAL CARDIOLOGY PHYSICIAN,2
AG-ACNP,Adult Gerontology - Acute Care Nurse Practitioner,207RI0200X,INFECTIOUS DISEASE PHYSICIAN,2
AG-ACNP,Adult Gerontology - Acute Care Nurse Practitioner,207XS0117X,ORTHOPAEDIC SURGERY OF THE SPINE PHYSICIAN,2
AG-ACNP,Adult Gerontology - Acute Care Nurse Practitioner,208M00000X,HOSPITALIST PHYSICIAN,2
AGACNP-BC,Adult-Gerontology Acute Care Nurse Practitioner Board Certified,204F00000X,TRANSPLANT SURGERY PHYSICIAN,2
AGACNP-BC,Adult-Gerontology Acute Care Nurse Practitioner Board Certified,207PE0004X,EMERGENCY MEDICAL SERVICES (EMERGENCY MEDICINE) PHYSICIAN,2
AGACNP-BC,Adult-Gerontology Acute Care Nurse Practitioner Board Certified,207RG0100X,GASTROENTEROLOGY PHYSICIAN,2
AGACNP-BC,Adult-Gerontology Acute Care Nurse Practitioner Board Certified,207X00000X,ORTHOPAEDIC SURGERY PHYSICIAN,2
AGACNP-BC,Adult-Gerontology Acute Care Nurse Practitioner Board Certified,2086S0129X,VASCULAR SURGERY PHYSICIAN,2
AGACNP-BC,Adult-Gerontology Acute Care Nurse Practitioner Board Certified,208VP0014X,INTERVENTIONAL PAIN MEDICINE PHYSICIAN,2
AGNP,Adult-Gerontology Nurse Practitioner,207QH0002X,HOSPICE AND PALLIATIVE MEDICINE (FAMILY MEDICINE) PHYSICIAN,2
AGNP,Adult-Gerontology Nurse Practitioner,207RG0100X,GASTROENTEROLOGY PHYSICIAN,2
AGNP,Adult-Gerontology Nurse Practitioner,207RH0003X,HEMATOLOGY & ONCOLOGY PHYSICIAN,2
AGNP,Adult-Gerontology Nurse Practitioner,207RX0202X,MEDICAL ONCOLOGY PHYSICIAN,2
AGNP,Adult-Gerontology Nurse Practitioner,208100000X,PHYSICAL MEDICINE & REHABILITATION PHYSICIAN,2
AGNP,Adult-Gerontology Nurse Practitioner,2084N0400X,NEUROLOGY PHYSICIAN,2
AGNP,Adult-Gerontology Nurse Practitioner,2084P0800X,PSYCHIATRY PHYSICIAN,2
AGNP,Adult-Gerontology Nurse Practitioner,208M00000X,HOSPITALIST PHYSICIAN,2
AGNP-C,Adult-Gerontology Primary Care Nurse Practitioner,207RA0001X,ADVANCED HEART FAILURE AND TRANSPLANT CARDIOLOGY PHYSICIAN,2
AGNP-C,Adult-Gerontology Primary Care Nurse Practitioner,207RG0300X,GERIATRIC MEDICINE (INTERNAL MEDICINE) PHYSICIAN,2
AGNP-C,Adult-Gerontology Primary Care Nurse Practitioner,207RH0002X,HOSPICE AND PALLIATIVE MEDICINE (INTERNAL MEDICINE) PHYSICIAN,2
AGNP-C,Adult-Gerontology Primary Care Nurse Practitioner,208800000X,UROLOGY PHYSICIAN,2
AGPCNP,Adult Gerontology Primary Care Nurse Practitioner,207R00000X,INTERNAL MEDICINE PHYSICIAN,2
AGPCNP-BC,Adult-Gerontology Primary Care Nurse Practitioner Board Certified,207N00000X,DERMATOLOGY PHYSICIAN,2
AGPCNP-BC,Adult-Gerontology Primary Care Nurse Practitioner Board Certified,207RH0003X,HEMATOLOGY & ONCOLOGY PHYSICIAN,2
AGPCNP-BC,Adult-Gerontology Primary Care Nurse Practitioner Board Certified,2085R0001X,RADIATION ONCOLOGY PHYSICIAN,2
AGPCNP-BC,Adult-Gerontology Primary Care Nurse Practitioner Board Certified,208M00000X,HOSPITALIST PHYSICIAN,2
ANP,Adult Nurse Practitioner,207L00000X,ANESTHESIOLOGY PHYSICIAN,2
ANP,Adult Nurse Practitioner,207LP2900X,PAIN MEDICINE (ANESTHESIOLOGY) PHYSICIAN,2
ANP,Adult Nurse Practitioner,207RC0001X,CLINICAL CARDIAC ELECTROPHYSIOLOGY PHYSICIAN,2
ANP,Adult Nurse Practitioner,207RH0003X,HEMATOLOGY & ONCOLOGY PHYSICIAN,2
ANP,Adult Nurse Practitioner,207RR0500X,RHEUMATOLOGY PHYSICIAN,2
ANP,Adult Nurse Practitioner,207RX0202X,MEDICAL ONCOLOGY PHYSICIAN,2
ANP,Adult Nurse Practitioner,207VX0000X,OBSTETRICS PHYSICIAN,2
ANP,Adult Nurse Practitioner,208000000X,PEDIATRICS PHYSICIAN,2
ANP,Adult Nurse Practitioner,208600000X,SURGERY PHYSICIAN,2
ANP-BC,Adult Nurse Practitioner Board Certified,207RE0101X,"ENDOCRINOLOGY, DIABETES & METABOLISM PHYSICIAN",2
ANP-BC,Adult Nurse Practitioner Board Certified,207RH0003X,HEMATOLOGY & ONCOLOGY PHYSICIAN,2
ANP-BC,Adult Nurse Practitioner Board Certified,2084P0800X,PSYCHIATRY PHYSICIAN,2
ANP-C,Adult Nurse Practitioner Certified,207Q00000X,FAMILY MEDICINE PHYSICIAN,2
ANP-C,Adult Nurse Practitioner Certified,207RC0000X,CARDIOVASCULAR DISEASE PHYSICIAN,2
ANP-C,Adult Nurse Practitioner Certified,207T00000X,NEUROLOGICAL SURGERY PHYSICIAN,2
APNP,Advanced Practice Nurse Practitioner,207P00000X,EMERGENCY MEDICINE PHYSICIAN,2
APNP,Advanced Practice Nurse Practitioner,207PE0004X,EMERGENCY MEDICAL SERVICES (EMERGENCY MEDICINE) PHYSICIAN,2
APNP,Advanced Practice Nurse Practitioner,207QA0000X,ADOLESCENT MEDICINE (FAMILY MEDICINE) PHYSICIAN,2
APNP,Advanced Practice Nurse Practitioner,207QH0002X,HOSPICE AND PALLIATIVE MEDICINE (FAMILY MEDICINE) PHYSICIAN,2
APNP,Advanced Practice Nurse Practitioner,207RG0300X,GERIATRIC MEDICINE (INTERNAL MEDICINE) PHYSICIAN,2
APNP,Advanced Practice Nurse Practitioner,207RR0500X,RHEUMATOLOGY PHYSICIAN,2
APNP,Advanced Practice Nurse Practitioner,207V00000X,OBSTETRICS & GYNECOLOGY PHYSICIAN,2
APNP,Advanced Practice Nurse Practitioner,2080N0001X,NEONATAL-PERINATAL MEDICINE PHYSICIAN,2
APNP,Advanced Practice Nurse Practitioner,2084P0800X,PSYCHIATRY PHYSICIAN,2
APRN-CNP,Advanced Practice Registered Nurse - Certified Nurse Practitioner,207QA0505X,ADULT MEDICINE PHYSICIAN,2
APRN-CNP,Advanced Practice Registered Nurse - Certified Nurse Practitioner,207VG0400X,GYNECOLOGY PHYSICIAN,2
APRN-CNP,Advanced Practice Registered Nurse - Certified Nurse Practitioner,208M00000X,HOSPITALIST PHYSICIAN,2
ARNP,Advanced Registered Nurse Practitioner,207LP2900X,PAIN MEDICINE (ANESTHESIOLOGY) PHYSICIAN,2
ARNP,Advanced Registered Nurse Practitioner,207PP0204X,PEDIATRIC EMERGENCY MEDICINE (EMERGENCY MEDICINE) PHYSICIAN,2
ARNP,Advanced Registered Nurse Practitioner,207VX0000X,OBSTETRICS PHYSICIAN,2
ARNP,Advanced Registered Nurse Practitioner,2080A0000X,PEDIATRIC ADOLESCENT MEDICINE PHYSICIAN,2
ARNP,Advanced Registered Nurse Practitioner,2080P0006X,DEVELOPMENTAL - BEHAVIORAL PEDIATRICS PHYSICIAN,2
ARNP,Advanced Registered Nurse Practitioner,2080P0206X,PEDIATRIC GASTROENTEROLOGY PHYSICIAN,2
ARNP,Advanced Registered Nurse Practitioner,2080P0207X,PEDIATRIC HEMATOLOGY & ONCOLOGY PHYSICIAN,2
ARNP,Advanced Registered Nurse Practitioner,2081P2900X,PAIN MEDICINE (PHYSICAL MEDICINE & REHABILITATION) PHYSICIAN,2
ARNP,Advanced Registered Nurse Practitioner,2084P0802X,ADDICTION PSYCHIATRY PHYSICIAN,2
ARNP,Advanced Registered Nurse Practitioner,2086S0120X,PEDIATRIC SURGERY PHYSICIAN,2
CFNP,Certified Family Nurse Practitioner,207N00000X,DERMATOLOGY PHYSICIAN,2
CNP,Certified Nurse Practitioner,207K00000X,ALLERGY & IMMUNOLOGY PHYSICIAN,2
CNP,Certified Nurse Practitioner,207NS0135X,PROCEDURAL DERMATOLOGY PHYSICIAN,2
CNP,Certified Nurse Practitioner,207QA0000X,ADOLESCENT MEDICINE (FAMILY MEDICINE) PHYSICIAN,2
CNP,Certified Nurse Practitioner,207QA0401X,ADDICTION MEDICINE (FAMILY MEDICINE) PHYSICIAN,2
CNP,Certified Nurse Practitioner,207RC0001X,CLINICAL CARDIAC ELECTROPHYSIOLOGY PHYSICIAN,2
CNP,Certified Nurse Practitioner,207RS0012X,SLEEP MEDICINE (INTERNAL MEDICINE) PHYSICIAN,2
CNP,Certified Nurse Practitioner,207VX0201X,GYNECOLOGIC ONCOLOGY PHYSICIAN,2
CNP,Certified Nurse Practitioner,207XS0117X,ORTHOPAEDIC SURGERY OF THE SPINE PHYSICIAN,2
CNP,Certified Nurse Practitioner,2080P0202X,PEDIATRIC CARDIOLOGY PHYSICIAN,2
CNP,Certified Nurse Practitioner,2080P0205X,PEDIATRIC ENDOCRINOLOGY PHYSICIAN,2
CNP,Certified Nurse Practitioner,2084B0040X,BEHAVIORAL NEUROLOGY & NEUROPSYCHIATRY PHYSICIAN,2
CNP,Certified Nurse Practitioner,2084P0802X,ADDICTION PSYCHIATRY PHYSICIAN,2
CNP,Certified Nurse Practitioner,2084P0804X,CHILD & ADOLESCENT PSYCHIATRY PHYSICIAN,2
CNP,Certified Nurse Practitioner,2086S0102X,SURGICAL CRITICAL CARE PHYSICIAN,2
CNP,Certified Nurse Practitioner,208VP0014X,INTERVENTIONAL PAIN MEDICINE PHYSICIAN,2
CPNP,Certified Pediatric Nurse Practitioner,207K00000X,ALLERGY & IMMUNOLOGY PHYSICIAN,2
CPNP,Certified Pediatric Nurse Practitioner,2080N0001X,NEONATAL-PERINATAL MEDICINE PHYSICIAN,2
CPNP,Certified Pediatric Nurse Practitioner,2080P0008X,PEDIATRIC NEURODEVELOPMENTAL DISABILITIES PHYSICIAN,2
CPNP,Certified Pediatric Nurse Practitioner,2080P0205X,PEDIATRIC ENDOCRINOLOGY PHYSICIAN,2
CPNP,Certified Pediatric Nurse Practitioner,2080P0216X,PEDIATRIC RHEUMATOLOGY PHYSICIAN,2
CPNP,Certified Pediatric Nurse Practitioner,2084P0800X,PSYCHIATRY PHYSICIAN,2
CPNP,Certified Pediatric Nurse Practitioner,2084P0804X,CHILD & ADOLESCENT PSYCHIATRY PHYSICIAN,2
CPNP,Certified Pediatric Nurse Practitioner,208D00000X,GENERAL PRACTICE PHYSICIAN,2
CPNP-AC,Certified Pediatric Nurse Practitioner - Acute Care,207L00000X,ANESTHESIOLOGY PHYSICIAN,2
CPNP-PC,Certified Pediatric Nurse Practitioner Primary Care,207YP0228X,PEDIATRIC OTOLARYNGOLOGY PHYSICIAN,2
CPNP-PC,Certified Pediatric Nurse Practitioner Primary Care,2080P0204X,PEDIATRIC EMERGENCY MEDICINE (PEDIATRICS) PHYSICIAN,2
CPNP-PC,Certified Pediatric Nurse Practitioner Primary Care,2080P0205X,PEDIATRIC ENDOCRINOLOGY PHYSICIAN,2
CPNP-PC,Certified Pediatric Nurse Practitioner Primary Care,2086S0120X,PEDIATRIC SURGERY PHYSICIAN,2
CPNP-PC,Certified Pediatric Nurse Practitioner Primary Care,208800000X,UROLOGY PHYSICIAN,2
CPNP-PC,Certified Pediatric Nurse Practitioner Primary Care,208M00000X,HOSPITALIST PHYSICIAN,2
CRNP,Certified Registered Nurse Practitioner,202D00000X,INTEGRATIVE MEDICINE PHYSICIAN,2
CRNP,Certified Registered Nurse Practitioner,207L00000X,ANESTHESIOLOGY PHYSICIAN,2
CRNP,Certified Registered Nurse Practitioner,207LC0200X,CRITICAL CARE MEDICINE (ANESTHESIOLOGY) PHYSICIAN,2
CRNP,Certified Registered Nurse Practitioner,207LP2900X,PAIN MEDICINE (ANESTHESIOLOGY) PHYSICIAN,2
CRNP,Certified Registered Nurse Practitioner,207LP3000X,PEDIATRIC ANESTHESIOLOGY PHYSICIAN,2
CRNP,Certified Registered Nurse Practitioner,207RR0500X,RHEUMATOLOGY PHYSICIAN,2
CRNP,Certified Registered Nurse Practitioner,207VF0040X,UROGYNECOLOGY AND RECONSTRUCTIVE PELVIC SURGERY (OBSTETRICS & GYNECOLOGY) PHYSICIAN,2
CRNP,Certified Registered Nurse Practitioner,2080A0000X,PEDIATRIC ADOLESCENT MEDICINE PHYSICIAN,2
CRNP,Certified Registered Nurse Practitioner,2080P0206X,PEDIATRIC GASTROENTEROLOGY PHYSICIAN,2
CRNP,Certified Registered Nurse Practitioner,2084P0802X,ADDICTION PSYCHIATRY PHYSICIAN,2
CRNP,Certified Registered Nurse Practitioner,2084P0805X,GERIATRIC PSYCHIATRY PHYSICIAN,2
CRNP,Certified Registered Nurse Practitioner,2085R0001X,RADIATION ONCOLOGY PHYSICIAN,2
DCNP,Dermatology Certified Nurse Practitioner,207N00000X,DERMATOLOGY PHYSICIAN,2
FNP,Family Nurse Practitioner,202C00000X,INDEPENDENT MEDICAL EXAMINER PHYSICIAN,2
FNP,Family Nurse Practitioner,207LC0200X,CRITICAL CARE MEDICINE (ANESTHESIOLOGY) PHYSICIAN,2
FNP,Family Nurse Practitioner,207QB0002X,OBESITY MEDICINE (FAMILY MEDICINE) PHYSICIAN,2
FNP,Family Nurse Practitioner,207RA0000X,ADOLESCENT MEDICINE (INTERNAL MEDICINE) PHYSICIAN,2
FNP,Family Nurse Practitioner,207RH0000X,HEMATOLOGY (INTERNAL MEDICINE) PHYSICIAN,2
FNP,Family Nurse Practitioner,2080P0208X,PEDIATRIC INFECTIOUS DISEASES PHYSICIAN,2
FNP,Family Nurse Practitioner,2083S0010X,SPORTS MEDICINE (PREVENTIVE MEDICINE) PHYSICIAN,2
FNP,Family Nurse Practitioner,2085R0001X,RADIATION ONCOLOGY PHYSICIAN,2
FNP,Family Nurse Practitioner,2086S0102X,SURGICAL CRITICAL CARE PHYSICIAN,2
FNP,Family Nurse Practitioner,2086S0120X,PEDIATRIC SURGERY PHYSICIAN,2
FNP,Family Nurse Practitioner,2086S0127X,TRAUMA SURGERY PHYSICIAN,2
FNP,Family Nurse Practitioner,2088P0231X,PEDIATRIC UROLOGY PHYSICIAN,2
FNP,Family Nurse Practitioner,209800000X,LEGAL MEDICINE (M.D./D.O.) PHYSICIAN,2
FNP-BC,Family Nurse Practitioner Board Certified,207QB0002X,OBESITY MEDICINE (FAMILY MEDICINE) PHYSICIAN,2
FNP-BC,Family Nurse Practitioner Board Certified,207QS0010X,SPORTS MEDICINE (FAMILY MEDICINE) PHYSICIAN,2
FNP-BC,Family Nurse Practitioner Board Certified,207RC0200X,CRITICAL CARE MEDICINE (INTERNAL MEDICINE) PHYSICIAN,2
FNP-BC,Family Nurse Practitioner Board Certified,207RR0500X,RHEUMATOLOGY PHYSICIAN,2
FNP-BC,Family Nurse Practitioner Board Certified,207RS0012X,SLEEP MEDICINE (INTERNAL MEDICINE) PHYSICIAN,2
FNP-BC,Family Nurse Practitioner Board Certified,207VX0000X,OBSTETRICS PHYSICIAN,2
FNP-BC,Family Nurse Practitioner Board Certified,2080P0202X,PEDIATRIC CARDIOLOGY PHYSICIAN,2
FNP-BC,Family Nurse Practitioner Board Certified,2080P0206X,PEDIATRIC GASTROENTEROLOGY PHYSICIAN,2
FNP-BC,Family Nurse Practitioner Board Certified,208100000X,PHYSICAL MEDICINE & REHABILITATION PHYSICIAN,2
FNP-BC,Family Nurse Practitioner Board Certified,2083B0002X,OBESITY MEDICINE (PREVENTIVE MEDICINE) PHYSICIAN,2
FNP-BC,Family Nurse Practitioner Board Certified,2084A0401X,ADDICTION MEDICINE (PSYCHIATRY & NEUROLOGY) PHYSICIAN,2
FNP-BC,Family Nurse Practitioner Board Certified,2084B0040X,BEHAVIORAL NEUROLOGY & NEUROPSYCHIATRY PHYSICIAN,2
FNP-BC,Family Nurse Practitioner Board Certified,2085N0700X,NEURORADIOLOGY PHYSICIAN,2
FNP-BC,Family Nurse Practitioner Board Certified,208G00000X,THORACIC SURGERY (CARDIOTHORACIC VASCULAR SURGERY) PHYSICIAN,2
FNP-C,Family Nurse Practitioner,204F00000X,TRANSPLANT SURGERY PHYSICIAN,2
FNP-C,Family Nurse Practitioner,207KA0200X,ALLERGY PHYSICIAN,2
FNP-C,Family Nurse Practitioner,207LH0002X,HOSPICE AND PALLIATIVE MEDICINE (ANESTHESIOLOGY) PHYSICIAN,2
FNP-C,Family Nurse Practitioner,207PE0005X,UNDERSEA AND HYPERBARIC MEDICINE (EMERGENCY MEDICINE) PHYSICIAN,2
FNP-C,Family Nurse Practitioner,207RC0001X,CLINICAL CARDIAC ELECTROPHYSIOLOGY PHYSICIAN,2
FNP-C,Family Nurse Practitioner,207RH0000X,HEMATOLOGY (INTERNAL MEDICINE) PHYSICIAN,2
FNP-C,Family Nurse Practitioner,207VX0000X,OBSTETRICS PHYSICIAN,2
FNP-C,Family Nurse Practitioner,207XS0117X,ORTHOPAEDIC SURGERY OF THE SPINE PHYSICIAN,2
FNP-C,Family Nurse Practitioner,2080P0202X,PEDIATRIC CARDIOLOGY PHYSICIAN,2
FNP-C,Family Nurse Practitioner,2084P0804X,CHILD & ADOLESCENT PSYCHIATRY PHYSICIAN,2
FNP-C,Family Nurse Practitioner,2084P2900X,PAIN MEDICINE (PSYCHIATRY & NEUROLOGY) PHYSICIAN,2
FNP-C,Family Nurse Practitioner,2086S0127X,TRAUMA SURGERY PHYSICIAN,2
NNP-BC,Neonatal Nurse Practitioner Board Certified,208M00000X,HOSPITALIST PHYSICIAN,2
NP,Nurse Practitioner,207RI0001X,CLINICAL & LABORATORY IMMUNOLOGY (INTERNAL MEDICINE) PHYSICIAN,2
NP,Nurse Practitioner,207U00000X,NUCLEAR MEDICINE PHYSICIAN,2
NP,Nurse Practitioner,207YS0123X,FACIAL PLASTIC SURGERY PHYSICIAN,2
NP,Nurse Practitioner,207YX0007X,PLASTIC SURGERY WITHIN THE HEAD & NECK (OTOLARYNGOLOGY) PHYSICIAN,2
NP,Nurse Practitioner,2081H0002X,HOSPICE AND PALLIATIVE MEDICINE (PHYSICAL MEDICINE & REHABILITATION) PHYSICIAN,2
NP,Nurse Practitioner,2083C0008X,CLINICAL INFORMATICS PHYSICIAN,2
NP,Nurse Practitioner,2083S0010X,SPORTS MEDICINE (PREVENTIVE MEDICINE) PHYSICIAN,2
NP,Nurse Practitioner,2084F0202X,FORENSIC PSYCHIATRY PHYSICIAN,2
NP,Nurse Practitioner,2084P0301X,BRAIN INJURY MEDICINE (PSYCHIATRY & NEUROLOGY) PHYSICIAN,2
NP,Nurse Practitioner,2088F0040X,UROGYNECOLOGY AND RECONSTRUCTIVE PELVIC SURGERY (UROLOGY) PHYSICIAN,2
NP,Nurse Practitioner,209800000X,LEGAL MEDICINE (M.D./D.O.) PHYSICIAN,2
NP-C,Nurse Practitioner Certified,202K00000X,PHLEBOLOGY PHYSICIAN,2
NP-C,Nurse Practitioner Certified,207QH0002X,HOSPICE AND PALLIATIVE MEDICINE (FAMILY MEDICINE) PHYSICIAN,2
NP-C,Nurse Practitioner Certified,207RC0001X,CLINICAL CARDIAC ELECTROPHYSIOLOGY PHYSICIAN,2
NP-C,Nurse Practitioner Certified,207RR0500X,RHEUMATOLOGY PHYSICIAN,2
NP-C,Nurse Practitioner Certified,2080P0206X,PEDIATRIC GASTROENTEROLOGY PHYSICIAN,2
NP-C,Nurse Practitioner Certified,2084N0402X,NEUROLOGY WITH SPECIAL QUALIFICATIONS IN CHILD NEUROLOGY PHYSICIAN,2
NP-C,Nurse Practitioner Certified,2085R0001X,RADIATION ONCOLOGY PHYSICIAN,2
NP-C,Nurse Practitioner Certified,2086S0122X,PLASTIC AND RECONSTRUCTIVE SURGERY PHYSICIAN,2
NPC,Nurse Practitioner Certified,207P00000X,EMERGENCY MEDICINE PHYSICIAN,2
NPC,Nurse Practitioner Certified,207RE0101X,"ENDOCRINOLOGY, DIABETES & METABOLISM PHYSICIAN",2
NPC,Nurse Practitioner Certified,207RI0011X,INTERVENTIONAL CARDIOLOGY PHYSICIAN,2
PMHNP,Psychiatric Mental Health Nurse Practitioner,207LP2900X,PAIN MEDICINE (ANESTHESIOLOGY) PHYSICIAN,2
PMHNP,Psychiatric Mental Health Nurse Practitioner,207P00000X,EMERGENCY MEDICINE PHYSICIAN,2
PMHNP,Psychiatric Mental Health Nurse Practitioner,207QA0401X,ADDICTION MEDICINE (FAMILY MEDICINE) PHYSICIAN,2
PMHNP,Psychiatric Mental Health Nurse Practitioner,207QG0300X,GERIATRIC MEDICINE (FAMILY MEDICINE) PHYSICIAN,2
PMHNP,Psychiatric Mental Health Nurse Practitioner,2083A0300X,ADDICTION MEDICINE (PREVENTIVE MEDICINE) PHYSICIAN,2
PMHNP,Psychiatric Mental Health Nurse Practitioner,2084F0202X,FORENSIC PSYCHIATRY PHYSICIAN,2
PMHNP,Psychiatric Mental Health Nurse Practitioner,2084N0600X,CLINICAL NEUROPHYSIOLOGY PHYSICIAN,2
PMHNP,Psychiatric Mental Health Nurse Practitioner,208M00000X,HOSPITALIST PHYSICIAN,2
PMHNP-BC,Psychiatric Mental Health Nurse Practitioner Board Certified,2080P0006X,DEVELOPMENTAL - BEHAVIORAL PEDIATRICS PHYSICIAN,2
PMHNP-BC,Psychiatric Mental Health Nurse Practitioner Board Certified,2083P0901X,PUBLIC HEALTH & GENERAL PREVENTIVE MEDICINE PHYSICIAN,2
PMHNP-BC,Psychiatric Mental Health Nurse Practitioner Board Certified,2084P0005X,NEURODEVELOPMENTAL DISABILITIES PHYSICIAN,2
PNP,Pediatric Nurse Practitioner,207LP3000X,PEDIATRIC ANESTHESIOLOGY PHYSICIAN,2
PNP,Pediatric Nurse Practitioner,207PP0204X,PEDIATRIC EMERGENCY MEDICINE (EMERGENCY MEDICINE) PHYSICIAN,2
PNP,Pediatric Nurse Practitioner,2080N0001X,NEONATAL-PERINATAL MEDICINE PHYSICIAN,2
PNP,Pediatric Nurse Practitioner,2080P0006X,DEVELOPMENTAL - BEHAVIORAL PEDIATRICS PHYSICIAN,2
PNP,Pediatric Nurse Practitioner,2080P0008X,PEDIATRIC NEURODEVELOPMENTAL DISABILITIES PHYSICIAN,2
PNP,Pediatric Nurse Practitioner,2080P0201X,PEDIATRIC ALLERGY/IMMUNOLOGY PHYSICIAN,2
PNP,Pediatric Nurse Practitioner,2088P0231X,PEDIATRIC UROLOGY PHYSICIAN,2
WHNP,Womens Health Nurse Practitioner,207R00000X,INTERNAL MEDICINE PHYSICIAN,2
WHNP,Womens Health Nurse Practitioner,207VE0102X,REPRODUCTIVE ENDOCRINOLOGY PHYSICIAN,2
WHNP,Womens Health Nurse Practitioner,207VM0101X,MATERNAL & FETAL MEDICINE PHYSICIAN,2
WHNP-BC,Womens Health Nurse Practitioner Board Certified,207R00000X,INTERNAL MEDICINE PHYSICIAN,2
WHNP-BC,Womens Health Nurse Practitioner Board Certified,207VF0040X,UROGYNECOLOGY AND RECONSTRUCTIVE PELVIC SURGERY (OBSTETRICS & GYNECOLOGY) PHYSICIAN,2
ACNP,Acute Care Nurse Practitioner,207L00000X,ANESTHESIOLOGY PHYSICIAN,1
ACNP,Acute Care Nurse Practitioner,207RC0001X,CLINICAL CARDIAC ELECTROPHYSIOLOGY PHYSICIAN,1
ACNP,Acute Care Nurse Practitioner,207RE0101X,"ENDOCRINOLOGY, DIABETES & METABOLISM PHYSICIAN",1
ACNP,Acute Care Nurse Practitioner,207W00000X,OPHTHALMOLOGY PHYSICIAN,1
ACNP,Acute Care Nurse Practitioner,2084P0800X,PSYCHIATRY PHYSICIAN,1
ACNP,Acute Care Nurse Practitioner,2085R0204X,VASCULAR & INTERVENTIONAL RADIOLOGY PHYSICIAN,1
ACNP,Acute Care Nurse Practitioner,2086S0102X,SURGICAL CRITICAL CARE PHYSICIAN,1
ACNP,Acute Care Nurse Practitioner,2086S0127X,TRAUMA SURGERY PHYSICIAN,1
ACNP,Acute Care Nurse Practitioner,208800000X,UROLOGY PHYSICIAN,1
ACNP-BC,Acute Care Nurse Practitioner Board Certified,207L00000X,ANESTHESIOLOGY PHYSICIAN,1
ACNP-BC,Acute Care Nurse Practitioner Board Certified,207N00000X,DERMATOLOGY PHYSICIAN,1
ACNP-BC,Acute Care Nurse Practitioner Board Certified,207P00000X,EMERGENCY MEDICINE PHYSICIAN,1
ACNP-BC,Acute Care Nurse Practitioner Board Certified,207RH0003X,HEMATOLOGY & ONCOLOGY PHYSICIAN,1
ACNP-BC,Acute Care Nurse Practitioner Board Certified,207RI0011X,INTERVENTIONAL CARDIOLOGY PHYSICIAN,1
ACNP-BC,Acute Care Nurse Practitioner Board Certified,207RI0200X,INFECTIOUS DISEASE PHYSICIAN,1
ACNP-BC,Acute Care Nurse Practitioner Board Certified,207RP1001X,PULMONARY DISEASE PHYSICIAN,1
ACNP-BC,Acute Care Nurse Practitioner Board Certified,207RX0202X,MEDICAL ONCOLOGY PHYSICIAN,1
ACNP-BC,Acute Care Nurse Practitioner Board Certified,207W00000X,OPHTHALMOLOGY PHYSICIAN,1
ACNP-BC,Acute Care Nurse Practitioner Board Certified,207X00000X,ORTHOPAEDIC SURGERY PHYSICIAN,1
ACNP-BC,Acute Care Nurse Practitioner Board Certified,208000000X,PEDIATRICS PHYSICIAN,1
ACNP-BC,Acute Care Nurse Practitioner Board Certified,2086S0102X,SURGICAL CRITICAL CARE PHYSICIAN,1
ACNP-BC,Acute Care Nurse Practitioner Board Certified,2086S0129X,VASCULAR SURGERY PHYSICIAN,1
ACNP-BC,Acute Care Nurse Practitioner Board Certified,208G00000X,THORACIC SURGERY (CARDIOTHORACIC VASCULAR SURGERY) PHYSICIAN,1
ACNP-BC,Acute Care Nurse Practitioner Board Certified,208VP0014X,INTERVENTIONAL PAIN MEDICINE PHYSICIAN,1
ACNPC,Acute Care Nurse Practitioner Certified,207Q00000X,FAMILY MEDICINE PHYSICIAN,1
ACNPC,Acute Care Nurse Practitioner Certified,207RC0200X,CRITICAL CARE MEDICINE (INTERNAL MEDICINE) PHYSICIAN,1
ACNPC,Acute Care Nurse Practitioner Certified,207RH0003X,HEMATOLOGY & ONCOLOGY PHYSICIAN,1
ACNPC-AG,Acute Care Nurse Practitioner Certified (Adult-Gerontology),207P00000X,EMERGENCY MEDICINE PHYSICIAN,1
ACNPC-AG,Acute Care Nurse Practitioner Certified (Adult-Gerontology),207PE0004X,EMERGENCY MEDICAL SERVICES (EMERGENCY MEDICINE) PHYSICIAN,1
ACNPC-AG,Acute Care Nurse Practitioner Certified (Adult-Gerontology),207R00000X,INTERNAL MEDICINE PHYSICIAN,1
ACNPC-AG,Acute Care Nurse Practitioner Certified (Adult-Gerontology),207RH0002X,HOSPICE AND PALLIATIVE MEDICINE (INTERNAL MEDICINE) PHYSICIAN,1
ACNPC-AG,Acute Care Nurse Practitioner Certified (Adult-Gerontology),207RH0003X,HEMATOLOGY & ONCOLOGY PHYSICIAN,1
ACNPC-AG,Acute Care Nurse Practitioner Certified (Adult-Gerontology),207RI0011X,INTERVENTIONAL CARDIOLOGY PHYSICIAN,1
ACNPC-AG,Acute Care Nurse Practitioner Certified (Adult-Gerontology),207RN0300X,NEPHROLOGY PHYSICIAN,1
ACNPC-AG,Acute Care Nurse Practitioner Certified (Adult-Gerontology),207T00000X,NEUROLOGICAL SURGERY PHYSICIAN,1
ACNPC-AG,Acute Care Nurse Practitioner Certified (Adult-Gerontology),2086S0102X,SURGICAL CRITICAL CARE PHYSICIAN,1
AG-ACNP,Adult Gerontology - Acute Care Nurse Practitioner,207L00000X,ANESTHESIOLOGY PHYSICIAN,1
AG-ACNP,Adult Gerontology - Acute Care Nurse Practitioner,207Q00000X,FAMILY MEDICINE PHYSICIAN,1
AG-ACNP,Adult Gerontology - Acute Care Nurse Practitioner,207QG0300X,GERIATRIC MEDICINE (FAMILY MEDICINE) PHYSICIAN,1
AG-ACNP,Adult Gerontology - Acute Care Nurse Practitioner,207XS0114X,ADULT RECONSTRUCTIVE ORTHOPAEDIC SURGERY PHYSICIAN,1
AG-ACNP,Adult Gerontology - Acute Care Nurse Practitioner,207XX0801X,ORTHOPAEDIC TRAUMA PHYSICIAN,1
AG-ACNP,Adult Gerontology - Acute Care Nurse Practitioner,2080P0202X,PEDIATRIC CARDIOLOGY PHYSICIAN,1
AG-ACNP,Adult Gerontology - Acute Care Nurse Practitioner,2081P0004X,SPINAL CORD INJURY MEDICINE PHYSICIAN,1
AG-ACNP,Adult Gerontology - Acute Care Nurse Practitioner,2085R0202X,DIAGNOSTIC RADIOLOGY PHYSICIAN,1
AG-ACNP,Adult Gerontology - Acute Care Nurse Practitioner,2086S0122X,PLASTIC AND RECONSTRUCTIVE SURGERY PHYSICIAN,1
AG-ACNP,Adult Gerontology - Acute Care Nurse Practitioner,208D00000X,GENERAL PRACTICE PHYSICIAN,1
AG-ACNP,Adult Gerontology - Acute Care Nurse Practitioner,208VP0014X,INTERVENTIONAL PAIN MEDICINE PHYSICIAN,1
AGACNP-BC,Adult-Gerontology Acute Care Nurse Practitioner Board Certified,202D00000X,INTEGRATIVE MEDICINE PHYSICIAN,1
AGACNP-BC,Adult-Gerontology Acute Care Nurse Practitioner Board Certified,207PH0002X,HOSPICE AND PALLIATIVE MEDICINE (EMERGENCY MEDICINE) PHYSICIAN,1
AGACNP-BC,Adult-Gerontology Acute Care Nurse Practitioner Board Certified,207QA0505X,ADULT MEDICINE PHYSICIAN,1
AGACNP-BC,Adult-Gerontology Acute Care Nurse Practitioner Board Certified,207RA0002X,ADULT CONGENITAL HEART DISEASE PHYSICIAN,1
AGACNP-BC,Adult-Gerontology Acute Care Nurse Practitioner Board Certified,207RH0000X,HEMATOLOGY (INTERNAL MEDICINE) PHYSICIAN,1
AGACNP-BC,Adult-Gerontology Acute Care Nurse Practitioner Board Certified,207RI0200X,INFECTIOUS DISEASE PHYSICIAN,1
AGACNP-BC,Adult-Gerontology Acute Care Nurse Practitioner Board Certified,207RN0300X,NEPHROLOGY PHYSICIAN,1
AGACNP-BC,Adult-Gerontology Acute Care Nurse Practitioner Board Certified,207RR0500X,RHEUMATOLOGY PHYSICIAN,1
AGACNP-BC,Adult-Gerontology Acute Care Nurse Practitioner Board Certified,207RX0202X,MEDICAL ONCOLOGY PHYSICIAN,1
AGACNP-BC,Adult-Gerontology Acute Care Nurse Practitioner Board Certified,208100000X,PHYSICAL MEDICINE & REHABILITATION PHYSICIAN,1
AGACNP-BC,Adult-Gerontology Acute Care Nurse Practitioner Board Certified,2083P0011X,UNDERSEA AND HYPERBARIC MEDICINE (PREVENTIVE MEDICINE) PHYSICIAN,1
AGACNP-BC,Adult-Gerontology Acute Care Nurse Practitioner Board Certified,2084A2900X,NEUROCRITICAL CARE PHYSICIAN,1
AGACNP-BC,Adult-Gerontology Acute Care Nurse Practitioner Board Certified,2084P0800X,PSYCHIATRY PHYSICIAN,1
AGACNP-BC,Adult-Gerontology Acute Care Nurse Practitioner Board Certified,2085R0202X,DIAGNOSTIC RADIOLOGY PHYSICIAN,1
AGACNP-BC,Adult-Gerontology Acute Care Nurse Practitioner Board Certified,2086S0122X,PLASTIC AND RECONSTRUCTIVE SURGERY PHYSICIAN,1
AGACNP-BC,Adult-Gerontology Acute Care Nurse Practitioner Board Certified,208800000X,UROLOGY PHYSICIAN,1
AGNP,Adult-Gerontology Nurse Practitioner,207L00000X,ANESTHESIOLOGY PHYSICIAN,1
AGNP,Adult-Gerontology Nurse Practitioner,207LC0200X,CRITICAL CARE MEDICINE (ANESTHESIOLOGY) PHYSICIAN,1
AGNP,Adult-Gerontology Nurse Practitioner,207P00000X,EMERGENCY MEDICINE PHYSICIAN,1
AGNP,Adult-Gerontology Nurse Practitioner,207RI0011X,INTERVENTIONAL CARDIOLOGY PHYSICIAN,1
AGNP,Adult-Gerontology Nurse Practitioner,207RI0200X,INFECTIOUS DISEASE PHYSICIAN,1
AGNP,Adult-Gerontology Nurse Practitioner,207RR0500X,RHEUMATOLOGY PHYSICIAN,1
AGNP,Adult-Gerontology Nurse Practitioner,207RS0010X,SPORTS MEDICINE (INTERNAL MEDICINE) PHYSICIAN,1
AGNP,Adult-Gerontology Nurse Practitioner,2083P0901X,PUBLIC HEALTH & GENERAL PREVENTIVE MEDICINE PHYSICIAN,1
AGNP,Adult-Gerontology Nurse Practitioner,2084P0802X,ADDICTION PSYCHIATRY PHYSICIAN,1
AGNP,Adult-Gerontology Nurse Practitioner,2085R0001X,RADIATION ONCOLOGY PHYSICIAN,1
AGNP,Adult-Gerontology Nurse Practitioner,208D00000X,GENERAL PRACTICE PHYSICIAN,1
AGNP,Adult-Gerontology Nurse Practitioner,208VP0000X,PAIN MEDICINE PHYSICIAN,1
AGNP,Adult-Gerontology Nurse Practitioner,208VP0014X,INTERVENTIONAL PAIN MEDICINE PHYSICIAN,1
AGNP-C,Adult-Gerontology Primary Care Nurse Practitioner,207L00000X,ANESTHESIOLOGY PHYSICIAN,1
AGNP-C,Adult-Gerontology Primary Care Nurse Practitioner,207QA0000X,ADOLESCENT MEDICINE (FAMILY MEDICINE) PHYSICIAN,1
AGNP-C,Adult-Gerontology Primary Care Nurse Practitioner,207RH0003X,HEMATOLOGY & ONCOLOGY PHYSICIAN,1
AGNP-C,Adult-Gerontology Primary Care Nurse Practitioner,207RI0011X,INTERVENTIONAL CARDIOLOGY PHYSICIAN,1
AGNP-C,Adult-Gerontology Primary Care Nurse Practitioner,207T00000X,NEUROLOGICAL SURGERY PHYSICIAN,1
AGNP-C,Adult-Gerontology Primary Care Nurse Practitioner,207V00000X,OBSTETRICS & GYNECOLOGY PHYSICIAN,1
AGNP-C,Adult-Gerontology Primary Care Nurse Practitioner,207VG0400X,GYNECOLOGY PHYSICIAN,1
AGNP-C,Adult-Gerontology Primary Care Nurse Practitioner,207X00000X,ORTHOPAEDIC SURGERY PHYSICIAN,1
AGNP-C,Adult-Gerontology Primary Care Nurse Practitioner,207Y00000X,OTOLARYNGOLOGY PHYSICIAN,1
AGNP-C,Adult-Gerontology Primary Care Nurse Practitioner,207ZN0500X,NEUROPATHOLOGY PHYSICIAN,1
AGNP-C,Adult-Gerontology Primary Care Nurse Practitioner,2084N0400X,NEUROLOGY PHYSICIAN,1
AGNP-C,Adult-Gerontology Primary Care Nurse Practitioner,2084P0805X,GERIATRIC PSYCHIATRY PHYSICIAN,1
AGNP-C,Adult-Gerontology Primary Care Nurse Practitioner,2085R0001X,RADIATION ONCOLOGY PHYSICIAN,1
AGNP-C,Adult-Gerontology Primary Care Nurse Practitioner,2086S0122X,PLASTIC AND RECONSTRUCTIVE SURGERY PHYSICIAN,1
AGNP-C,Adult-Gerontology Primary Care Nurse Practitioner,208G00000X,THORACIC SURGERY (CARDIOTHORACIC VASCULAR SURGERY) PHYSICIAN,1
AGNP-C,Adult-Gerontology Primary Care Nurse Practitioner,208M00000X,HOSPITALIST PHYSICIAN,1
AGPCNP,Adult Gerontology Primary Care Nurse Practitioner,207Q00000X,FAMILY MEDICINE PHYSICIAN,1
AGPCNP,Adult Gerontology Primary Care Nurse Practitioner,207QA0505X,ADULT MEDICINE PHYSICIAN,1
AGPCNP,Adult Gerontology Primary Care Nurse Practitioner,207RN0300X,NEPHROLOGY PHYSICIAN,1
AGPCNP,Adult Gerontology Primary Care Nurse Practitioner,207RX0202X,MEDICAL ONCOLOGY PHYSICIAN,1
AGPCNP,Adult Gerontology Primary Care Nurse Practitioner,2084P0800X,PSYCHIATRY PHYSICIAN,1
AGPCNP,Adult Gerontology Primary Care Nurse Practitioner,2084P0804X,CHILD & ADOLESCENT PSYCHIATRY PHYSICIAN,1
AGPCNP-BC,Adult-Gerontology Primary Care Nurse Practitioner Board Certified,207LP2900X,PAIN MEDICINE (ANESTHESIOLOGY) PHYSICIAN,1
AGPCNP-BC,Adult-Gerontology Primary Care Nurse Practitioner Board Certified,207QH0002X,HOSPICE AND PALLIATIVE MEDICINE (FAMILY MEDICINE) PHYSICIAN,1
AGPCNP-BC,Adult-Gerontology Primary Care Nurse Practitioner Board Certified,207RB0002X,OBESITY MEDICINE (INTERNAL MEDICINE) PHYSICIAN,1
AGPCNP-BC,Adult-Gerontology Primary Care Nurse Practitioner Board Certified,207RC0000X,CARDIOVASCULAR DISEASE PHYSICIAN,1
AGPCNP-BC,Adult-Gerontology Primary Care Nurse Practitioner Board Certified,207RC0200X,CRITICAL CARE MEDICINE (INTERNAL MEDICINE) PHYSICIAN,1
AGPCNP-BC,Adult-Gerontology Primary Care Nurse Practitioner Board Certified,207RH0002X,HOSPICE AND PALLIATIVE MEDICINE (INTERNAL MEDICINE) PHYSICIAN,1
AGPCNP-BC,Adult-Gerontology Primary Care Nurse Practitioner Board Certified,207RI0011X,INTERVENTIONAL CARDIOLOGY PHYSICIAN,1
AGPCNP-BC,Adult-Gerontology Primary Care Nurse Practitioner Board Certified,207RP1001X,PULMONARY DISEASE PHYSICIAN,1
AGPCNP-BC,Adult-Gerontology Primary Care Nurse Practitioner Board Certified,207RR0500X,RHEUMATOLOGY PHYSICIAN,1
AGPCNP-BC,Adult-Gerontology Primary Care Nurse Practitioner Board Certified,207RX0202X,MEDICAL ONCOLOGY PHYSICIAN,1
AGPCNP-BC,Adult-Gerontology Primary Care Nurse Practitioner Board Certified,2084N0400X,NEUROLOGY PHYSICIAN,1
AGPCNP-BC,Adult-Gerontology Primary Care Nurse Practitioner Board Certified,208800000X,UROLOGY PHYSICIAN,1
AGPCNP-BC,Adult-Gerontology Primary Care Nurse Practitioner Board Certified,208D00000X,GENERAL PRACTICE PHYSICIAN,1
AGPCNP-BC,Adult-Gerontology Primary Care Nurse Practitioner Board Certified,208VP0000X,PAIN MEDICINE PHYSICIAN,1
ANP,Adult Nurse Practitioner,207LH0002X,HOSPICE AND PALLIATIVE MEDICINE (ANESTHESIOLOGY) PHYSICIAN,1
ANP,Adult Nurse Practitioner,207QG0300X,GERIATRIC MEDICINE (FAMILY MEDICINE) PHYSICIAN,1
ANP,Adult Nurse Practitioner,207QS1201X,SLEEP MEDICINE (FAMILY MEDICINE) PHYSICIAN,1
ANP,Adult Nurse Practitioner,207RA0000X,ADOLESCENT MEDICINE (INTERNAL MEDICINE) PHYSICIAN,1
ANP,Adult Nurse Practitioner,207RC0200X,CRITICAL CARE MEDICINE (INTERNAL MEDICINE) PHYSICIAN,1
ANP,Adult Nurse Practitioner,207RE0101X,"ENDOCRINOLOGY, DIABETES & METABOLISM PHYSICIAN",1
ANP,Adult Nurse Practitioner,207RG0100X,GASTROENTEROLOGY PHYSICIAN,1
ANP,Adult Nurse Practitioner,207VM0101X,MATERNAL & FETAL MEDICINE PHYSICIAN,1
ANP,Adult Nurse Practitioner,207X00000X,ORTHOPAEDIC SURGERY PHYSICIAN,1
ANP,Adult Nurse Practitioner,2080P0214X,PEDIATRIC PULMONOLOGY PHYSICIAN,1
ANP,Adult Nurse Practitioner,208100000X,PHYSICAL MEDICINE & REHABILITATION PHYSICIAN,1
ANP,Adult Nurse Practitioner,2083P0011X,UNDERSEA AND HYPERBARIC MEDICINE (PREVENTIVE MEDICINE) PHYSICIAN,1
ANP,Adult Nurse Practitioner,2084P0804X,CHILD & ADOLESCENT PSYCHIATRY PHYSICIAN,1
ANP,Adult Nurse Practitioner,2086S0129X,VASCULAR SURGERY PHYSICIAN,1
ANP,Adult Nurse Practitioner,208G00000X,THORACIC SURGERY (CARDIOTHORACIC VASCULAR SURGERY) PHYSICIAN,1
ANP,Adult Nurse Practitioner,208VP0000X,PAIN MEDICINE PHYSICIAN,1
ANP-BC,Adult Nurse Practitioner Board Certified,207N00000X,DERMATOLOGY PHYSICIAN,1
ANP-BC,Adult Nurse Practitioner Board Certified,207RA0002X,ADULT CONGENITAL HEART DISEASE PHYSICIAN,1
ANP-BC,Adult Nurse Practitioner Board Certified,207RG0100X,GASTROENTEROLOGY PHYSICIAN,1
ANP-BC,Adult Nurse Practitioner Board Certified,207RH0002X,HOSPICE AND PALLIATIVE MEDICINE (INTERNAL MEDICINE) PHYSICIAN,1
ANP-BC,Adult Nurse Practitioner Board Certified,207RI0011X,INTERVENTIONAL CARDIOLOGY PHYSICIAN,1
ANP-BC,Adult Nurse Practitioner Board Certified,207RN0300X,NEPHROLOGY PHYSICIAN,1
ANP-BC,Adult Nurse Practitioner Board Certified,207VM0101X,MATERNAL & FETAL MEDICINE PHYSICIAN,1
ANP-BC,Adult Nurse Practitioner Board Certified,207X00000X,ORTHOPAEDIC SURGERY PHYSICIAN,1
ANP-BC,Adult Nurse Practitioner Board Certified,2081P2900X,PAIN MEDICINE (PHYSICAL MEDICINE & REHABILITATION) PHYSICIAN,1
ANP-BC,Adult Nurse Practitioner Board Certified,2083P0901X,PUBLIC HEALTH & GENERAL PREVENTIVE MEDICINE PHYSICIAN,1
ANP-BC,Adult Nurse Practitioner Board Certified,208800000X,UROLOGY PHYSICIAN,1
ANP-C,Adult Nurse Practitioner Certified,207LP2900X,PAIN MEDICINE (ANESTHESIOLOGY) PHYSICIAN,1
ANP-C,Adult Nurse Practitioner Certified,207QA0505X,ADULT MEDICINE PHYSICIAN,1
ANP-C,Adult Nurse Practitioner Certified,207QG0300X,GERIATRIC MEDICINE (FAMILY MEDICINE) PHYSICIAN,1
ANP-C,Adult Nurse Practitioner Certified,207QH0002X,HOSPICE AND PALLIATIVE MEDICINE (FAMILY MEDICINE) PHYSICIAN,1
ANP-C,Adult Nurse Practitioner Certified,207RI0011X,INTERVENTIONAL CARDIOLOGY PHYSICIAN,1
ANP-C,Adult Nurse Practitioner Certified,207V00000X,OBSTETRICS & GYNECOLOGY PHYSICIAN,1
ANP-C,Adult Nurse Practitioner Certified,208800000X,UROLOGY PHYSICIAN,1
ANP-C,Adult Nurse Practitioner Certified,208M00000X,HOSPITALIST PHYSICIAN,1
AOCNP,Advanced Oncology Certified Nurse Practitioner,207Q00000X,FAMILY MEDICINE PHYSICIAN,1
AOCNP,Advanced Oncology Certified Nurse Practitioner,207RH0003X,HEMATOLOGY & ONCOLOGY PHYSICIAN,1
APNP,Advanced Practice Nurse Practitioner,207PE0005X,UNDERSEA AND HYPERBARIC MEDICINE (EMERGENCY MEDICINE) PHYSICIAN,1
APNP,Advanced Practice Nurse Practitioner,207RH0003X,HEMATOLOGY & ONCOLOGY PHYSICIAN,1
APNP,Advanced Practice Nurse Practitioner,207RN0300X,NEPHROLOGY PHYSICIAN,1
APNP,Advanced Practice Nurse Practitioner,207VX0000X,OBSTETRICS PHYSICIAN,1
APNP,Advanced Practice Nurse Practitioner,208000000X,PEDIATRICS PHYSICIAN,1
APNP,Advanced Practice Nurse Practitioner,208100000X,PHYSICAL MEDICINE & REHABILITATION PHYSICIAN,1
APNP,Advanced Practice Nurse Practitioner,2083B0002X,OBESITY MEDICINE (PREVENTIVE MEDICINE) PHYSICIAN,1
APNP,Advanced Practice Nurse Practitioner,2083X0100X,OCCUPATIONAL MEDICINE PHYSICIAN,1
APNP,Advanced Practice Nurse Practitioner,2084E0001X,EPILEPSY PHYSICIAN,1
APNP,Advanced Practice Nurse Practitioner,2084N0400X,NEUROLOGY PHYSICIAN,1
APNP,Advanced Practice Nurse Practitioner,208G00000X,THORACIC SURGERY (CARDIOTHORACIC VASCULAR SURGERY) PHYSICIAN,1
APNP,Advanced Practice Nurse Practitioner,208VP0014X,INTERVENTIONAL PAIN MEDICINE PHYSICIAN,1
APRN-CNP,Advanced Practice Registered Nurse - Certified Nurse Practitioner,207N00000X,DERMATOLOGY PHYSICIAN,1
APRN-CNP,Advanced Practice Registered Nurse - Certified Nurse Practitioner,207NS0135X,PROCEDURAL DERMATOLOGY PHYSICIAN,1
APRN-CNP,Advanced Practice Registered Nurse - Certified Nurse Practitioner,207PP0204X,PEDIATRIC EMERGENCY MEDICINE (EMERGENCY MEDICINE) PHYSICIAN,1
APRN-CNP,Advanced Practice Registered Nurse - Certified Nurse Practitioner,207QS1201X,SLEEP MEDICINE (FAMILY MEDICINE) PHYSICIAN,1
APRN-CNP,Advanced Practice Registered Nurse - Certified Nurse Practitioner,207RA0001X,ADVANCED HEART FAILURE AND TRANSPLANT CARDIOLOGY PHYSICIAN,1
APRN-CNP,Advanced Practice Registered Nurse - Certified Nurse Practitioner,207RG0100X,GASTROENTEROLOGY PHYSICIAN,1
APRN-CNP,Advanced Practice Registered Nurse - Certified Nurse Practitioner,207RG0300X,GERIATRIC MEDICINE (INTERNAL MEDICINE) PHYSICIAN,1
APRN-CNP,Advanced Practice Registered Nurse - Certified Nurse Practitioner,207RH0003X,HEMATOLOGY & ONCOLOGY PHYSICIAN,1
APRN-CNP,Advanced Practice Registered Nurse - Certified Nurse Practitioner,207RN0300X,NEPHROLOGY PHYSICIAN,1
APRN-CNP,Advanced Practice Registered Nurse - Certified Nurse Practitioner,207RX0202X,MEDICAL ONCOLOGY PHYSICIAN,1
APRN-CNP,Advanced Practice Registered Nurse - Certified Nurse Practitioner,207VX0201X,GYNECOLOGIC ONCOLOGY PHYSICIAN,1
APRN-CNP,Advanced Practice Registered Nurse - Certified Nurse Practitioner,207X00000X,ORTHOPAEDIC SURGERY PHYSICIAN,1
APRN-CNP,Advanced Practice Registered Nurse - Certified Nurse Practitioner,207YX0905X,OTOLARYNGOLOGY/FACIAL PLASTIC SURGERY PHYSICIAN,1
APRN-CNP,Advanced Practice Registered Nurse - Certified Nurse Practitioner,2080N0001X,NEONATAL-PERINATAL MEDICINE PHYSICIAN,1
APRN-CNP,Advanced Practice Registered Nurse - Certified Nurse Practitioner,2080P0203X,PEDIATRIC CRITICAL CARE MEDICINE PHYSICIAN,1
APRN-CNP,Advanced Practice Registered Nurse - Certified Nurse Practitioner,208100000X,PHYSICAL MEDICINE & REHABILITATION PHYSICIAN,1
APRN-CNP,Advanced Practice Registered Nurse - Certified Nurse Practitioner,2084P0804X,CHILD & ADOLESCENT PSYCHIATRY PHYSICIAN,1
APRN-CNP,Advanced Practice Registered Nurse - Certified Nurse Practitioner,2085R0204X,VASCULAR & INTERVENTIONAL RADIOLOGY PHYSICIAN,1
APRN-CNP,Advanced Practice Registered Nurse - Certified Nurse Practitioner,2086X0206X,SURGICAL ONCOLOGY PHYSICIAN,1
APRN-CNP,Advanced Practice Registered Nurse - Certified Nurse Practitioner,208VP0000X,PAIN MEDICINE PHYSICIAN,1
ARNP,Advanced Registered Nurse Practitioner,202C00000X,INDEPENDENT MEDICAL EXAMINER PHYSICIAN,1
ARNP,Advanced Registered Nurse Practitioner,207LA0401X,ADDICTION MEDICINE (ANESTHESIOLOGY) PHYSICIAN,1
ARNP,Advanced Registered Nurse Practitioner,207LP3000X,PEDIATRIC ANESTHESIOLOGY PHYSICIAN,1
ARNP,Advanced Registered Nurse Practitioner,207NI0002X,CLINICAL & LABORATORY DERMATOLOGICAL IMMUNOLOGY PHYSICIAN,1
ARNP,Advanced Registered Nurse Practitioner,207NP0225X,PEDIATRIC DERMATOLOGY PHYSICIAN,1
ARNP,Advanced Registered Nurse Practitioner,207PE0005X,UNDERSEA AND HYPERBARIC MEDICINE (EMERGENCY MEDICINE) PHYSICIAN,1
ARNP,Advanced Registered Nurse Practitioner,207QS1201X,SLEEP MEDICINE (FAMILY MEDICINE) PHYSICIAN,1
ARNP,Advanced Registered Nurse Practitioner,207RA0002X,ADULT CONGENITAL HEART DISEASE PHYSICIAN,1
ARNP,Advanced Registered Nurse Practitioner,207RA0401X,ADDICTION MEDICINE (INTERNAL MEDICINE) PHYSICIAN,1
ARNP,Advanced Registered Nurse Practitioner,207VE0102X,REPRODUCTIVE ENDOCRINOLOGY PHYSICIAN,1
ARNP,Advanced Registered Nurse Practitioner,207VX0201X,GYNECOLOGIC ONCOLOGY PHYSICIAN,1
ARNP,Advanced Registered Nurse Practitioner,207W00000X,OPHTHALMOLOGY PHYSICIAN,1
ARNP,Advanced Registered Nurse Practitioner,207Y00000X,OTOLARYNGOLOGY PHYSICIAN,1
ARNP,Advanced Registered Nurse Practitioner,2080C0008X,CHILD ABUSE PEDIATRICS PHYSICIAN,1
ARNP,Advanced Registered Nurse Practitioner,2080P0008X,PEDIATRIC NEURODEVELOPMENTAL DISABILITIES PHYSICIAN,1
ARNP,Advanced Registered Nurse Practitioner,2080P0201X,PEDIATRIC ALLERGY/IMMUNOLOGY PHYSICIAN,1
ARNP,Advanced Registered Nurse Practitioner,2080P0205X,PEDIATRIC ENDOCRINOLOGY PHYSICIAN,1
ARNP,Advanced Registered Nurse Practitioner,2081S0010X,SPORTS MEDICINE (PHYSICAL MEDICINE & REHABILITATION) PHYSICIAN,1
ARNP,Advanced Registered Nurse Practitioner,208200000X,PLASTIC SURGERY PHYSICIAN,1
ARNP,Advanced Registered Nurse Practitioner,2083C0008X,CLINICAL INFORMATICS PHYSICIAN,1
ARNP,Advanced Registered Nurse Practitioner,2083P0500X,PREVENTIVE MEDICINE/OCCUPATIONAL ENVIRONMENTAL MEDICINE PHYSICIAN,1
ARNP,Advanced Registered Nurse Practitioner,2083P0901X,PUBLIC HEALTH & GENERAL PREVENTIVE MEDICINE PHYSICIAN,1
ARNP,Advanced Registered Nurse Practitioner,2084A0401X,ADDICTION MEDICINE (PSYCHIATRY & NEUROLOGY) PHYSICIAN,1
ARNP,Advanced Registered Nurse Practitioner,2084P0805X,GERIATRIC PSYCHIATRY PHYSICIAN,1
ARNP,Advanced Registered Nurse Practitioner,2085R0204X,VASCULAR & INTERVENTIONAL RADIOLOGY PHYSICIAN,1
ARNP,Advanced Registered Nurse Practitioner,2085U0001X,DIAGNOSTIC ULTRASOUND PHYSICIAN,1
ARNP,Advanced Registered Nurse Practitioner,2086S0129X,VASCULAR SURGERY PHYSICIAN,1
ARNP,Advanced Registered Nurse Practitioner,2086X0206X,SURGICAL ONCOLOGY PHYSICIAN,1
ARNP,Advanced Registered Nurse Practitioner,2088P0231X,PEDIATRIC UROLOGY PHYSICIAN,1
ARNP-C,Advanced Registered Nurse Practitioner Certified,207K00000X,ALLERGY & IMMUNOLOGY PHYSICIAN,1
ARNP-C,Advanced Registered Nurse Practitioner Certified,207N00000X,DERMATOLOGY PHYSICIAN,1
ARNP-C,Advanced Registered Nurse Practitioner Certified,207R00000X,INTERNAL MEDICINE PHYSICIAN,1
ARNP-C,Advanced Registered Nurse Practitioner Certified,207RC0000X,CARDIOVASCULAR DISEASE PHYSICIAN,1
ARNP-C,Advanced Registered Nurse Practitioner Certified,2083P0011X,UNDERSEA AND HYPERBARIC MEDICINE (PREVENTIVE MEDICINE) PHYSICIAN,1
ARNP-C,Advanced Registered Nurse Practitioner Certified,208600000X,SURGERY PHYSICIAN,1
ARNP-C,Advanced Registered Nurse Practitioner Certified,208M00000X,HOSPITALIST PHYSICIAN,1
CANP,Certified Adult Nurse Practitioner,207K00000X,ALLERGY & IMMUNOLOGY PHYSICIAN,1
CANP,Certified Adult Nurse Practitioner,207Q00000X,FAMILY MEDICINE PHYSICIAN,1
CANP,Certified Adult Nurse Practitioner,207R00000X,INTERNAL MEDICINE PHYSICIAN,1
CANP,Certified Adult Nurse Practitioner,207RC0000X,CARDIOVASCULAR DISEASE PHYSICIAN,1
CANP,Certified Adult Nurse Practitioner,207RI0200X,INFECTIOUS DISEASE PHYSICIAN,1
CFNP,Certified Family Nurse Practitioner,207K00000X,ALLERGY & IMMUNOLOGY PHYSICIAN,1
CFNP,Certified Family Nurse Practitioner,207PE0004X,EMERGENCY MEDICAL SERVICES (EMERGENCY MEDICINE) PHYSICIAN,1
CFNP,Certified Family Nurse Practitioner,207QA0505X,ADULT MEDICINE PHYSICIAN,1
CFNP,Certified Family Nurse Practitioner,207RC0001X,CLINICAL CARDIAC ELECTROPHYSIOLOGY PHYSICIAN,1
CFNP,Certified Family Nurse Practitioner,207RE0101X,"ENDOCRINOLOGY, DIABETES & METABOLISM PHYSICIAN",1
CFNP,Certified Family Nurse Practitioner,207RH0003X,HEMATOLOGY & ONCOLOGY PHYSICIAN,1
CFNP,Certified Family Nurse Practitioner,207RR0500X,RHEUMATOLOGY PHYSICIAN,1
CFNP,Certified Family Nurse Practitioner,207V00000X,OBSTETRICS & GYNECOLOGY PHYSICIAN,1
CFNP,Certified Family Nurse Practitioner,207VX0000X,OBSTETRICS PHYSICIAN,1
CFNP,Certified Family Nurse Practitioner,207Y00000X,OTOLARYNGOLOGY PHYSICIAN,1
CFNP,Certified Family Nurse Practitioner,208100000X,PHYSICAL MEDICINE & REHABILITATION PHYSICIAN,1
CFNP,Certified Family Nurse Practitioner,2084P0800X,PSYCHIATRY PHYSICIAN,1
CFNP,Certified Family Nurse Practitioner,208M00000X,HOSPITALIST PHYSICIAN,1
CNP,Certified Nurse Practitioner,207KA0200X,ALLERGY PHYSICIAN,1
CNP,Certified Nurse Practitioner,207L00000X,ANESTHESIOLOGY PHYSICIAN,1
CNP,Certified Nurse Practitioner,207LH0002X,HOSPICE AND PALLIATIVE MEDICINE (ANESTHESIOLOGY) PHYSICIAN,1
CNP,Certified Nurse Practitioner,207NP0225X,PEDIATRIC DERMATOLOGY PHYSICIAN,1
CNP,Certified Nurse Practitioner,207RI0008X,HEPATOLOGY PHYSICIAN,1
CNP,Certified Nurse Practitioner,207RX0202X,MEDICAL ONCOLOGY PHYSICIAN,1
CNP,Certified Nurse Practitioner,207VM0101X,MATERNAL & FETAL MEDICINE PHYSICIAN,1
CNP,Certified Nurse Practitioner,207XX0801X,ORTHOPAEDIC TRAUMA PHYSICIAN,1
CNP,Certified Nurse Practitioner,2080P0203X,PEDIATRIC CRITICAL CARE MEDICINE PHYSICIAN,1
CNP,Certified Nurse Practitioner,2080P0204X,PEDIATRIC EMERGENCY MEDICINE (PEDIATRICS) PHYSICIAN,1
CNP,Certified Nurse Practitioner,2080P0214X,PEDIATRIC PULMONOLOGY PHYSICIAN,1
CNP,Certified Nurse Practitioner,2080T0002X,PEDIATRIC MEDICAL TOXICOLOGY PHYSICIAN,1
CNP,Certified Nurse Practitioner,2083P0011X,UNDERSEA AND HYPERBARIC MEDICINE (PREVENTIVE MEDICINE) PHYSICIAN,1
CNP,Certified Nurse Practitioner,2083P0901X,PUBLIC HEALTH & GENERAL PREVENTIVE MEDICINE PHYSICIAN,1
CNP,Certified Nurse Practitioner,2083X0100X,OCCUPATIONAL MEDICINE PHYSICIAN,1
CNP,Certified Nurse Practitioner,2084F0202X,FORENSIC PSYCHIATRY PHYSICIAN,1
CNP,Certified Nurse Practitioner,2084P0015X,PSYCHOSOMATIC MEDICINE PHYSICIAN,1
CNP,Certified Nurse Practitioner,2084P0805X,GERIATRIC PSYCHIATRY PHYSICIAN,1
CNP,Certified Nurse Practitioner,2085R0001X,RADIATION ONCOLOGY PHYSICIAN,1
CPNP,Certified Pediatric Nurse Practitioner,207KA0200X,ALLERGY PHYSICIAN,1
CPNP,Certified Pediatric Nurse Practitioner,207P00000X,EMERGENCY MEDICINE PHYSICIAN,1
CPNP,Certified Pediatric Nurse Practitioner,207PP0204X,PEDIATRIC EMERGENCY MEDICINE (EMERGENCY MEDICINE) PHYSICIAN,1
CPNP,Certified Pediatric Nurse Practitioner,207RC0000X,CARDIOVASCULAR DISEASE PHYSICIAN,1
CPNP,Certified Pediatric Nurse Practitioner,207RE0101X,"ENDOCRINOLOGY, DIABETES & METABOLISM PHYSICIAN",1
CPNP,Certified Pediatric Nurse Practitioner,207RH0002X,HOSPICE AND PALLIATIVE MEDICINE (INTERNAL MEDICINE) PHYSICIAN,1
CPNP,Certified Pediatric Nurse Practitioner,207RX0202X,MEDICAL ONCOLOGY PHYSICIAN,1
CPNP,Certified Pediatric Nurse Practitioner,207SG0201X,CLINICAL GENETICS (M.D.) PHYSICIAN,1
CPNP,Certified Pediatric Nurse Practitioner,207T00000X,NEUROLOGICAL SURGERY PHYSICIAN,1
CPNP,Certified Pediatric Nurse Practitioner,207Y00000X,OTOLARYNGOLOGY PHYSICIAN,1
CPNP,Certified Pediatric Nurse Practitioner,2080H0002X,PEDIATRIC HOSPICE AND PALLIATIVE MEDICINE PHYSICIAN,1
CPNP,Certified Pediatric Nurse Practitioner,2080P0201X,PEDIATRIC ALLERGY/IMMUNOLOGY PHYSICIAN,1
CPNP,Certified Pediatric Nurse Practitioner,2080P0208X,PEDIATRIC INFECTIOUS DISEASES PHYSICIAN,1
CPNP,Certified Pediatric Nurse Practitioner,2080T0002X,PEDIATRIC MEDICAL TOXICOLOGY PHYSICIAN,1
CPNP,Certified Pediatric Nurse Practitioner,2081P0010X,PEDIATRIC REHABILITATION MEDICINE PHYSICIAN,1
CPNP,Certified Pediatric Nurse Practitioner,2084P0005X,NEURODEVELOPMENTAL DISABILITIES PHYSICIAN,1
CPNP,Certified Pediatric Nurse Practitioner,208800000X,UROLOGY PHYSICIAN,1
CPNP,Certified Pediatric Nurse Practitioner,2088P0231X,PEDIATRIC UROLOGY PHYSICIAN,1
CPNP,Certified Pediatric Nurse Practitioner,208G00000X,THORACIC SURGERY (CARDIOTHORACIC VASCULAR SURGERY) PHYSICIAN,1
CPNP,Certified Pediatric Nurse Practitioner,208M00000X,HOSPITALIST PHYSICIAN,1
CPNP-AC,Certified Pediatric Nurse Practitioner - Acute Care,207LP3000X,PEDIATRIC ANESTHESIOLOGY PHYSICIAN,1
CPNP-AC,Certified Pediatric Nurse Practitioner - Acute Care,207RC0200X,CRITICAL CARE MEDICINE (INTERNAL MEDICINE) PHYSICIAN,1
CPNP-AC,Certified Pediatric Nurse Practitioner - Acute Care,207T00000X,NEUROLOGICAL SURGERY PHYSICIAN,1
CPNP-AC,Certified Pediatric Nurse Practitioner - Acute Care,207YP0228X,PEDIATRIC OTOLARYNGOLOGY PHYSICIAN,1
CPNP-AC,Certified Pediatric Nurse Practitioner - Acute Care,207YX0007X,PLASTIC SURGERY WITHIN THE HEAD & NECK (OTOLARYNGOLOGY) PHYSICIAN,1
CPNP-AC,Certified Pediatric Nurse Practitioner - Acute Care,2080A0000X,PEDIATRIC ADOLESCENT MEDICINE PHYSICIAN,1
CPNP-AC,Certified Pediatric Nurse Practitioner - Acute Care,2080P0006X,DEVELOPMENTAL - BEHAVIORAL PEDIATRICS PHYSICIAN,1
CPNP-AC,Certified Pediatric Nurse Practitioner - Acute Care,2080P0206X,PEDIATRIC GASTROENTEROLOGY PHYSICIAN,1
CPNP-AC,Certified Pediatric Nurse Practitioner - Acute Care,2080P0208X,PEDIATRIC INFECTIOUS DISEASES PHYSICIAN,1
CPNP-AC,Certified Pediatric Nurse Practitioner - Acute Care,2080P0210X,PEDIATRIC NEPHROLOGY PHYSICIAN,1
CPNP-AC,Certified Pediatric Nurse Practitioner - Acute Care,2085P0229X,PEDIATRIC RADIOLOGY PHYSICIAN,1
CPNP-AC,Certified Pediatric Nurse Practitioner - Acute Care,208800000X,UROLOGY PHYSICIAN,1
CPNP-AC,Certified Pediatric Nurse Practitioner - Acute Care,2088P0231X,PEDIATRIC UROLOGY PHYSICIAN,1
CPNP-AC,Certified Pediatric Nurse Practitioner - Acute Care,208M00000X,HOSPITALIST PHYSICIAN,1
CPNP-PC,Certified Pediatric Nurse Practitioner Primary Care,207K00000X,ALLERGY & IMMUNOLOGY PHYSICIAN,1
CPNP-PC,Certified Pediatric Nurse Practitioner Primary Care,207LP3000X,PEDIATRIC ANESTHESIOLOGY PHYSICIAN,1
CPNP-PC,Certified Pediatric Nurse Practitioner Primary Care,207R00000X,INTERNAL MEDICINE PHYSICIAN,1
CPNP-PC,Certified Pediatric Nurse Practitioner Primary Care,207Y00000X,OTOLARYNGOLOGY PHYSICIAN,1
CPNP-PC,Certified Pediatric Nurse Practitioner Primary Care,2080C0008X,CHILD ABUSE PEDIATRICS PHYSICIAN,1
CPNP-PC,Certified Pediatric Nurse Practitioner Primary Care,2080P0203X,PEDIATRIC CRITICAL CARE MEDICINE PHYSICIAN,1
CPNP-PC,Certified Pediatric Nurse Practitioner Primary Care,2080P0208X,PEDIATRIC INFECTIOUS DISEASES PHYSICIAN,1
CPNP-PC,Certified Pediatric Nurse Practitioner Primary Care,2080P0210X,PEDIATRIC NEPHROLOGY PHYSICIAN,1
CPNP-PC,Certified Pediatric Nurse Practitioner Primary Care,2080P0216X,PEDIATRIC RHEUMATOLOGY PHYSICIAN,1
CPNP-PC,Certified Pediatric Nurse Practitioner Primary Care,208200000X,PLASTIC SURGERY PHYSICIAN,1
CPNP-PC,Certified Pediatric Nurse Practitioner Primary Care,2084N0402X,NEUROLOGY WITH SPECIAL QUALIFICATIONS IN CHILD NEUROLOGY PHYSICIAN,1
CPNP-PC,Certified Pediatric Nurse Practitioner Primary Care,2088P0231X,PEDIATRIC UROLOGY PHYSICIAN,1
CRNP,Certified Registered Nurse Practitioner,202C00000X,INDEPENDENT MEDICAL EXAMINER PHYSICIAN,1
CRNP,Certified Registered Nurse Practitioner,204F00000X,TRANSPLANT SURGERY PHYSICIAN,1
CRNP,Certified Registered Nurse Practitioner,207KA0200X,ALLERGY PHYSICIAN,1
CRNP,Certified Registered Nurse Practitioner,207QB0002X,OBESITY MEDICINE (FAMILY MEDICINE) PHYSICIAN,1
CRNP,Certified Registered Nurse Practitioner,207QS1201X,SLEEP MEDICINE (FAMILY MEDICINE) PHYSICIAN,1
CRNP,Certified Registered Nurse Practitioner,207RA0401X,ADDICTION MEDICINE (INTERNAL MEDICINE) PHYSICIAN,1
CRNP,Certified Registered Nurse Practitioner,207RI0008X,HEPATOLOGY PHYSICIAN,1
CRNP,Certified Registered Nurse Practitioner,207RI0011X,INTERVENTIONAL CARDIOLOGY PHYSICIAN,1
CRNP,Certified Registered Nurse Practitioner,207RS0012X,SLEEP MEDICINE (INTERNAL MEDICINE) PHYSICIAN,1
CRNP,Certified Registered Nurse Practitioner,207VE0102X,REPRODUCTIVE ENDOCRINOLOGY PHYSICIAN,1
CRNP,Certified Registered Nurse Practitioner,207VX0201X,GYNECOLOGIC ONCOLOGY PHYSICIAN,1
CRNP,Certified Registered Nurse Practitioner,207XP3100X,PEDIATRIC ORTHOPAEDIC SURGERY PHYSICIAN,1
CRNP,Certified Registered Nurse Practitioner,207XX0004X,ORTHOPAEDIC FOOT AND ANKLE SURGERY PHYSICIAN,1
CRNP,Certified Registered Nurse Practitioner,207XX0801X,ORTHOPAEDIC TRAUMA PHYSICIAN,1
CRNP,Certified Registered Nurse Practitioner,2080B0002X,PEDIATRIC OBESITY MEDICINE PHYSICIAN,1
CRNP,Certified Registered Nurse Practitioner,2080I0007X,PEDIATRIC CLINICAL & LABORATORY IMMUNOLOGY PHYSICIAN,1
CRNP,Certified Registered Nurse Practitioner,2080P0006X,DEVELOPMENTAL - BEHAVIORAL PEDIATRICS PHYSICIAN,1
CRNP,Certified Registered Nurse Practitioner,2080P0201X,PEDIATRIC ALLERGY/IMMUNOLOGY PHYSICIAN,1
CRNP,Certified Registered Nurse Practitioner,2080P0202X,PEDIATRIC CARDIOLOGY PHYSICIAN,1
CRNP,Certified Registered Nurse Practitioner,2080P0205X,PEDIATRIC ENDOCRINOLOGY PHYSICIAN,1
CRNP,Certified Registered Nurse Practitioner,2080P0210X,PEDIATRIC NEPHROLOGY PHYSICIAN,1
CRNP,Certified Registered Nurse Practitioner,2080P0216X,PEDIATRIC RHEUMATOLOGY PHYSICIAN,1
CRNP,Certified Registered Nurse Practitioner,2080T0002X,PEDIATRIC MEDICAL TOXICOLOGY PHYSICIAN,1
CRNP,Certified Registered Nurse Practitioner,2081P0010X,PEDIATRIC REHABILITATION MEDICINE PHYSICIAN,1
CRNP,Certified Registered Nurse Practitioner,208200000X,PLASTIC SURGERY PHYSICIAN,1
CRNP,Certified Registered Nurse Practitioner,2083P0901X,PUBLIC HEALTH & GENERAL PREVENTIVE MEDICINE PHYSICIAN,1
CRNP,Certified Registered Nurse Practitioner,2084B0040X,BEHAVIORAL NEUROLOGY & NEUROPSYCHIATRY PHYSICIAN,1
CRNP,Certified Registered Nurse Practitioner,2084E0001X,EPILEPSY PHYSICIAN,1
CRNP,Certified Registered Nurse Practitioner,2085R0204X,VASCULAR & INTERVENTIONAL RADIOLOGY PHYSICIAN,1
CRNP,Certified Registered Nurse Practitioner,2086S0102X,SURGICAL CRITICAL CARE PHYSICIAN,1
CRNP,Certified Registered Nurse Practitioner,2086S0120X,PEDIATRIC SURGERY PHYSICIAN,1
CRNP,Certified Registered Nurse Practitioner,2086S0129X,VASCULAR SURGERY PHYSICIAN,1
CRNP,Certified Registered Nurse Practitioner,2086X0206X,SURGICAL ONCOLOGY PHYSICIAN,1
CRNP,Certified Registered Nurse Practitioner,2088P0231X,PEDIATRIC UROLOGY PHYSICIAN,1
CRNP,Certified Registered Nurse Practitioner,208G00000X,THORACIC SURGERY (CARDIOTHORACIC VASCULAR SURGERY) PHYSICIAN,1
ENP-C,Emergency Nurse Practitioner,207Q00000X,FAMILY MEDICINE PHYSICIAN,1
ENP-C,Emergency Nurse Practitioner,207R00000X,INTERNAL MEDICINE PHYSICIAN,1
FNP,Family Nurse Practitioner,202K00000X,PHLEBOLOGY PHYSICIAN,1
FNP,Family Nurse Practitioner,204F00000X,TRANSPLANT SURGERY PHYSICIAN,1
FNP,Family Nurse Practitioner,207LA0401X,ADDICTION MEDICINE (ANESTHESIOLOGY) PHYSICIAN,1
FNP,Family Nurse Practitioner,207LH0002X,HOSPICE AND PALLIATIVE MEDICINE (ANESTHESIOLOGY) PHYSICIAN,1
FNP,Family Nurse Practitioner,207ND0101X,MOHS-MICROGRAPHIC SURGERY PHYSICIAN,1
FNP,Family Nurse Practitioner,207ND0900X,DERMATOPATHOLOGY PHYSICIAN,1
FNP,Family Nurse Practitioner,207NP0225X,PEDIATRIC DERMATOLOGY PHYSICIAN,1
FNP,Family Nurse Practitioner,207NS0135X,PROCEDURAL DERMATOLOGY PHYSICIAN,1
FNP,Family Nurse Practitioner,207PH0002X,HOSPICE AND PALLIATIVE MEDICINE (EMERGENCY MEDICINE) PHYSICIAN,1
FNP,Family Nurse Practitioner,207PP0204X,PEDIATRIC EMERGENCY MEDICINE (EMERGENCY MEDICINE) PHYSICIAN,1
FNP,Family Nurse Practitioner,207QD0401X,DIABETOLOGY (FAMILY MEDICINE) PHYSICIAN,1
FNP,Family Nurse Practitioner,207RA0002X,ADULT CONGENITAL HEART DISEASE PHYSICIAN,1
FNP,Family Nurse Practitioner,207RA0401X,ADDICTION MEDICINE (INTERNAL MEDICINE) PHYSICIAN,1
FNP,Family Nurse Practitioner,207RT0003X,TRANSPLANT HEPATOLOGY PHYSICIAN,1
FNP,Family Nurse Practitioner,207SG0201X,CLINICAL GENETICS (M.D.) PHYSICIAN,1
FNP,Family Nurse Practitioner,207VC0300X,COMPLEX FAMILY PLANNING PHYSICIAN,1
FNP,Family Nurse Practitioner,207VE0102X,REPRODUCTIVE ENDOCRINOLOGY PHYSICIAN,1
FNP,Family Nurse Practitioner,207VH0002X,HOSPICE AND PALLIATIVE MEDICINE (OBSTETRICS & GYNECOLOGY) PHYSICIAN,1
FNP,Family Nurse Practitioner,207W00000X,OPHTHALMOLOGY PHYSICIAN,1
FNP,Family Nurse Practitioner,207XS0106X,ORTHOPAEDIC HAND SURGERY PHYSICIAN,1
FNP,Family Nurse Practitioner,207XX0801X,ORTHOPAEDIC TRAUMA PHYSICIAN,1
FNP,Family Nurse Practitioner,207YX0007X,PLASTIC SURGERY WITHIN THE HEAD & NECK (OTOLARYNGOLOGY) PHYSICIAN,1
FNP,Family Nurse Practitioner,207YX0905X,OTOLARYNGOLOGY/FACIAL PLASTIC SURGERY PHYSICIAN,1
FNP,Family Nurse Practitioner,2080N0001X,NEONATAL-PERINATAL MEDICINE PHYSICIAN,1
FNP,Family Nurse Practitioner,2080P0006X,DEVELOPMENTAL - BEHAVIORAL PEDIATRICS PHYSICIAN,1
FNP,Family Nurse Practitioner,2080P0203X,PEDIATRIC CRITICAL CARE MEDICINE PHYSICIAN,1
FNP,Family Nurse Practitioner,2080P0210X,PEDIATRIC NEPHROLOGY PHYSICIAN,1
FNP,Family Nurse Practitioner,2081H0002X,HOSPICE AND PALLIATIVE MEDICINE (PHYSICAL MEDICINE & REHABILITATION) PHYSICIAN,1
FNP,Family Nurse Practitioner,2081S0010X,SPORTS MEDICINE (PHYSICAL MEDICINE & REHABILITATION) PHYSICIAN,1
FNP,Family Nurse Practitioner,2082S0105X,SURGERY OF THE HAND (PLASTIC SURGERY) PHYSICIAN,1
FNP,Family Nurse Practitioner,2083C0008X,CLINICAL INFORMATICS PHYSICIAN,1
FNP,Family Nurse Practitioner,2084E0001X,EPILEPSY PHYSICIAN,1
FNP,Family Nurse Practitioner,2084N0402X,NEUROLOGY WITH SPECIAL QUALIFICATIONS IN CHILD NEUROLOGY PHYSICIAN,1
FNP,Family Nurse Practitioner,2084P0805X,GERIATRIC PSYCHIATRY PHYSICIAN,1
FNP,Family Nurse Practitioner,2084S0012X,SLEEP MEDICINE (PSYCHIATRY & NEUROLOGY) PHYSICIAN,1
FNP-BC,Family Nurse Practitioner Board Certified,204F00000X,TRANSPLANT SURGERY PHYSICIAN,1
FNP-BC,Family Nurse Practitioner Board Certified,207K00000X,ALLERGY & IMMUNOLOGY PHYSICIAN,1
FNP-BC,Family Nurse Practitioner Board Certified,207KA0200X,ALLERGY PHYSICIAN,1
FNP-BC,Family Nurse Practitioner Board Certified,207KI0005X,CLINICAL & LABORATORY IMMUNOLOGY (ALLERGY & IMMUNOLOGY) PHYSICIAN,1
FNP-BC,Family Nurse Practitioner Board Certified,207L00000X,ANESTHESIOLOGY PHYSICIAN,1
FNP-BC,Family Nurse Practitioner Board Certified,207LC0200X,CRITICAL CARE MEDICINE (ANESTHESIOLOGY) PHYSICIAN,1
FNP-BC,Family Nurse Practitioner Board Certified,207LP2900X,PAIN MEDICINE (ANESTHESIOLOGY) PHYSICIAN,1
FNP-BC,Family Nurse Practitioner Board Certified,207NP0225X,PEDIATRIC DERMATOLOGY PHYSICIAN,1
FNP-BC,Family Nurse Practitioner Board Certified,207PP0204X,PEDIATRIC EMERGENCY MEDICINE (EMERGENCY MEDICINE) PHYSICIAN,1
FNP-BC,Family Nurse Practitioner Board Certified,207QB0505X,DIABETOLOGY (INTERNAL MEDICINE) PHYSICIAN,1
FNP-BC,Family Nurse Practitioner Board Certified,207QD0401X,DIABETOLOGY (FAMILY MEDICINE) PHYSICIAN,1
FNP-BC,Family Nurse Practitioner Board Certified,207QS1201X,SLEEP MEDICINE (FAMILY MEDICINE) PHYSICIAN,1
FNP-BC,Family Nurse Practitioner Board Certified,207RA0001X,ADVANCED HEART FAILURE AND TRANSPLANT CARDIOLOGY PHYSICIAN,1
FNP-BC,Family Nurse Practitioner Board Certified,207RC0001X,CLINICAL CARDIAC ELECTROPHYSIOLOGY PHYSICIAN,1
FNP-BC,Family Nurse Practitioner Board Certified,207VE0102X,REPRODUCTIVE ENDOCRINOLOGY PHYSICIAN,1
FNP-BC,Family Nurse Practitioner Board Certified,207VG0400X,GYNECOLOGY PHYSICIAN,1
FNP-BC,Family Nurse Practitioner Board Certified,207W00000X,OPHTHALMOLOGY PHYSICIAN,1
FNP-BC,Family Nurse Practitioner Board Certified,207XX0004X,ORTHOPAEDIC FOOT AND ANKLE SURGERY PHYSICIAN,1
FNP-BC,Family Nurse Practitioner Board Certified,207YS0123X,FACIAL PLASTIC SURGERY PHYSICIAN,1
FNP-BC,Family Nurse Practitioner Board Certified,2080C0008X,CHILD ABUSE PEDIATRICS PHYSICIAN,1
FNP-BC,Family Nurse Practitioner Board Certified,2080P0210X,PEDIATRIC NEPHROLOGY PHYSICIAN,1
FNP-BC,Family Nurse Practitioner Board Certified,2080P0214X,PEDIATRIC PULMONOLOGY PHYSICIAN,1
FNP-BC,Family Nurse Practitioner Board Certified,2081H0002X,HOSPICE AND PALLIATIVE MEDICINE (PHYSICAL MEDICINE & REHABILITATION) PHYSICIAN,1
FNP-BC,Family Nurse Practitioner Board Certified,208200000X,PLASTIC SURGERY PHYSICIAN,1
FNP-BC,Family Nurse Practitioner Board Certified,2084P0804X,CHILD & ADOLESCENT PSYCHIATRY PHYSICIAN,1
FNP-BC,Family Nurse Practitioner Board Certified,2085R0202X,DIAGNOSTIC RADIOLOGY PHYSICIAN,1
FNP-BC,Family Nurse Practitioner Board Certified,2086S0122X,PLASTIC AND RECONSTRUCTIVE SURGERY PHYSICIAN,1
FNP-BC,Family Nurse Practitioner Board Certified,2086S0127X,TRAUMA SURGERY PHYSICIAN,1
FNP-BC,Family Nurse Practitioner Board Certified,2086S0129X,VASCULAR SURGERY PHYSICIAN,1
FNP-BC,Family Nurse Practitioner Board Certified,2086X0206X,SURGICAL ONCOLOGY PHYSICIAN,1
FNP-C,Family Nurse Practitioner,207NS0135X,PROCEDURAL DERMATOLOGY PHYSICIAN,1
FNP-C,Family Nurse Practitioner,207QS0010X,SPORTS MEDICINE (FAMILY MEDICINE) PHYSICIAN,1
FNP-C,Family Nurse Practitioner,207QS1201X,SLEEP MEDICINE (FAMILY MEDICINE) PHYSICIAN,1
FNP-C,Family Nurse Practitioner,207RA0001X,ADVANCED HEART FAILURE AND TRANSPLANT CARDIOLOGY PHYSICIAN,1
FNP-C,Family Nurse Practitioner,207RB0002X,OBESITY MEDICINE (INTERNAL MEDICINE) PHYSICIAN,1
FNP-C,Family Nurse Practitioner,207RS0010X,SPORTS MEDICINE (INTERNAL MEDICINE) PHYSICIAN,1
FNP-C,Family Nurse Practitioner,207VF0040X,UROGYNECOLOGY AND RECONSTRUCTIVE PELVIC SURGERY (OBSTETRICS & GYNECOLOGY) PHYSICIAN,1
FNP-C,Family Nurse Practitioner,207VM0101X,MATERNAL & FETAL MEDICINE PHYSICIAN,1
FNP-C,Family Nurse Practitioner,207XS0106X,ORTHOPAEDIC HAND SURGERY PHYSICIAN,1
FNP-C,Family Nurse Practitioner,207XX0005X,SPORTS MEDICINE (ORTHOPAEDIC SURGERY) PHYSICIAN,1
FNP-C,Family Nurse Practitioner,207ZN0500X,NEUROPATHOLOGY PHYSICIAN,1
FNP-C,Family Nurse Practitioner,2080P0204X,PEDIATRIC EMERGENCY MEDICINE (PEDIATRICS) PHYSICIAN,1
FNP-C,Family Nurse Practitioner,2080P0210X,PEDIATRIC NEPHROLOGY PHYSICIAN,1
FNP-C,Family Nurse Practitioner,2083A0300X,ADDICTION MEDICINE (PREVENTIVE MEDICINE) PHYSICIAN,1
FNP-C,Family Nurse Practitioner,2083P0500X,PREVENTIVE MEDICINE/OCCUPATIONAL ENVIRONMENTAL MEDICINE PHYSICIAN,1
FNP-C,Family Nurse Practitioner,2084A0401X,ADDICTION MEDICINE (PSYCHIATRY & NEUROLOGY) PHYSICIAN,1
FNP-C,Family Nurse Practitioner,2084E0001X,EPILEPSY PHYSICIAN,1
FNP-C,Family Nurse Practitioner,2084F0202X,FORENSIC PSYCHIATRY PHYSICIAN,1
FNP-C,Family Nurse Practitioner,2084H0002X,HOSPICE AND PALLIATIVE MEDICINE (PSYCHIATRY & NEUROLOGY) PHYSICIAN,1
FNP-C,Family Nurse Practitioner,2084N0008X,NEUROMUSCULAR MEDICINE (PSYCHIATRY & NEUROLOGY) PHYSICIAN,1
FNP-C,Family Nurse Practitioner,2084N0402X,NEUROLOGY WITH SPECIAL QUALIFICATIONS IN CHILD NEUROLOGY PHYSICIAN,1
FNP-C,Family Nurse Practitioner,2084P0301X,BRAIN INJURY MEDICINE (PSYCHIATRY & NEUROLOGY) PHYSICIAN,1
FNP-C,Family Nurse Practitioner,2084V0102X,VASCULAR NEUROLOGY PHYSICIAN,1
FNP-C,Family Nurse Practitioner,2085N0700X,NEURORADIOLOGY PHYSICIAN,1
FNP-C,Family Nurse Practitioner,2086S0105X,SURGERY OF THE HAND (SURGERY) PHYSICIAN,1
FNP-C,Family Nurse Practitioner,2086S0122X,PLASTIC AND RECONSTRUCTIVE SURGERY PHYSICIAN,1
FNP-C,Family Nurse Practitioner,209800000X,LEGAL MEDICINE (M.D./D.O.) PHYSICIAN,1
FPNP,Family Practice Nurse Practitioner,207VG0400X,GYNECOLOGY PHYSICIAN,1
GNP,Gerontological Nurse Practitioner,207Q00000X,FAMILY MEDICINE PHYSICIAN,1
GNP,Gerontological Nurse Practitioner,207QG0300X,GERIATRIC MEDICINE (FAMILY MEDICINE) PHYSICIAN,1
GNP,Gerontological Nurse Practitioner,207RH0002X,HOSPICE AND PALLIATIVE MEDICINE (INTERNAL MEDICINE) PHYSICIAN,1
GNP,Gerontological Nurse Practitioner,208G00000X,THORACIC SURGERY (CARDIOTHORACIC VASCULAR SURGERY) PHYSICIAN,1
GNP-BC,Gerontological Nurse Practitioner,207QA0505X,ADULT MEDICINE PHYSICIAN,1
GNP-BC,Gerontological Nurse Practitioner,207QG0300X,GERIATRIC MEDICINE (FAMILY MEDICINE) PHYSICIAN,1
GNP-BC,Gerontological Nurse Practitioner,207RG0300X,GERIATRIC MEDICINE (INTERNAL MEDICINE) PHYSICIAN,1
NNP,Neonatal Nurse Practitioner,207L00000X,ANESTHESIOLOGY PHYSICIAN,1
NNP,Neonatal Nurse Practitioner,208M00000X,HOSPITALIST PHYSICIAN,1
NNP-BC,Neonatal Nurse Practitioner Board Certified,207L00000X,ANESTHESIOLOGY PHYSICIAN,1
NNP-BC,Neonatal Nurse Practitioner Board Certified,207RH0002X,HOSPICE AND PALLIATIVE MEDICINE (INTERNAL MEDICINE) PHYSICIAN,1
NNP-BC,Neonatal Nurse Practitioner Board Certified,2085R0202X,DIAGNOSTIC RADIOLOGY PHYSICIAN,1
NP,Nurse Practitioner,204D00000X,NEUROMUSCULOSKELETAL MEDICINE & OMM PHYSICIAN,1
NP,Nurse Practitioner,207KI0005X,CLINICAL & LABORATORY IMMUNOLOGY (ALLERGY & IMMUNOLOGY) PHYSICIAN,1
NP,Nurse Practitioner,207LA0401X,ADDICTION MEDICINE (ANESTHESIOLOGY) PHYSICIAN,1
NP,Nurse Practitioner,207NI0002X,CLINICAL & LABORATORY DERMATOLOGICAL IMMUNOLOGY PHYSICIAN,1
NP,Nurse Practitioner,207RA0002X,ADULT CONGENITAL HEART DISEASE PHYSICIAN,1
NP,Nurse Practitioner,207RH0005X,HYPERTENSION SPECIALIST PHYSICIAN,1
NP,Nurse Practitioner,207UN0901X,NUCLEAR CARDIOLOGY PHYSICIAN,1
NP,Nurse Practitioner,207UN0902X,NUCLEAR IMAGING & THERAPY PHYSICIAN,1
NP,Nurse Practitioner,207VC0200X,CRITICAL CARE MEDICINE (OBSTETRICS & GYNECOLOGY) PHYSICIAN,1
NP,Nurse Practitioner,207WX0200X,OPHTHALMIC PLASTIC AND RECONSTRUCTIVE SURGERY PHYSICIAN,1
NP,Nurse Practitioner,207XS0114X,ADULT RECONSTRUCTIVE ORTHOPAEDIC SURGERY PHYSICIAN,1
NP,Nurse Practitioner,207XX0004X,ORTHOPAEDIC FOOT AND ANKLE SURGERY PHYSICIAN,1
NP,Nurse Practitioner,207YS0012X,SLEEP MEDICINE (OTOLARYNGOLOGY) PHYSICIAN,1
NP,Nurse Practitioner,207YX0602X,OTOLARYNGIC ALLERGY PHYSICIAN,1
NP,Nurse Practitioner,207YX0901X,OTOLOGY & NEUROTOLOGY PHYSICIAN,1
NP,Nurse Practitioner,207YX0905X,OTOLARYNGOLOGY/FACIAL PLASTIC SURGERY PHYSICIAN,1
NP,Nurse Practitioner,2080H0002X,PEDIATRIC HOSPICE AND PALLIATIVE MEDICINE PHYSICIAN,1
NP,Nurse Practitioner,2080I0007X,PEDIATRIC CLINICAL & LABORATORY IMMUNOLOGY PHYSICIAN,1
NP,Nurse Practitioner,2080T0002X,PEDIATRIC MEDICAL TOXICOLOGY PHYSICIAN,1
NP,Nurse Practitioner,2081N0008X,NEUROMUSCULAR MEDICINE (PHYSICAL MEDICINE & REHABILITATION) PHYSICIAN,1
NP,Nurse Practitioner,2081P0301X,BRAIN INJURY MEDICINE (PHYSICAL MEDICINE & REHABILITATION) PHYSICIAN,1
NP,Nurse Practitioner,2082S0105X,SURGERY OF THE HAND (PLASTIC SURGERY) PHYSICIAN,1
NP,Nurse Practitioner,2084N0008X,NEUROMUSCULAR MEDICINE (PSYCHIATRY & NEUROLOGY) PHYSICIAN,1
NP,Nurse Practitioner,2084P2900X,PAIN MEDICINE (PSYCHIATRY & NEUROLOGY) PHYSICIAN,1
NP,Nurse Practitioner,2084V0102X,VASCULAR NEUROLOGY PHYSICIAN,1
NP,Nurse Practitioner,2085R0205X,RADIOLOGICAL PHYSICS PHYSICIAN,1
NP,Nurse Practitioner,2086S0105X,SURGERY OF THE HAND (SURGERY) PHYSICIAN,1
NP,Nurse Practitioner,208U00000X,CLINICAL PHARMACOLOGY PHYSICIAN,1
NP-C,Nurse Practitioner Certified,204F00000X,TRANSPLANT SURGERY PHYSICIAN,1
NP-C,Nurse Practitioner Certified,207LH0002X,HOSPICE AND PALLIATIVE MEDICINE (ANESTHESIOLOGY) PHYSICIAN,1
NP-C,Nurse Practitioner Certified,207LP2900X,PAIN MEDICINE (ANESTHESIOLOGY) PHYSICIAN,1
NP-C,Nurse Practitioner Certified,207NP0225X,PEDIATRIC DERMATOLOGY PHYSICIAN,1
NP-C,Nurse Practitioner Certified,207QB0002X,OBESITY MEDICINE (FAMILY MEDICINE) PHYSICIAN,1
NP-C,Nurse Practitioner Certified,207QS0010X,SPORTS MEDICINE (FAMILY MEDICINE) PHYSICIAN,1
NP-C,Nurse Practitioner Certified,207RA0001X,ADVANCED HEART FAILURE AND TRANSPLANT CARDIOLOGY PHYSICIAN,1
NP-C,Nurse Practitioner Certified,207RC0200X,CRITICAL CARE MEDICINE (INTERNAL MEDICINE) PHYSICIAN,1
NP-C,Nurse Practitioner Certified,207RH0000X,HEMATOLOGY (INTERNAL MEDICINE) PHYSICIAN,1
NP-C,Nurse Practitioner Certified,207RT0003X,TRANSPLANT HEPATOLOGY PHYSICIAN,1
NP-C,Nurse Practitioner Certified,207VG0400X,GYNECOLOGY PHYSICIAN,1
NP-C,Nurse Practitioner Certified,207VH0002X,HOSPICE AND PALLIATIVE MEDICINE (OBSTETRICS & GYNECOLOGY) PHYSICIAN,1
NP-C,Nurse Practitioner Certified,207W00000X,OPHTHALMOLOGY PHYSICIAN,1
NP-C,Nurse Practitioner Certified,207XS0106X,ORTHOPAEDIC HAND SURGERY PHYSICIAN,1
NP-C,Nurse Practitioner Certified,207XS0117X,ORTHOPAEDIC SURGERY OF THE SPINE PHYSICIAN,1
NP-C,Nurse Practitioner Certified,207YP0228X,PEDIATRIC OTOLARYNGOLOGY PHYSICIAN,1
NP-C,Nurse Practitioner Certified,2080A0000X,PEDIATRIC ADOLESCENT MEDICINE PHYSICIAN,1
NP-C,Nurse Practitioner Certified,2080P0202X,PEDIATRIC CARDIOLOGY PHYSICIAN,1
NP-C,Nurse Practitioner Certified,2080P0204X,PEDIATRIC EMERGENCY MEDICINE (PEDIATRICS) PHYSICIAN,1
NP-C,Nurse Practitioner Certified,2080P0208X,PEDIATRIC INFECTIOUS DISEASES PHYSICIAN,1
NP-C,Nurse Practitioner Certified,2080P0210X,PEDIATRIC NEPHROLOGY PHYSICIAN,1
NP-C,Nurse Practitioner Certified,2081P2900X,PAIN MEDICINE (PHYSICAL MEDICINE & REHABILITATION) PHYSICIAN,1
NP-C,Nurse Practitioner Certified,2081S0010X,SPORTS MEDICINE (PHYSICAL MEDICINE & REHABILITATION) PHYSICIAN,1
NP-C,Nurse Practitioner Certified,208200000X,PLASTIC SURGERY PHYSICIAN,1
NP-C,Nurse Practitioner Certified,2083A0300X,ADDICTION MEDICINE (PREVENTIVE MEDICINE) PHYSICIAN,1
NP-C,Nurse Practitioner Certified,2084E0001X,EPILEPSY PHYSICIAN,1
NP-C,Nurse Practitioner Certified,2085R0204X,VASCULAR & INTERVENTIONAL RADIOLOGY PHYSICIAN,1
NP-C,Nurse Practitioner Certified,2086S0127X,TRAUMA SURGERY PHYSICIAN,1
NP-C,Nurse Practitioner Certified,2088F0040X,UROGYNECOLOGY AND RECONSTRUCTIVE PELVIC SURGERY (UROLOGY) PHYSICIAN,1
NPC,Nurse Practitioner Certified,207LP2900X,PAIN MEDICINE (ANESTHESIOLOGY) PHYSICIAN,1
NPC,Nurse Practitioner Certified,207NS0135X,PROCEDURAL DERMATOLOGY PHYSICIAN,1
NPC,Nurse Practitioner Certified,207QG0300X,GERIATRIC MEDICINE (FAMILY MEDICINE) PHYSICIAN,1
NPC,Nurse Practitioner Certified,207RN0300X,NEPHROLOGY PHYSICIAN,1
NPC,Nurse Practitioner Certified,207RP1001X,PULMONARY DISEASE PHYSICIAN,1
NPC,Nurse Practitioner Certified,2080P0202X,PEDIATRIC CARDIOLOGY PHYSICIAN,1
NPC,Nurse Practitioner Certified,2083P0901X,PUBLIC HEALTH & GENERAL PREVENTIVE MEDICINE PHYSICIAN,1
NPC,Nurse Practitioner Certified,2084P0800X,PSYCHIATRY PHYSICIAN,1
NPC,Nurse Practitioner Certified,208600000X,SURGERY PHYSICIAN,1
NPC,Nurse Practitioner Certified,208VP0000X,PAIN MEDICINE PHYSICIAN,1
PMHNP,Psychiatric Mental Health Nurse Practitioner,202D00000X,INTEGRATIVE MEDICINE PHYSICIAN,1
PMHNP,Psychiatric Mental Health Nurse Practitioner,207NS0135X,PROCEDURAL DERMATOLOGY PHYSICIAN,1
PMHNP,Psychiatric Mental Health Nurse Practitioner,207QA0505X,ADULT MEDICINE PHYSICIAN,1
PMHNP,Psychiatric Mental Health Nurse Practitioner,207QH0002X,HOSPICE AND PALLIATIVE MEDICINE (FAMILY MEDICINE) PHYSICIAN,1
PMHNP,Psychiatric Mental Health Nurse Practitioner,207RA0401X,ADDICTION MEDICINE (INTERNAL MEDICINE) PHYSICIAN,1
PMHNP,Psychiatric Mental Health Nurse Practitioner,207RC0200X,CRITICAL CARE MEDICINE (INTERNAL MEDICINE) PHYSICIAN,1
PMHNP,Psychiatric Mental Health Nurse Practitioner,207RH0002X,HOSPICE AND PALLIATIVE MEDICINE (INTERNAL MEDICINE) PHYSICIAN,1
PMHNP,Psychiatric Mental Health Nurse Practitioner,207U00000X,NUCLEAR MEDICINE PHYSICIAN,1
PMHNP,Psychiatric Mental Health Nurse Practitioner,207X00000X,ORTHOPAEDIC SURGERY PHYSICIAN,1
PMHNP,Psychiatric Mental Health Nurse Practitioner,2080P0006X,DEVELOPMENTAL - BEHAVIORAL PEDIATRICS PHYSICIAN,1
PMHNP,Psychiatric Mental Health Nurse Practitioner,2081H0002X,HOSPICE AND PALLIATIVE MEDICINE (PHYSICAL MEDICINE & REHABILITATION) PHYSICIAN,1
PMHNP,Psychiatric Mental Health Nurse Practitioner,2083B0002X,OBESITY MEDICINE (PREVENTIVE MEDICINE) PHYSICIAN,1
PMHNP,Psychiatric Mental Health Nurse Practitioner,2083T0002X,MEDICAL TOXICOLOGY (PREVENTIVE MEDICINE) PHYSICIAN,1
PMHNP,Psychiatric Mental Health Nurse Practitioner,2084P0005X,NEURODEVELOPMENTAL DISABILITIES PHYSICIAN,1
PMHNP,Psychiatric Mental Health Nurse Practitioner,2084P0015X,PSYCHOSOMATIC MEDICINE PHYSICIAN,1
PMHNP,Psychiatric Mental Health Nurse Practitioner,2084P2900X,PAIN MEDICINE (PSYCHIATRY & NEUROLOGY) PHYSICIAN,1
PMHNP,Psychiatric Mental Health Nurse Practitioner,2084S0012X,SLEEP MEDICINE (PSYCHIATRY & NEUROLOGY) PHYSICIAN,1
PMHNP,Psychiatric Mental Health Nurse Practitioner,208600000X,SURGERY PHYSICIAN,1
PMHNP,Psychiatric Mental Health Nurse Practitioner,208D00000X,GENERAL PRACTICE PHYSICIAN,1
PMHNP,Psychiatric Mental Health Nurse Practitioner,208VP0014X,INTERVENTIONAL PAIN MEDICINE PHYSICIAN,1
PMHNP-BC,Psychiatric Mental Health Nurse Practitioner Board Certified,207N00000X,DERMATOLOGY PHYSICIAN,1
PMHNP-BC,Psychiatric Mental Health Nurse Practitioner Board Certified,207QA0505X,ADULT MEDICINE PHYSICIAN,1
PMHNP-BC,Psychiatric Mental Health Nurse Practitioner Board Certified,207R00000X,INTERNAL MEDICINE PHYSICIAN,1
PMHNP-BC,Psychiatric Mental Health Nurse Practitioner Board Certified,207RH0002X,HOSPICE AND PALLIATIVE MEDICINE (INTERNAL MEDICINE) PHYSICIAN,1
PMHNP-BC,Psychiatric Mental Health Nurse Practitioner Board Certified,207V00000X,OBSTETRICS & GYNECOLOGY PHYSICIAN,1
PMHNP-BC,Psychiatric Mental Health Nurse Practitioner Board Certified,2083P0011X,UNDERSEA AND HYPERBARIC MEDICINE (PREVENTIVE MEDICINE) PHYSICIAN,1
PMHNP-BC,Psychiatric Mental Health Nurse Practitioner Board Certified,2084F0202X,FORENSIC PSYCHIATRY PHYSICIAN,1
PMHNP-BC,Psychiatric Mental Health Nurse Practitioner Board Certified,2084P0015X,PSYCHOSOMATIC MEDICINE PHYSICIAN,1
PMHNP-BC,Psychiatric Mental Health Nurse Practitioner Board Certified,208M00000X,HOSPITALIST PHYSICIAN,1
PMHNP-BC,Psychiatric Mental Health Nurse Practitioner Board Certified,208VP0014X,INTERVENTIONAL PAIN MEDICINE PHYSICIAN,1
PMHNP-C,Psychiatric Mental Health Nurse Practitioner,207Q00000X,FAMILY MEDICINE PHYSICIAN,1
PMHNP-C,Psychiatric Mental Health Nurse Practitioner,207QA0401X,ADDICTION MEDICINE (FAMILY MEDICINE) PHYSICIAN,1
PNP,Pediatric Nurse Practitioner,207K00000X,ALLERGY & IMMUNOLOGY PHYSICIAN,1
PNP,Pediatric Nurse Practitioner,207N00000X,DERMATOLOGY PHYSICIAN,1
PNP,Pediatric Nurse Practitioner,207QA0000X,ADOLESCENT MEDICINE (FAMILY MEDICINE) PHYSICIAN,1
PNP,Pediatric Nurse Practitioner,207RC0200X,CRITICAL CARE MEDICINE (INTERNAL MEDICINE) PHYSICIAN,1
PNP,Pediatric Nurse Practitioner,207RP1001X,PULMONARY DISEASE PHYSICIAN,1
PNP,Pediatric Nurse Practitioner,207T00000X,NEUROLOGICAL SURGERY PHYSICIAN,1
PNP,Pediatric Nurse Practitioner,207XS0106X,ORTHOPAEDIC HAND SURGERY PHYSICIAN,1
PNP,Pediatric Nurse Practitioner,207Y00000X,OTOLARYNGOLOGY PHYSICIAN,1
PNP,Pediatric Nurse Practitioner,207YP0228X,PEDIATRIC OTOLARYNGOLOGY PHYSICIAN,1
PNP,Pediatric Nurse Practitioner,2080H0002X,PEDIATRIC HOSPICE AND PALLIATIVE MEDICINE PHYSICIAN,1
PNP,Pediatric Nurse Practitioner,2080P0205X,PEDIATRIC ENDOCRINOLOGY PHYSICIAN,1
PNP,Pediatric Nurse Practitioner,2080P0208X,PEDIATRIC INFECTIOUS DISEASES PHYSICIAN,1
PNP,Pediatric Nurse Practitioner,2080P0210X,PEDIATRIC NEPHROLOGY PHYSICIAN,1
PNP,Pediatric Nurse Practitioner,2080P0216X,PEDIATRIC RHEUMATOLOGY PHYSICIAN,1
PNP,Pediatric Nurse Practitioner,2081P0010X,PEDIATRIC REHABILITATION MEDICINE PHYSICIAN,1
PNP,Pediatric Nurse Practitioner,2084E0001X,EPILEPSY PHYSICIAN,1
PNP,Pediatric Nurse Practitioner,2084P0800X,PSYCHIATRY PHYSICIAN,1
PNP,Pediatric Nurse Practitioner,2084P0802X,ADDICTION PSYCHIATRY PHYSICIAN,1
PNP,Pediatric Nurse Practitioner,2084P0804X,CHILD & ADOLESCENT PSYCHIATRY PHYSICIAN,1
PNP,Pediatric Nurse Practitioner,2085P0229X,PEDIATRIC RADIOLOGY PHYSICIAN,1
PNP,Pediatric Nurse Practitioner,2086S0122X,PLASTIC AND RECONSTRUCTIVE SURGERY PHYSICIAN,1
PNP,Pediatric Nurse Practitioner,208G00000X,THORACIC SURGERY (CARDIOTHORACIC VASCULAR SURGERY) PHYSICIAN,1
RN/NP,"Registered Nurse, Nurse Practitioner",207Q00000X,FAMILY MEDICINE PHYSICIAN,1
RNP,Registered Nurse Practitioner,207R00000X,INTERNAL MEDICINE PHYSICIAN,1
RNP,Registered Nurse Practitioner,207RG0300X,GERIATRIC MEDICINE (INTERNAL MEDICINE) PHYSICIAN,1
SNP-BC,School Nurse Practitioner,208M00000X,HOSPITALIST PHYSICIAN,1
WHNP,Womens Health Nurse Practitioner,207QA0505X,ADULT MEDICINE PHYSICIAN,1
WHNP,Womens Health Nurse Practitioner,207RA0000X,ADOLESCENT MEDICINE (INTERNAL MEDICINE) PHYSICIAN,1
WHNP,Womens Health Nurse Practitioner,207RE0101X,"ENDOCRINOLOGY, DIABETES & METABOLISM PHYSICIAN",1
WHNP,Womens Health Nurse Practitioner,207VC0300X,COMPLEX FAMILY PLANNING PHYSICIAN,1
WHNP,Womens Health Nurse Practitioner,207VX0201X,GYNECOLOGIC ONCOLOGY PHYSICIAN,1
WHNP,Womens Health Nurse Practitioner,2080A0000X,PEDIATRIC ADOLESCENT MEDICINE PHYSICIAN,1
WHNP,Womens Health Nurse Practitioner,2083A0300X,ADDICTION MEDICINE (PREVENTIVE MEDICINE) PHYSICIAN,1
WHNP,Womens Health Nurse Practitioner,2083P0901X,PUBLIC HEALTH & GENERAL PREVENTIVE MEDICINE PHYSICIAN,1
WHNP,Womens Health Nurse Practitioner,208600000X,SURGERY PHYSICIAN,1
WHNP,Womens Health Nurse Practitioner,208800000X,UROLOGY PHYSICIAN,1
WHNP,Womens Health Nurse Practitioner,208D00000X,GENERAL PRACTICE PHYSICIAN,1
WHNP-BC,Womens Health Nurse Practitioner Board Certified,207QS0010X,SPORTS MEDICINE (FAMILY MEDICINE) PHYSICIAN,1
WHNP-BC,Womens Health Nurse Practitioner Board Certified,207RX0202X,MEDICAL ONCOLOGY PHYSICIAN,1
WHNP-BC,Womens Health Nurse Practitioner Board Certified,207VX0000X,OBSTETRICS PHYSICIAN,1
WHNP-BC,Womens Health Nurse Practitioner Board Certified,207VX0201X,GYNECOLOGIC ONCOLOGY PHYSICIAN,1
WHNP-BC,Womens Health Nurse Practitioner Board Certified,2083P0901X,PUBLIC HEALTH & GENERAL PREVENTIVE MEDICINE PHYSICIAN,1
WHNP-BC,Womens Health Nurse Practitioner Board Certified,2086X0206X,SURGICAL ONCOLOGY PHYSICIAN,1
