Code,Grouping,Classification,Specialization,Definition,Notes,Display Name,Section
193200000X,Group,Multi-Specialty,,"A business group of one or more individual practitioners, who practice with different areas of specialization.",[7/1/2003: new],Multi-Specialty Group,Individual
193400000X,Group,Single Specialty,,"A business group of one or more individual practitioners, all of who practice with the same area of specialization.",[7/1/2003: new],Single Specialty Group,Individual
106E00000X,Behavioral Health & Social Service Providers,Assistant Behavior Analyst,,"An assistant behavior analyst is qualified by Behavior Analyst Certification Board certification and/or a state-issued license or credential in behavior analysis to practice under the supervision of an appropriately credentialed professional behavior analyst. An assistant behavior analyst delivers services consistent with the dimensions of applied behavior analysis and supervision requirements defined in state laws or regulations and/or national certification standards. Common services may include, but are not limited to, conducting behavioral assessments, analyzing data, writing behavior-analytic treatment plans, training and supervising others in implementation of components of treatment plans, and direct implementation of treatment plans.","Association of Professional Behavior Analysts, www.apbahome.net and Behavior Analyst Certification Board (http://www.bacb.com) [7/1/2016: new]",Assistant Behavior Analyst,Individual
106S00000X,Behavioral Health & Social Service Providers,Behavior Technician,,"The behavior technician is a paraprofessional who practices under the close, ongoing supervision of a behavior analyst or assistant behavior analyst certified by the Behavior Analyst Certification Board and/or credentialed by a state (such as through licensure). The behavior technician is primarily responsible for the implementation of components of behavior-analytic treatment plans developed by the supervisor. That may include collecting data on treatment targets and conducting certain types of behavioral assessments (e.g., stimulus preference assessments). The behavior technician does not design treatment or assessment plans or procedures but provides services as assigned by the supervisor responsible for his or her work.","Association of Professional Behavior Analysts, www.apbahome.net and Behavior Analyst Certification Board (http://www.bacb.com) [7/1/2016: new]",Behavior Technician,Individual
103K00000X,Behavioral Health & Social Service Providers,Behavior Analyst,,"A behavior analyst is qualified by at least a master's degree and Behavior Analyst Certification Board certification and/or a state-issued credential (such as a license) to practice behavior analysis independently. Behavior analysts provide the required supervision to assistant behavior analysts and behavior technicians. A behavior analyst delivers services consistent with the dimensions of applied behavior analysis. Common services may include, but are not limited to, conducting behavioral assessments, analyzing data, writing and revising behavior-analytic treatment plans, training others to implement components of treatment plans, and overseeing implementation of treatment plans.","Source: Association of Professional Behavior Analysts, www.apbahome.net and Behavior Analyst Certification Board (http://www.bacb.com) [7/1/2008: new, 1/1/2016: modified definition]",Behavior Analyst,Individual
103G00000X,Behavioral Health & Social Service Providers,Clinical Neuropsychologist,,A clinical psychologist who applies principles of assessment and intervention based upon the scientific study of human behavior as it relates to normal and abnormal functioning of the central nervous system. The specialty is dedicated to enhancing the understanding of brain-behavior relationships and the application of such knowledge to human problems.,"Source:  American Psychological Association, www.apa.org  [1/1/2007: title modified, 1/1/2019: definition modified]",Clinical Neuropsychologist,Individual
103GC0700X,Behavioral Health & Social Service Providers,Clinical Neuropsychologist,Clinical,,"[1/1/2007: marked inactive, use  103G00000X]",Clinical Neuropsychologist,Individual
101Y00000X,Behavioral Health & Social Service Providers,Counselor,,A provider who is trained and educated in the performance of behavior health services through interpersonal communications and analysis. Training and education at the specialty level usually requires a master's degree and clinical experience and supervision for licensure or certification.,Sources: Abridged from definitions provided by the National Board of Certified Counselors and the American Association of Pastoral Counselors.,Counselor,Individual
101YA0400X,Behavioral Health & Social Service Providers,Counselor,Addiction (Substance Use Disorder),Definition to come...,,Addiction (Substance Use Disorder) Counselor,Individual
101YM0800X,Behavioral Health & Social Service Providers,Counselor,Mental Health,Definition to come...,,Mental Health Counselor,Individual
101YP1600X,Behavioral Health & Social Service Providers,Counselor,Pastoral,Definition to come...,,Pastoral Counselor,Individual
101YP2500X,Behavioral Health & Social Service Providers,Counselor,Professional,Definition to come...,,Professional Counselor,Individual
101YS0200X,Behavioral Health & Social Service Providers,Counselor,School,Definition to come...,,School Counselor,Individual
101200000X,Behavioral Health & Social Service Providers,Drama Therapist,,"Drama therapists are trained in the intentional use of drama and theatre processes to achieve therapeutic goals. Drama therapists provide psychotherapy for individuals living with mental health and behavioral concerns that may result in psychological suffering, impaired relationships, or distress in daily activities. Drama therapy promotes wellness and healing within the context of a therapeutic relationship for individuals of varying ability levels across the lifespan. Drama therapy can take many forms depending on individual and group needs, skill and ability levels, interests, and therapeutic goals. Processes and techniques may include improvisation, theater games, storytelling, and enactment.","Source:  North American Drama Therapy Association, www.nadta.org [1/1/2021: new]",Drama Therapist,Individual
106H00000X,Behavioral Health & Social Service Providers,Marriage & Family Therapist,,"A marriage and family therapist is a person with a master's degree in marriage and family therapy, or a master's or doctoral degree in a related mental health field with substantially equivalent coursework in marriage and family therapy, who receives supervised clinical experience, or a person who meets the state requirements to practice as a marriage and family therapist.  A marriage and family therapist treats mental and emotional disorders within the context of marriage and family systems.   A marriage and family therapist provides mental health and counseling services to individuals, couples, families, and groups.",,Marriage & Family Therapist,Individual
102X00000X,Behavioral Health & Social Service Providers,Poetry Therapist,,"A medical or mental health professional who has attained credentials after satisfactorily completing a poetry therapy training program approved by the National Federation for Biblio/Poetry Therapy (NFBPT). Training includes didactic work, peer group experience, and supervised practicum.<br/>An NFBPT credentialed certified poetry therapist (CPT) or registered poetry therapist (PTR) integrates discussion of published literature and reflective or creative writing into the psychotherapeutic process to achieve goals of emotional well-being, symptom reduction, and improved interpersonal communication.<br/>Certified poetry therapists and registered poetry therapists are licensed mental health professionals with advanced training in the theory and practice of poetry therapy. CPTs and PTRs are qualified to work independently with emotionally troubled populations in clinical, rehabilitative, community and educational institutions. They also work with emotionally healthy individuals adjusting to developmental issues, life crises, or disabilities. The PTR completes an advanced level of training and fieldwork, commensurate with the highest levels of clinical practice. The terms poetry therapy, applied poetry facilitation, journal therapy, bibliotherapy, biblio/poetry therapy, and poetry/journal therapy reflect the interactive use of literature and/or writing to promote personal growth and emotional healing. In addition to poetry, poetry therapy applies all forms or written and spoken language including story, myth, folk and fairy tale and other genres of poetic expression as well as journal, memoir, and narrative. The poetry therapy process integrates discussion of published literature and reflective or creative writing for expression and communication of thoughts and feelings to facilitate participants' emotional well-being. The field of poetry therapy encompasses all of these modalities, though only a duly trained and licensed clinical practitioner can be credentialed as CPT or PTR.",Source: The National Federation for Biblio/Poetry Therapy [7/1/2007: new],Poetry Therapist,Individual
102L00000X,Behavioral Health & Social Service Providers,Psychoanalyst,,"Psychoanalysis is a comprehensive, theoretical framework which, when applied to a treatment process, consists of an intensive verbal, therapeutic relationship between an analyst and an analysand which aims for symptom relief, emotional growth, and personal integration. The psychoanalytic treatment process includes, but is not limited to, the recognition of unconscious processes and conflicts; the significance of developmental influences; and the impact of resistances, defenses, transference and countertransference phenomena. Treatment is enhanced by an understanding developed in the analyst's training and personal analysis of unconscious manifestations, such as dreams, slips of the tongue, fantasies and day dreams. Psychoanalytic technique varies in relation to theoretical orientation.","Source:  Registry of Psychoanalysts published by the National Association for the Advancement of Psychoanalysis [1/1/2007: new; 7/1/2007: definition changed, source changed]",Psychoanalyst,Individual
103T00000X,Behavioral Health & Social Service Providers,Psychologist,,"A psychologist is an individual who is licensed to practice psychology which is defined as the observation, description, evaluation, interpretation, and modification of human behavior by the application of psychological principles, methods, and procedures, for the purpose of preventing or eliminating symptomatic, maladaptive, or undesired behavior and of enhancing interpersonal relationships, work and life adjustment, personal effectiveness, behavioral health, and mental health.  The practice of psychology includes, but is not limited to, psychological testing and the evaluation or assessment of personal characteristics, such as intelligence, personality, abilities, interests, aptitudes, and neuropsychological functioning; counseling, psychoanalysis, psychotherapy, hypnosis, biofeedback, and behavior analysis and therapy; diagnosis and treatment of mental and emotional disorder or disability, alcoholism and substance abuse, disorders of habit or conduct, as well as of the psychological aspects of physical illness, accident, injury, or disability; and psycheducational evaluation, therapy, remediation, and consultation.  Psychological services may be rendered to individuals, families, groups and the public.",Source:  American Psychological Association [1/1/2007: modified definition],Psychologist,Individual
103TA0400X,Behavioral Health & Social Service Providers,Psychologist,Addiction (Substance Use Disorder),"A psychologist with a proficiency that involves the application of psychological treatment of addiction stemming from the use of alcohol and other psychoactive substances (e.g., nicotine, marijuana, cocaine, heroin) or behavioral addictions (e.g., gambling) with the aim of cessation or reduction of use and/or the amelioration of emotional, behavioral, interpersonal and other problems arising from the addictive behavior.","Source: American Psychological Association, www.apa.org  [1/1/2019: new definition]<br/>Additional Resources:  The APA proficiency is Addiction Psychology.",Addiction (Substance Use Disorder) Psychologist,Individual
103TA0700X,Behavioral Health & Social Service Providers,Psychologist,Adult Development & Aging,"A psychologist who specializes in geropsychology, which applies the knowledge and methods of psychology to understanding and helping older persons and their families to maintain well-being, overcome problems and achieve maximum potential during later life. Professional geropsychology appreciates the wide diversity among older adults, the complex ethical issues that can arise in geriatric practice and the importance of interdisciplinary models of care.","Source:  American Psychological Association, www.apa.org  [1/1/2019: new definition]<br/><br/>Additional Resources:  The APA specialty is ""Geropsychology.""",Adult Development & Aging Psychologist,Individual
103TC0700X,Behavioral Health & Social Service Providers,Psychologist,Clinical,"A psychologist who provides continuing and comprehensive mental and behavioral health care for individuals and families; consultation to agencies and communities; training, education and supervision; and research-based practice. It is a specialty in breadth -- one that is broadly inclusive of severe psychopathology -- and marked by comprehensiveness and integration of knowledge and skill from a broad array of disciplines within and outside of psychology proper. The scope of clinical psychology encompasses all ages, multiple diversities and varied systems.","Source:  American Psychological Association, www.apa.org  [1/1/2019: new definition]",Clinical Psychologist,Individual
103TC2200X,Behavioral Health & Social Service Providers,Psychologist,Clinical Child & Adolescent,"A psychologist who develops and applies scientific knowledge to the delivery of psychological services to infants, toddlers, children and adolescents within their social context.  Of particular importance to the specialty of clinical child psychology is an understanding of the basic psychological needs of children and adolescents, and how the family and other social contexts influence the socio-emotional adjustment, cognitive development, behavioral adaptation and health status of children and adolescents.","Source:  American Psychological Association, www.apa.org  [1/1/2007: title modified, 1/1/2019: new definition]<br/><br/>Additional Resources:  The APA specialty is ""Clinical Child Psychology.""",Clinical Child & Adolescent Psychologist,Individual
103TB0200X,Behavioral Health & Social Service Providers,Psychologist,Cognitive & Behavioral,A psychologist who reflects an experimental-clinical approach distinguished by use of principles of human learning and development and theories of cognitive processing to promote meaningful change in maladaptive human behavior and thinking.,"Source:  American Psychological Association, www.apa.org  [1/1/2007: title modified, 1/1/2019: new definition]<br/><br/>Additional Resources:  The APA specialty is ""Behavioral and Cognitive Psychology.""",Cognitive & Behavioral Psychologist,Individual
103TC1900X,Behavioral Health & Social Service Providers,Psychologist,Counseling,"A psychologist who specializes in general practice and health service. It focuses on how people function both personally and in their relationships at all ages. Counseling psychology addresses the emotional, social, work, school and physical health concerns people may have at different stages in their lives, focusing on typical life stresses and more severe issues with which people may struggle as individuals and as a part of families, groups and organizations. Counseling psychologists help people with physical, emotional and mental health issues improve their sense of well-being, alleviate feelings of distress and resolve crises. They also provide assessment, diagnosis, and treatment of more severe psychological symptoms.","Source:  American Psychological Association, www.apa.org  [1/1/2019: new definition]",Counseling Psychologist,Individual
103TE1000X,Behavioral Health & Social Service Providers,Psychologist,Educational,,[1/1/2007: marked inactive],Psychologist,Individual
103TE1100X,Behavioral Health & Social Service Providers,Psychologist,Exercise & Sports,"A psychologist with a proficiency in sports psychology that uses psychological knowledge and skills to address optimal performance and well-being of athletes, developmental and social aspects of sports participation, and systemic issues associated with sports settings and organizations. APA recognizes sport psychology as a proficiency acquired after a doctoral degree in one of the primary areas of psychology and licensure as a psychologist. This proficiency does not include those who have earned a doctoral degree in sport psychology but are not licensed psychologists. Sport Psychology interventions are designed to assist athletes and other sports participants (e.g., coaches, administrators, parents) from a wide array of settings, levels of competition, and ages, ranging from recreational youth participants to professional and Olympic athletes to master's level performers.","Source:  American Psychological Association, www.apa.org  [1/1/2019: new definition]. Additional Resources:  The APA proficiency is ""Sport Psychology.""",Exercise & Sports Psychologist,Individual
103TF0000X,Behavioral Health & Social Service Providers,Psychologist,Family,"A psychologist whose specialty is founded on principles of systems theory with the interpersonal system of the family the focus of assessment, intervention and research.","Source:  American Psychological Association, www.apa.org  [1/1/2019: new definition]<br/><br/>Additional Resources:  The APA specialty is ""Couple and Family Psychology.""",Family Psychologist,Individual
103TF0200X,Behavioral Health & Social Service Providers,Psychologist,Forensic,A psychologist whose specialty is characterized by activities primarily intended to provide professional psychological expertise within the judicial and legal systems.,"Source:  American Psychological Association, www.apa.org  [1/1/2019: new definition]",Forensic Psychologist,Individual
103TP2701X,Behavioral Health & Social Service Providers,Psychologist,Group Psychotherapy,"A psychologist who specializes in group psychology and group psychotherapy that is an evidenced-based specialty that prepares group leaders to identify and capitalize on developmental and healing possibilities embedded in the interpersonal/intrapersonal functioning of individual group members as well as collectively for the group.  Emphasis is placed on the use of group dynamics to assist and treat individual group members.  The specialty is applicable to all age groups, children, adolescents, adults and older adults, for a wide variety of conditions and concerns, and in numerous and diverse settings.","Source:  American Psychological Association, www.apa.org  [1/1/2007: modified title, 1/1/2019: new definition]<br/><br/>Additional Resources:  The APA specialty is ""Group Psychology and Group Psychotherapy.""",Group Psychotherapy Psychologist,Individual
103TH0004X,Behavioral Health & Social Service Providers,Psychologist,Health,"A psychologist who specializes in clinical health psychology that investigates and implements clinical services across diverse populations and settings to promote health and well-being and to prevent, treat, and manage illness and disability.  Clinical health psychology sees health as the confluence of psychological, social, cultural, and biological factors and applies this understanding to professional activities including:<br/>* Research<br/>* Clinical service<br/>* Consulting with, educating, and supervising other health care providers and psychologists<br/>* Advising organizations, institutions, the public, and policymakers","Source:  American Psychological Association, www.apa.org    [1/1/2007: new, 7/1/2008: definition added, source added, 1/1/2019: definition modified, source modified]  Additional Resources:  The APA specialty is ""Clinical Health Psychology.""",Health Psychologist,Individual
103TH0100X,Behavioral Health & Social Service Providers,Psychologist,Health Service,"A psychologist, certified/licensed at the independent practice level in his/her state, who is duly trained and experienced in the delivery of direct, preventative, assessment, and therapeutic intervention services to individuals whose growth, adjustment, or functioning is actually impaired or is demonstrably at high risk of impairment (1974).","Source:  National Register of Health Service Providers in Psychology website http://www.nationalregister.org/about_NR.html [7/1/2006: modified title, added definition]",Health Service Psychologist,Individual
103TM1700X,Behavioral Health & Social Service Providers,Psychologist,Men & Masculinity,,[1/1/2007: marked inactive],Psychologist Men & Masculinity,Individual
103TM1800X,Behavioral Health & Social Service Providers,Psychologist,Intellectual & Developmental Disabilities,Definition to come...,[1/1/2021: modified title],Intellectual & Developmental Disabilities Psychologist,Individual
103TP0016X,Behavioral Health & Social Service Providers,Psychologist,Prescribing (Medical),"A licensed, doctoral-level psychologist authorized to prescribe and has undergone specialized education and training in preparation for prescriptive practice and has passed an examination accepted by the state board of psychology relevant to establishing competence for prescribing, and has received from the state board of psychology a current certificate granting prescriptive authority, which has not been revoked or suspended.","Source:  American Psychological Association, www.apa.org    [1/1/2007: new, 1/1/2019: definition modified, source modified]",Prescribing (Medical) Psychologist,Individual
103TP0814X,Behavioral Health & Social Service Providers,Psychologist,Psychoanalysis,"A psychologist whose specialty is distinguished from other specialties by its body of knowledge and its intensive treatment approaches. It aims at structural changes and modifications of a person's personality. Psychoanalysis promotes awareness of unconscious, maladaptive and habitually recurrent patterns of emotion and behavior, allowing previously unconscious aspects of the self to become integrated and promoting optimal functioning, healing and creative expression.","Source:  American Psychological Association, www.apa.org [1/1/2019, definition modified, source modified]",Psychoanalysis Psychologist,Individual
103TP2700X,Behavioral Health & Social Service Providers,Psychologist,Psychotherapy,,[1/1/2007: marked inactive],Psychologist Psychotherapy,Individual
103TR0400X,Behavioral Health & Social Service Providers,Psychologist,Rehabilitation,"A psychologist who specializes in the study and application of psychological principles on behalf of persons who have disability due to injury or illness. Rehabilitation psychologists, often within teams, assess and treat cognitive, emotional, and functional difficulties, and help people to overcome barriers to participation in life activities. Rehabilitation psychologists are involved in practice, research, and advocacy, with the broad goal of fostering independence and opportunity for people with disabilities.","Source: American Psychological Association, www.apa.org [1/1/2019: definition added]",Rehabilitation Psychologist,Individual
103TS0200X,Behavioral Health & Social Service Providers,Psychologist,School,"A psychologist whose specialty is concerned with the science and practice of psychology with children, youth, families; learners of all ages; and the schooling process. The basic education and training of school psychologists prepares them to provide a range of psychological diagnosis, assessment, intervention, prevention, health promotion, and program development and evaluation services with a special focus on the developmental processes of children and youth within the context of schools, families and other systems.  School psychologists are prepared to intervene at the individual and system level, and develop, implement, and evaluate preventive programs. In these efforts, they conduct ecologically valid assessments and intervene to promote positive learning environments within which children and youth from diverse backgrounds to ensure that all have equal access to effective educational and psychological services that promote healthy development","Source:  American Psychological Association, www.apa.org [1/1/2019: definition added]",School Psychologist,Individual
103TW0100X,Behavioral Health & Social Service Providers,Psychologist,Women,,[1/1/2007: marked inactive],Psychotherapy Women,Individual
104100000X,Behavioral Health & Social Service Providers,Social Worker,,"A social worker is a person who is qualified by a Social Work degree, and licensed, certified or registered by the state as a social worker to practice within the scope of that license.  A social worker provides assistance and counseling to clients and their families who are dealing with social, emotional and environmental problems. Social work services may be rendered to individuals, families, groups, and the public.","Source: National Association of Social Workers, 2009 [7/1/2009: definition modified]",Social Worker,Individual
1041C0700X,Behavioral Health & Social Service Providers,Social Worker,Clinical,"A social worker who holds a master's or doctoral degree in social work from an accredited school of social work in addition to at least two years of post-master's supervised experience in a clinical setting. The social worker must be licensed, certified, or registered at the clinical level in the jurisdiction of practice. A clinical social worker provides direct services, including interventions focused on interpersonal interactions, intrapsychic dynamics, and life management issues. Clinical social work services are based on bio-psychosocial perspectives. Services consist of assessment, diagnosis, treatment (including psychotherapy and counseling), client-centered advocacy, consultation, evaluation, and prevention of mental illness, emotional, or behavioral disturbances.","Source: National Association of Social Workers, 2008 [7/1/2009: definition modified]",Clinical Social Worker,Individual
1041S0200X,Behavioral Health & Social Service Providers,Social Worker,School,Definition to come...,,School Social Worker,Individual
111N00000X,Chiropractic Providers,Chiropractor,,"A provider qualified by a Doctor of Chiropractic (D.C.), licensed by the State and who practices chiropractic medicine -that discipline within the healing arts which deals with the nervous system and its relationship to the spinal column and its interrelationship with other body systems.",,Chiropractor,Individual
111NI0013X,Chiropractic Providers,Chiropractor,Independent Medical Examiner,"A special evaluator not involved with the medical care of the individual examinee that impartially evaluates the care being provided by other practitioners to clarify clinical, disability, liability or other case issues.",Source: American Board of Independent Medical Examiners [1/1/2007: new],Independent Medical Examiner Chiropractor,Individual
111NI0900X,Chiropractic Providers,Chiropractor,Internist,"The chiropractic internist may serve as a primary care physician or may see patients referred from other providers for evaluation and co-management. Evaluation is focused on the early detection of functional, nutritional, and pathological disorders. A chiropractic internist utilizes the diagnostic instruments necessary for proper examination. In cases where laboratory examination is necessary, a chiropractic internist utilizes a recognized reference laboratory facility. A chiropractic internist may manage his or her own cases or may refer to another specialist when prudent to do so. The chiropractic internist utilizes documented natural therapies, therapeutic lifestyle changes, patient education and other resources to promote patient health and avoidance of disease.","Source: American Chiropractic Association, 2008 [7/1/2009: definition added]",Internist Chiropractor,Individual
111NN0400X,Chiropractic Providers,Chiropractor,Neurology,"Chiropractic Neurology is defined as the field of functional neurology that engages the internal - and external environment of the individual in a structured and targeted approach to affect positive changes in the nervous system and consequently the physiology and behavior of an individual. Chiropractic Neurologists are board-certified specialists in non-drug, non-surgical care for those with neurologically based health problems. There are many conditions people suffer from that are in this broad category: learning and attention disorders, headaches, vertigo, pain syndromes, developmental disorders, nerve injury, spinal cord injury, head injury or stroke, movement disorders, and many other conditions.","Source: American Chiropractic Neurology Board, 2008 & American Chiropractic Association, 2008 [7/1/2009: definition added]",Neurology Chiropractor,Individual
111NN1001X,Chiropractic Providers,Chiropractor,Nutrition,"Chiropractic Nutrition is that specialty within the chiropractic profession that deals with the overall factors that affect the patient's ability to maintain the manipulative correction and thus sustain better neurological integrity. The Chiropractic Nutrition Specialist will perform extensive research on the patient's previous health history, ethnicity, and any family history related to what the patient is being treated for. Patients fill out questionnaires concerning dietary and sleep patterns and previous or present symptomology. A nutrition examination would be performed to assess areas such as absorption rates, adrenal function, kidney health, lung health etc. The patient is often instructed on how to check the pH of their saliva and urine, test for the presence of Candida Albicans, etc., at home. Outside laboratory testing includes blood, urine, hair analysis, food allergy testing etc. The patient's prescription and over the counter medications are recorded and analyzed.","Source: American Chiropractic Association, 2008 [7/1/2009: definition added]",Nutrition Chiropractor,Individual
111NX0100X,Chiropractic Providers,Chiropractor,Occupational Health,"Occupational Health is that specialty within the chiropractic profession that deals with the prevention and management of work related injuries. It also considers and assists clients with State and Federal Compliance assistance. Occupational Health goes much farther than simply treating injured workers however. This may mean working with clients to promote optimum safety and ergonomic principles, interacting with the injured worker to promote safety and prevent future injuries, assisting a company with accident investigation to identify root cause, redesigning a workstation to eliminate hazards, working with safety teams, providing training programs etc. The list of potential services that the specialist can interact with a client company or patient is lengthy and varied involving both in office services as well as on site services.","Source: American Chiropractic Association, 2008 [7/1/2009: title modified, definition added]",Occupational Health Chiropractor,Individual
111NX0800X,Chiropractic Providers,Chiropractor,Orthopedic,"Chiropractic Orthopedics/Neuromusculoskeletal Medicine is defined as that branch of chiropractic medicine that includes the continued acquisition of knowledge relative to both normal functions and diseases of the human body as they relate to the bones, joints, capsules, discs, muscles, ligaments, tendons, their complete neurological and vascular components, referred organ systems and contiguous tissues. This also includes the development and perfection of skills relative to health maintenance when such exists and when not, the investigations, historical review, physical detection, correlative diagnosis development and complete management of any disorder within the bounds defined herein. Also necessary is the delivery of the combined knowledge and skill on a primary basis to patients who both need and desire this service to the eventual outcome of remissions, whenever resolution is not readily achievable. In addition the certified chiropractic orthopedist/neuromusculoskeletal medicine specialist provides consultation services at the request of other qualified doctors seeking assistance in the care of their patients. The chiropractic orthopedist/neuromusculoskeletal medicine specialist may also engage in the teaching and or research of subjects and materials relevant to pursuing the quest for knowledge in the ever changing field of the orthopedic specialty.","Source: American Chiropractic Association, 2008 [7/1/2009: definition added, 7/1/2025: definition modified]",Orthopedic Chiropractor,Individual
111NP0017X,Chiropractic Providers,Chiropractor,Pediatric Chiropractor,"The Pediatric Chiropractor is a chiropractor with specialized, advanced training and certification in the evaluation, care and management of health and wellness conditions of infancy, childhood and adolescence.  This specialist provides primary, comprehensive, therapeutic and preventative chiropractic health care for newborns through adolescents.","Source: Council on Chiropractic Pediatrics, American Chiropractic Association, 2007  [1/1/2008: new]",Pediatric Chiropractor,Individual
111NR0200X,Chiropractic Providers,Chiropractor,Radiology,"Chiropractic radiology is a referral specialty that provides consultation services at the request of other qualified doctors. Chiropractic radiologists provide consultation in health care facilities (private offices, hospitals and teaching institutions) to meet the needs of referring doctors and their patients. The quality of the consultative services by the chiropractic radiologist in independent practice is reflected by the quality of their professional credentials. Chiropractic radiologists recommend, supervise, and interpret radiologic studies as well as advanced imaging procedures. They advise referring physicians on the necessity and appropriateness of radiologic services and whether to select or to avoid certain diagnostic or clinical procedures. In some instances the radiologist may act as a private practitioner. They may conduct research and apply diagnostic radiologic procedures and may be called upon to act as expert witnesses in matters of litigation.<br/>Chiropractic radiologists are also concerned with imaging technology including image production, demonstration of normal and abnormal anatomy, and the interaction of energy and matter. The advances in the technological facets of radiology are so rapid that only qualified radiologists can reasonably be expected to maintain the high level of proficiency required to supervise and interpret these procedures. The practice of radiology continuously involves the application of this technology to patient imaging and treatment. It is now well recognized that chiropractic radiology includes, but is not limited to, plain film radiography, fluoroscopy, tomography, ultrasonography, radioisotope imaging, computed tomography, digital radiography, and magnetic resonance imaging. Individual practices may vary by intent, licensure, and scope of practice laws.","Source: American Chiropractic Board of Radiology, 2009 [7/1/2009: definition added]",Radiology Chiropractor,Individual
111NR0400X,Chiropractic Providers,Chiropractor,Rehabilitation,"Rehabilitation is the discipline focused on restoring a patient's functional abilities to pre-injury or pre-disease status. Functional abilities are defined as those activities in one's daily life, work, or sports and recreational activities that an individual participates in. Relevant impairments (e.g. strength, endurance, flexibility, motor control, etc.) are often intermediate goals of rehabilitation, but the final goal of successful care is return to participation in activities in which the patient was successful before the onset of the injury or disease. Essential to a rehabilitation approach is a focus on patient-centered outcomes such as independence and self-management or self-care skills.",Source:  The American Chiropractic Association (ACA) and the ACA Council on Physiological Therapeutics [7/1/2006: new],Rehabilitation Chiropractor,Individual
111NS0005X,Chiropractic Providers,Chiropractor,Sports Physician,"A sports chiropractor is uniquely trained to provide care and treatment of injuries or illness resulting from sports and physical fitness activities.  Doctors of Chiropractic with the Diplomate American Chiropractic Board of Sports Physicians (DACBSP) or the Certified Chiropractic Sports Physician (CCSP), sport specialty certifications from the American Chiropractic Board of Sports Physicians, have advanced training in the assessment, management and rehabilitation of sports related injuries. Extremity care, rehabilitation and soft tissue procedures are common skills utilized by these doctors. The specialty training covers a broad spectrum from the pediatric athlete to professional and Olympic athletes, and everything in between, using a variety of techniques and modalities.","Source: American Chiropractic Board of Sports Physicians, 2009 [7/1/2009: definition added]",Sports Physician Chiropractor,Individual
111NT0100X,Chiropractic Providers,Chiropractor,Thermography,The NUCC recommends this code not be used. Choose a more appropriate code.,,Thermography Chiropractor,Individual
125K00000X,Dental Providers,Advanced Practice Dental Therapist,,"An Advanced Practice Dental Therapist is:<br/>(1) A dental therapist who has completed additional training beyond basic dental therapy education and provides dental services in accordance with state advanced practice dental therapist laws or statutes; or<br/>(2) A dental hygienist with a graduate degree in advanced dental therapy prepared for independent and interdependent decision making and direct accountability for clinical judgment across the dental health care continuum.<br/>The individual has been authorized by the relevant state board or a tribal entity to provide services under the remote supervision of a dentist. The functions of the advanced practice dental therapist vary based on the needs of the dentist, the educational preparation of the advanced practice dental therapist and state dental practice acts and regulations.",Source: Summarized from Minnesota Statute 150A.106. [7/1/2012: new],Advanced Practice Dental Therapist,Individual
126800000X,Dental Providers,Dental Assistant,,"An individual who may or may not have completed an accredited dental assisting education program and who aids the dentist in providing patient care services and performs other nonclinical duties in the dental office or other patient care facility.  The scope of the patient care functions that may be legally delegated to the dental assistant varies based on the needs of the dentist the educational preparation of the dental assistant and state dental practice acts and regulations.  Patient care services are provided under the supervision of a dentist.  To avoid misleading the public, no occupational title other than dental assistant should be used to describe this dental auxiliary.","Source: Comprehensive Policy Statement on Dental Auxiliaries, American Dental Association",Dental Assistant,Individual
124Q00000X,Dental Providers,Dental Hygienist,,"An individual who has completed an accredited dental hygiene education program, and an individual who has been licensed by a state board of dental examiners to provide preventive care services under the supervision of a dentist.  Functions that may be legally delegated to the dental hygienist vary based on the needs of the dentist, the educational preparation of the dental hygienist and state dental practice acts and regulations, but always include, at a minimum, scaling and polishing the teeth.  To avoid misleading the public, no occupational title other than dental hygienist should be used to describe this dental auxiliary.","Source: Comprehensive Policy Statement on Dental Auxiliaries, American Dental Association.",Dental Hygienist,Individual
126900000X,Dental Providers,Dental Laboratory Technician,,"An individual who has the skill and knowledge in the fabrication of dental appliances, prostheses and devices in accordance with a dentist's laboratory work authorization.  To avoid misleading the public, no occupational title other than dental laboratory technician or certified dental technician (when appropriate) should be used to describe this auxiliary.","Source: Comprehensive Policy Statement on Dental Auxiliaries, American Dental Association.",Dental Laboratory Technician,Individual
125J00000X,Dental Providers,Dental Therapist,,"A Dental Therapist is an individual who has completed an accredited or non-accredited dental therapy program and who has been authorized by the relevant state board or a tribal entity to provide services within the scope of their practice under the supervision of a dentist. Functions that may be delegated to the dental therapist vary based on the needs of the dentist, the educational preparation of the dental therapist and state dental practice acts and regulations.",Source: Summarized from Minnesota Statute 150A.105. [7/1/2012: new],Dental Therapist,Individual
122300000X,Dental Providers,Dentist,,"A dentist is a person qualified by a doctorate in dental surgery (D.D.S.) or dental medicine (D.M.D.), licensed by the state to practice dentistry, and practicing within the scope of that license.  There is no difference between the two degrees: dentists who have a DMD or DDS have the same education.  Universities have the prerogative to determine what degree is awarded.  Both degrees use the same curriculum requirements set by the American Dental Association's Commission on Dental Accreditation.  Generally, three or more years of undergraduate education plus four years of dental school is required to graduate and become a general dentist.  State licensing boards accept either degree as equivalent, and both degrees allow licensed individuals to practice the same scope of general dentistry.  Additional post-graduate training is required to become a dental specialist.","Source: Council on Dental Education and Licensure, American Dental Association",Dentist,Individual
1223D0004X,Dental Providers,Dentist,Dental Anesthesiology,"A dentist who has successfully completed an accredited postdoctoral anesthesiology residency training program for dentists of two or more years duration, in accord with Commission on Dental Accreditation's Standards for Dental Anesthesiology Residency Programs, and/or meets the eligibility requirements for examination by the American Dental Board of Anesthesiology.",Source: The American Society of Dentist Anesthesiologists  [1/1/2013: new],Dental Anesthesiology,Individual
1223D0001X,Dental Providers,Dentist,Dental Public Health,"The science and art of preventing and controlling dental diseases and promoting dental health through organized community efforts.  It is that form of dental practice that serves the community as a patient rather than the individual.  It is concerned with the dental health education of the public, with applied dental research, and with the administration of group dental care programs as well as the prevention and control of dental diseases on a community basis.","Source: Council on Dental Education and Licensure, American Dental Association",Public Health Dentistry,Individual
1223E0200X,Dental Providers,Dentist,Endodontics,"The branch of dentistry that is concerned with the morphology, physiology and pathology of the human dental pulp and periradicular tissues.  Its study and practice encompass the basic and clinical sciences including biology of the normal pulp, the etiology, diagnosis, prevention and treatment of diseases and injuries of the pulp and associated periradicular conditions.","Source: Council on Dental Education and Licensure, American Dental Association",Endodontics,Individual
1223G0001X,Dental Providers,Dentist,General Practice,"A general dentist is the primary dental care provider for patients of all ages. The general dentist is responsible for the diagnosis, treatment, management and overall coordination of services related to patients' oral health needs.",Source: Academy of General Dentistry,General Practice Dentistry,Individual
1223P0106X,Dental Providers,Dentist,Oral and Maxillofacial Pathology,"The specialty of dentistry and discipline of pathology that deals with the nature, identification, and management of diseases affecting the oral and maxillofacial regions.  It is a science that investigates the causes, processes, and effects of these diseases.  The practice of oral and maxillofacial pathology includes research and diagnosis of diseases using clinical, radiographic, microscopic, biochemical, or other examinations.","Source: Council on Dental Education and Licensure, American Dental Association",Oral and Maxillofacial Pathology Dentistry,Individual
1223X0008X,Dental Providers,Dentist,Oral and Maxillofacial Radiology,"The specialty of dentistry and discipline of radiology concerned with the production and interpretation of images and data produced by all modalities of radiant energy that are used for the diagnosis and management of diseases, disorders and conditions of the oral and maxillofacial region.","Source: Council on Dental Education and Licensure, American Dental Association",Oral and Maxillofacial Radiology Dentistry,Individual
1223S0112X,Dental Providers,Dentist,Oral and Maxillofacial Surgery,"The specialty of dentistry which includes the diagnosis, surgical and adjunctive treatment of diseases, injuries and defects involving both the functional and esthetic aspects of the hard and soft tissues of the oral and maxillofacial region.","Source: Council on Dental Education and Licensure, American Dental Association",Oral and Maxillofacial Surgery (Dentist),Individual
125Q00000X,Dental Providers,Dentist,Oral Medicine,"Oral Medicine is the specialty of dentistry responsible for the oral health care of medically complex patients and for the diagnosis and management of medically related diseases, disorders and conditions affecting the oral and maxillofacial region. Oral Medicine specialists have training and expertise in the diagnosis and management of oral and mucosal diseases, medical management of maxillofacial pathologies from hematology and oncology, organ transplant services, autoimmune disorders, including acute and chronic pain conditions of oral & maxillofacial region. Oral Medicine specialists co-manage oral and maxillofacial conditions and diseases in collaboration with medical specialists and other dentists in hospitals and outpatient medical clinics, particularly in the management of patients with complex medical conditions requiring multidisciplinary healthcare intervention.","Source: National Commission on Recognition of Dental Specialties and Certifying Boards [1/1/2015: new, 7/1/2024: modified] www.ncrdscb.ada.org/recognized-dental-specialties and American Association of Oral and Maxillofacial Surgeons, www.aaoms.org",Oral Medicine Dentistry,Individual
1223X2210X,Dental Providers,Dentist,Orofacial Pain,"A dentist who assesses, diagnoses, and treats patients with complex chronic orofacial pain and dysfunction disorders, oromotor and jaw behavior disorders, and chronic head/neck pain.  The dentist has successfully completed an accredited postdoctoral orofacial pain residency training program for dentists of two or more years duration, in accord with the Commission on Dental Accreditation's Standards for Orofacial Pain Residency Programs, and/or meets the requirements for examination and board certification by the American Board of Orofacial Pain.","Source:  American Academy of Orofacial Pain, http://www.aaop.org [7/1/2019: new] Additional Resources: American Board of Orofacial Pain, http://www.abop.net",Orofacial Pain Dentistry,Individual
1223X0400X,Dental Providers,Dentist,Orthodontics and Dentofacial Orthopedics,"That area of dentistry concerned with the supervision, guidance and correction of the growing or mature dentofacial structures, including those conditions that require movement of teeth or correction of malrelationships and malformations of their related structures and the adjustment of relationships between and among teeth and facial bones by the application of forces and/or the stimulation and redirection of functional forces within the craniofacial complex.  Major responsibilities of orthodontic practice include the diagnosis, prevention, interception and treatment of all forms of malocclusion of the teeth and associated alterations in their surrounding structures; the design, application and control of functional and corrective appliances; and the guidance of the dentition and its supporting structures to attain and maintain optimum occlusal relations in physiologic and esthetic harmony among facial and cranial structures.",,Orthodontics and Dentofacial Orthopedics Dentistry,Individual
1223P0221X,Dental Providers,Dentist,Pediatric Dentistry,"An age-defined specialty that provides both primary and comprehensive preventive and therapeutic oral health care for infants and children through adolescence, including those with special health care needs.","Source: Council on Dental Education and Licensure, American Dental Association",Pediatric Dentistry,Individual
1223P0300X,Dental Providers,Dentist,Periodontics,"That specialty of dentistry which encompasses the prevention, diagnosis and treatment of diseases of the supporting and surrounding tissues of the teeth or their substitutes and the maintenance of the health, function and esthetics of these structures and tissues.","Source: Council on Dental Education and Licensure, American Dental Association",Periodontics,Individual
1223P0700X,Dental Providers,Dentist,Prosthodontics,"That branch of dentistry pertaining to the restoration and maintenance of oral functions, comfort, appearance and health of the patient by the restoration of natural teeth and/or the replacement of missing teeth and contiguous oral and maxillofacial tissues with artificial substitutes.","Source: Council on Dental Education and Licensure, American Dental Association",Prosthodontics,Individual
122400000X,Dental Providers,Denturist,,A denturist is a licensed professional that serves patients with removable dental prosthetic oral health needs. A licensed denturist is trained in removable dental prosthetics and the fabrication of such devices.,"Source: National Denturist Association, https://nationaldenturist.com/   [1/1/2024: modified definition]",Denturist,Individual
132700000X,Dietary & Nutritional Service Providers,Dietary Manager,,"A dietary manager is a trained food services professional who is charged with maintaining cost/profit objectives, purchasing foods and services for the department and supervising staff.. Dietary managers are trained to understand the basic nutritional needs of clients and work in partnership with dietitians, who offer specialized nutritional expertise. The CDM certified dietary manager designation is an advanced professional credential awarded to dietary managers who have completed specific course work, have passed the national credentialing exams (including a sanitation and safety exam) and have applied for certification.",,Dietary Manager,Individual
136A00000X,Dietary & Nutritional Service Providers,"Dietetic Technician, Registered",,"A Dietetic Technician, Registered (DTR)/Nutrition and Dietetics Technician, Registered (NDTR) is an individual holding a nationally protected title issued by the Commission on Dietetic Registration (CDR) to qualified individuals who obtain an associate's degree or higher and successfully complete a sliding set of academic, examination, and practice requirements accredited by the Accreditation Council for Education in Nutrition and Dietetics (ACEND) or established by CDR, the nature of which are dependent upon the level of academic degree obtained. The scope of practice of the NDTR focuses on food, nutrition, and dietetics practice, as well as related services. NDTRs work under the supervision of a Registered Dietitian Nutritionist (RDN) when in direct patient/client nutrition care, and may work independently in providing general nutrition education to healthy populations. Patient/client populations include individuals receiving individualized care who have medical conditions or diseases, as well as at-risk individuals receiving personalized nutrition guidance as part of preventive health care.","Source:  Academy of Nutrition and Dietetics Definition of Terms List, Current Version, https://www.eatrightpro.org/practice/quality-management/scope-of-practice [7/1/2019:modified definition]",Registered Dietetic Technician,Individual
133V00000X,Dietary & Nutritional Service Providers,"Dietitian, Registered",,"A Registered Dietitian (RD)/Registered Dietitian Nutritionist (RDN) is an individual uniquely trained in the science of nutrition and practice of dietetics to design and provide medical nutrition therapy (MNT) and other evidence-based applications of the Nutrition Care Process (NCP) that exemplify the profession's systematic approach to providing high quality nutrition care. Registered dietitians provide MNT for the purpose of disease prevention or management, or to treat or rehabilitate an illness, injury, or condition, with the use of specific, indicated physical and cognitive nutrition care services comprised of one or more of the following aspects of the NCP: nutrition assessment/reassessment, nutrition diagnosis, nutrition intervention (e.g., nutrition counseling, therapeutic diet ordering, and nutrition education) and nutrition monitoring and evaluation.","Source:  Academy of Nutrition and Dietetics Definition of Terms List , Current Version, https://www.eatrightpro.org/practice/quality-management/scope-of-practice [7/1/2019:modified definition]",Registered Dietitian,Individual
133VN1101X,Dietary & Nutritional Service Providers,"Dietitian, Registered","Nutrition, Gerontological","An individual who is a Specialist in Gerontological Nutrition and provides nutrition care to promote quality of life and optimal health for older adults across the continuum of care, including: acute care, post-acute care, primary care, long-term care, assisted living, home care, palliative care, community-based nutrition, food service, correctional facilities, and government programs. RDN who works indirectly with gerontological nutrition through roles in management, industry, education, and research.","Source:  The Commission on Dietetic Registration, https://www.cdrnet.org/certifications/specialty-practice-experience [7/1/2019: new]",Gerontological Nutrition Registered Dietitian,Individual
133VN1006X,Dietary & Nutritional Service Providers,"Dietitian, Registered","Nutrition, Metabolic",A registered dietitian who achieves specialized competency in metabolic nutrition.,"Source: The Commission on Dietetic Registration [4/1/2002: new, 7/1/2024:modified] https://www.cdrnet.org/board-certified-specialist. At this time, the Commission on Dietetic Registration no longer offers certifications in Metabolic Nutrition.",Metabolic Nutrition Registered Dietitian,Individual
133VN1201X,Dietary & Nutritional Service Providers,"Dietitian, Registered","Nutrition, Obesity and Weight Management","An individual who is a Board Certified Specialist for Obesity and Weight Management and educates, supports, and advocates for patients and clients to understand and manage their weight and associated risks through the use of nutritional, behavioral health, medical, surgical, pharmacotherapeutic, and exercise and physical activity interventions.","Source:  The Commission on Dietetic Registration, https://www.cdrnet.org/certifications/specialty-practice-experience [7/1/2019: new]",Obesity and Weight Management Nutrition Registered Dietitian,Individual
133VN1301X,Dietary & Nutritional Service Providers,"Dietitian, Registered","Nutrition, Oncology","An individual who is a Board Certified Specialist in Oncology Nutrition and provides direct nutrition care for individuals at risk for or diagnosed with cancer. RDNs working directly with individuals at risk for, or diagnosed with, any type of malignancy or pre-malignant condition, in a variety of settings (e.g. hospitals, clinics, cancer centers, hospices, public health), OR indirectly through roles in management, education, industry, and research practice linked specifically to oncology nutrition. RDN who works indirectly with oncology nutrition through roles in management, education, industry, and research.","Source:  The Commission on Dietetic Registration, https://www.cdrnet.org/certifications/specialty-practice-experience [7/1/2019: new]",Oncology Nutrition Registered Dietitian,Individual
133VN1004X,Dietary & Nutritional Service Providers,"Dietitian, Registered","Nutrition, Pediatric","An individual who is a Board Certified Specialist in Pediatric Nutrition and applies evidence-based nutrition knowledge in providing medical nutrition therapy for pediatric patients. Specialists work directly with healthy and/or ill children (newborn up to 21 years of age) as well as children with special health care needs in a variety of settings (hospitals, community-based and/or family-centered programs, education programs, home, etc.), OR indirectly through management, care coordination, education, quality improvement, or research practice linked specifically to pediatric nutrition.","Source:  The Commission on Dietetic Registration, https://www.cdrnet.org/certifications/specialty-practice-experience [7/1/2019: definition added, source added]",Pediatric Nutrition Registered Dietitian,Individual
133VN1401X,Dietary & Nutritional Service Providers,"Dietitian, Registered","Nutrition, Pediatric Critical Care","An individual who is a Board Certified Specialist in Pediatric Critical Care Nutrition and applies evidence-based nutrition knowledge in providing medical nutrition therapy for critically ill infants, children and adolescents. Additional roles could include coordination, education, quality improvement, or research linked specifically to pediatric critical care nutrition.","Source:  The Commission on Dietetic Registration, https://www.cdrnet.org/certifications/specialty-practice-experience [7/1/2019: new]",Pediatric Critical Care Nutrition Registered Dietitian,Individual
133VN1005X,Dietary & Nutritional Service Providers,"Dietitian, Registered","Nutrition, Renal","An individual who is a Board Certified Specialist in Renal Nutrition and works directly with adult and/or pediatric patients with acute kidney injury, chronic kidney disease (CKD) stages 1-5, or receiving renal replacement therapies (dialysis/transplant) in a variety of settings, OR works indirectly in management, education, or research practice linked specifically to renal nutrition. The specialist in renal/nephrology nutrition is responsible for nutrition assessment, diagnosis, intervention, monitoring, and evaluation.","Source:  The Commission on Dietetic Registration, https://www.cdrnet.org/certifications/specialty-practice-experience [7/1/2019: definition added, source added]",Renal Nutrition Registered Dietitian,Individual
133VN1501X,Dietary & Nutritional Service Providers,"Dietitian, Registered","Nutrition, Sports Dietetics","An individual who is a Board Certified Specialist in Sports Dietetics and applies evidence-based nutrition knowledge in exercise and sports. RDNs specializing in sports dietetics assess, educate, and counsel athletes and active individuals. They design, implement, and manage safe and effective nutrition strategies that enhance lifelong health, fitness, and optimal performance.","Source:  The Commission on Dietetic Registration, https://www.cdrnet.org/certifications/specialty-practice-experience [7/1/2019: new]",Sports Dietetics Nutrition Registered Dietitian,Individual
133N00000X,Dietary & Nutritional Service Providers,Nutritionist,,"A specialist in adapting and applying food and nutrient knowledge to the solution of food and nutritional problems, the control of disease, and the promotion of health. Nutritionists perform research, instruct groups and individuals about nutritional requirements, and assist people in developing meal patterns that meet their nutritional needs; (2) A nutritionist is someone who has completed undergraduate and/or graduate training in the discipline of nutrition without necessarily meeting the academic and experience requirements to qualify for the Registered Dietitian designation.","Source: (1) Rhea, Ott, and Shafritz, The Facts On File Dictionary of Health Care Management, New York: Facts On File Publications, 1988.",Nutritionist,Individual
133NN1002X,Dietary & Nutritional Service Providers,Nutritionist,"Nutrition, Education",Definition to come...,,Nutrition Education Nutritionist,Individual
146E00000X,Emergency Medical Service Providers,Community Paramedic,,"A Community Paramedic is trained in responding to a scene and arranging appointments and transportation to alternate destinations through established partnerships or direct field communication. Alternative destinations for patient care include walk-in clinics, detox facilities, shelters and homeless services, and in-home assistance services. Services provided by community paramedics include, but are not limited to, completing blood glucose checks, vital signs, blood draws, and other treatments for the purpose of assessing and reporting to the referring physician and providing in-home evaluation of high-risk patients following hospital discharge.","Source: National Uniform Claim Committee, www.nucc.org",Community Paramedic,Individual
146N00000X,Emergency Medical Service Providers,"Emergency Medical Technician, Basic",,A Basic EMT is an individual trained and certified to perform basic life support treatment in medical emergencies based on individual state boards.,Sources: Tabers Medical Dictionary and Florida EMS Clearing House.,Basic Emergency Medical Technician,Individual
146M00000X,Emergency Medical Service Providers,"Emergency Medical Technician, Intermediate",,An Intermediate EMT is an individual trained and certified to perform intermediate life support treatment in medical emergencies based on individual state boards.,Sources: Tabers Medical Dictionary and Florida EMS Clearing House.,Intermediate Emergency Medical Technician,Individual
146L00000X,Emergency Medical Service Providers,"Emergency Medical Technician, Paramedic",,"An EMT, Paramedic is an individual trained and certified to perform advanced life support (ALS) in medical emergencies based on individual state boards.",Sources: Tabers Medical Dictionary and Florida EMS Clearing House.,Paramedic,Individual
146D00000X,Emergency Medical Service Providers,Personal Emergency Response Attendant,,"Individuals that are specially trained to assist patients living at home with urgent/emergent situations.  These individuals must be able to perform CPR and basic first aid and have sufficient counseling skills to allay fears and assist in working through processes necessary to resolve the crisis.  Functions may include transportation to various facilities and businesses, contacting agencies to initiate remediation service or providing reassurance.",,Personal Emergency Response Attendant,Individual
152W00000X,Eye and Vision Services Providers,Optometrist,,"Doctors of optometry (ODs) are the primary health care professionals for the eye.  Optometrists examine, diagnose, treat, and manage diseases, injuries, and disorders of the visual system, the eye, and associated structures as well as identify related systemic conditions affecting the eye.  An optometrist has completed pre-professional undergraduate education in a college or university and four years of professional education at a college of optometry, leading to the doctor of optometry (O.D.) degree.  Some optometrists complete an optional residency in a specific area of practice.  Optometrists are eye health care professionals state-licensed to diagnose and treat diseases and disorders of the eye and visual system.","Source:  American Optometric Association (AOA), approved by the AOA's Board of Trustees, June 21, 2005. [7/1/2006: definition modified]",Optometrist,Individual
152WC0802X,Eye and Vision Services Providers,Optometrist,Corneal and Contact Management,"The professional activities performed by an Optometrist related to the fitting of contact lenses to an eye, ongoing evaluation of the cornea's ability to sustain successful contact lens wear, and treatment of any external eye or corneal condition which can affect contact lens wear.","Source: American Optometric Association [1/1/2009: added definition, added source]",Corneal and Contact Management Optometrist,Individual
152WL0500X,Eye and Vision Services Providers,Optometrist,Low Vision Rehabilitation,"Optometrists who specialize in low-vision care having training to assess visual function, prescribe low-vision devices, develop treatment plans, and recommend other vision rehabilitation services.","Source: American Optometric Association [1/1/2009: added definition, added source]",Low Vision Rehabilitation Optometrist,Individual
152WX0102X,Eye and Vision Services Providers,Optometrist,Occupational Vision,"Optometrists who work in Occupational Vision, the branch of environmental optometry, consider all aspects of the relationship between work and vision, visual performances, eye safety, and health.","Source: American Optometric Association [1/1/2009: added definition, added source]",Occupational Vision Optometrist,Individual
152WP0200X,Eye and Vision Services Providers,Optometrist,Pediatrics,"Optometrists who work in Pediatrics are concerned with the prevention, development, diagnosis, and treatment of visual problems in children.","Source: American Optometric Association [1/1/2009: added definition, added source]",Pediatric Optometrist,Individual
152WS0006X,Eye and Vision Services Providers,Optometrist,Sports Vision,"An optometrist who offers services designed to care for unique vision care needs of athletes, which may include one of more of the following services:  corrective vision care unique to a specific sporting environment; protective eyewear for the prevention of sports-related injuries; vision enhancement - which may include vision therapy and techniques to improve visual skills specific to the athlete's sport.","Source: American Optometric Association [1/1/2009: added definition, added source]",Sports Vision Optometrist,Individual
152WV0400X,Eye and Vision Services Providers,Optometrist,Vision Therapy,"Optometrists who specialize in vision therapy as a treatment process used to improve vision function. It includes a broad range of developmental and rehabilitative treatment programs individually prescribed to remediate specific sensory, motor and/or visual perceptual dysfunctions.","Source: American Optometric Association [1/1/2009: added definition, added source]",Vision Therapy Optometrist,Individual
156F00000X,Eye and Vision Services Providers,Technician/Technologist,,A broad category grouping different kinds of technologists and technicians. See individual definitions.,,Technician/Technologist,Individual
156FC0800X,Eye and Vision Services Providers,Technician/Technologist,Contact Lens,"An optician or other ancillary support staff person who, where authorized by state law and trained or certified to do so, may fit or dispense contact lenses to a patient based on the prescription of an optometrist or medical physician.","Source: American Optometric Association [1/1/2009: added definition, added source]",Contact Lens Technician/Technologist,Individual
156FC0801X,Eye and Vision Services Providers,Technician/Technologist,Contact Lens Fitter,"An optician or other ancillary support staff person who, where authorized by state law and trained or certified to do so, may fit or dispense contact lenses to a patient based on the prescription of an optometrist or medical physician.","Source: American Optometric Association [1/1/2009: added definition, added source]",Contact Lens Fitter,Individual
156FX1700X,Eye and Vision Services Providers,Technician/Technologist,Ocularist,"An ocularist is a thoroughly trained professional skilled in the art of fitting, painting, and fabricating custom ocular prostheses. In addition to creating custom ocular prostheses, and providing long-term care through periodic examinations, an ocularist provides the patient with complete instructions on the care and maintenance of their prosthesis.","Source: American Society of Ocularists, www.ocularist.org [7/1/2023: definition added]",Ocularist,Individual
156FX1100X,Eye and Vision Services Providers,Technician/Technologist,Ophthalmic,"An ophthalmic technician/technologist assists ophthalmologists by performing ophthalmic clinical functions, including administering eye exams, administering eye medications, and instructing the patient in care and use of corrective lenses.","Source: Bureau of Labor Statistics, https://www.bls.gov/oes/current/oes292057.htm  [1/1/2024: modified definition]",Ophthalmic Technician/Technologist,Individual
156FX1101X,Eye and Vision Services Providers,Technician/Technologist,Ophthalmic Assistant,"An ophthalmic assistant assists ophthalmologists by performing duties including, but not limited to, patient charting, patient education, and basic eye testing.",Source: National Uniform Claim Committee  [1/1/2024: modified definition],Ophthalmic Assistant,Individual
156FX1800X,Eye and Vision Services Providers,Technician/Technologist,Optician,"Opticians help fit eyeglasses and contact lenses, following prescriptions from Ophthalmologists and Optometrists.  They also help customers decide which eyeglass frame or contact lenses to buy.","Source: U.S. Bureau of Labor Statistics, www.bls.gov. [7/1/2023: definition added]",Optician,Individual
156FX1201X,Eye and Vision Services Providers,Technician/Technologist,Optometric Assistant,"An optometric assistant assists optometrists by performing duties, including but not limited to, customer service, basic eye testing, and patient education.",Source: National Uniform Claim Committee  [1/1/2024: modified definition],Optometric Assistant Technician,Individual
156FX1202X,Eye and Vision Services Providers,Technician/Technologist,Optometric Technician,"An optometric technician assists optometrists by performing duties, including but not limited to, basic eye testing, diagnostic tests, and assistance with corrective lenses.",Source: National Uniform Claim Committee  [1/1/2024: modified definition],Optometric Technician,Individual
156FX1900X,Eye and Vision Services Providers,Technician/Technologist,Orthoptist,"An orthoptist is an allied health professional skilled in evaluation and treatment of children and adults with eye movement difficulties. Their specialty is strabismus, amblyopia, and double vision.","Source: American Association of Certified Orthoptists, www.orthoptics.org [7/1/2023: definition added]",Orthoptist,Individual
164W00000X,Nursing Service Providers,Licensed Practical Nurse,,"An individual with post-high school vocational training and practical experience in the provision of nursing care at a level less than that required for certification as a Registered Nurse. Requirements for education, experience, licensure, and job responsibilities vary among the states.","Source: Rhea, Ott, and Shafritz, The Facts On File Dictionary of Health Care Management, New York: Facts On File Publications, 1988.",Licensed Practical Nurse,Individual
167G00000X,Nursing Service Providers,Licensed Psychiatric Technician,,"An individual licensed by the state board as a Psychiatric Technician based upon completion of a prescribed course of theory and clinical practice, with two thirds of the clinical practice time focused on mental and developmental disorders.  The psychiatric technician practices under the direct supervision of a physician, psychologist, registered nurse or other professional to provide care to patients with mental disorders and developmental disabilities.",,Licensed Psychiatric Technician,Individual
164X00000X,Nursing Service Providers,Licensed Vocational Nurse,,"An individual with post-high school vocational training and practical experience in the provision of nursing care at a level less than that required for certification as a Registered Nurse. [An alternate term for licensed practical nurse arising from difference in occupational titles between states and post-high school training programs and institutions.] Requirements for education, experience, licensure, and job responsibilities vary among the states.","Source: Rhea, Ott, and Shafritz, The Facts On File Dictionary of Health Care Management, New York: Facts On File Publications, 1988.",Licensed Vocational Nurse,Individual
163W00000X,Nursing Service Providers,Registered Nurse,,"(1) A registered nurse is a person qualified by graduation from an accredited nursing school (depending upon schooling, a registered nurse may receive either a diploma from a hospital program, an associate degree in nursing (A.D.N.) or a Bachelor of Science degree in nursing (B.S.N.), who is licensed or certified by the state, and is practicing within the scope of that license or certification. R.N.'s assist patient in recovering and maintaining their physical or mental health. They assist physicians during treatments and examinations and administer medications. (2) A provider who is trained and educated in a formal nursing education program at an accredited school of nursing, passes a national certification examination, and is licensed by the state to practice nursing. The individual provides nursing services to patients or clients in areas such as health promotion, disease prevention, acute and chronic care and restoration and maintenance of health across the life span.","Sources: (2) American Nurses Association, American Nurses Credentialing Center, 1996 Certification Catalogue, and Rhea, Ott, and Shafritz, The Facts On File Dictionary of Health Care Management, New York: Facts On File Publications, 1988.",Registered Nurse,Individual
163WA0400X,Nursing Service Providers,Registered Nurse,Addiction (Substance Use Disorder),Definition to come...,,Addiction (Substance Use Disorder) Registered Nurse,Individual
163WA2000X,Nursing Service Providers,Registered Nurse,Administrator,Definition to come...,,Administrator Registered Nurse,Individual
163WP2201X,Nursing Service Providers,Registered Nurse,Ambulatory Care,Definition to come...,,Ambulatory Care Registered Nurse,Individual
163WC3500X,Nursing Service Providers,Registered Nurse,Cardiac Rehabilitation,Definition to come...,,Cardiac Rehabilitation Registered Nurse,Individual
163WC0400X,Nursing Service Providers,Registered Nurse,Case Management,Definition to come...,,Case Management Registered Nurse,Individual
163WC1400X,Nursing Service Providers,Registered Nurse,College Health,Definition to come...,,College Health Registered Nurse,Individual
163WC1500X,Nursing Service Providers,Registered Nurse,Community Health,Definition to come...,,Community Health Registered Nurse,Individual
163WC2100X,Nursing Service Providers,Registered Nurse,Continence Care,Definition to come...,,Continence Care Registered Nurse,Individual
163WC1600X,Nursing Service Providers,Registered Nurse,Continuing Education/Staff Development,Definition to come...,,Continuing Education/Staff Development Registered Nurse,Individual
163WC0200X,Nursing Service Providers,Registered Nurse,Critical Care Medicine,Definition to come...,,Critical Care Medicine Registered Nurse,Individual
163WD0400X,Nursing Service Providers,Registered Nurse,Diabetes Educator,Definition to come...,,Diabetes Educator Registered Nurse,Individual
163WD1100X,Nursing Service Providers,Registered Nurse,"Dialysis, Peritoneal",Definition to come...,,Peritoneal Dialysis Registered Nurse,Individual
163WE0003X,Nursing Service Providers,Registered Nurse,Emergency,Definition to come...,,Emergency Registered Nurse,Individual
163WE0900X,Nursing Service Providers,Registered Nurse,Enterostomal Therapy,Definition to come...,,Enterostomal Therapy Registered Nurse,Individual
163WF0300X,Nursing Service Providers,Registered Nurse,Flight,Definition to come...,,Flight Registered Nurse,Individual
163WG0100X,Nursing Service Providers,Registered Nurse,Gastroenterology,Definition to come...,,Gastroenterology Registered Nurse,Individual
163WG0000X,Nursing Service Providers,Registered Nurse,General Practice,Definition to come...,,General Practice Registered Nurse,Individual
163WG0600X,Nursing Service Providers,Registered Nurse,Gerontology,Definition to come...,,Gerontology Registered Nurse,Individual
163WH0500X,Nursing Service Providers,Registered Nurse,Hemodialysis,Definition to come...,,Hemodialysis Registered Nurse,Individual
163WH0200X,Nursing Service Providers,Registered Nurse,Home Health,Definition to come...,,Home Health Registered Nurse,Individual
163WH1000X,Nursing Service Providers,Registered Nurse,Hospice,Definition to come...,,Hospice Registered Nurse,Individual
163WI0600X,Nursing Service Providers,Registered Nurse,Infection Control,Definition to come...,,Infection Control Registered Nurse,Individual
163WI0500X,Nursing Service Providers,Registered Nurse,Infusion Therapy,Definition to come...,,Infusion Therapy Registered Nurse,Individual
163WL0100X,Nursing Service Providers,Registered Nurse,Lactation Consultant,Definition to come...,,Lactation Consultant (Registered Nurse),Individual
163WM0102X,Nursing Service Providers,Registered Nurse,Maternal Newborn,Definition to come...,,Maternal Newborn Registered Nurse,Individual
163WM0705X,Nursing Service Providers,Registered Nurse,Medical-Surgical,Definition to come...,,Medical-Surgical Registered Nurse,Individual
163WN0002X,Nursing Service Providers,Registered Nurse,Neonatal Intensive Care,Definition to come...,,Neonatal Intensive Care Registered Nurse,Individual
163WN0003X,Nursing Service Providers,Registered Nurse,"Neonatal, Low-Risk",Definition to come...,,Low-Risk Neonatal Registered Nurse,Individual
163WN0300X,Nursing Service Providers,Registered Nurse,Nephrology,Definition to come...,,Nephrology Registered Nurse,Individual
163WN0800X,Nursing Service Providers,Registered Nurse,Neuroscience,Definition to come...,,Neuroscience Registered Nurse,Individual
163WM1400X,Nursing Service Providers,Registered Nurse,Nurse Massage Therapist (NMT),Definition to come...,,Nurse Massage Therapist (NMT),Individual
163WN1003X,Nursing Service Providers,Registered Nurse,Nutrition Support,Definition to come...,,Nutrition Support Registered Nurse,Individual
163WX0002X,Nursing Service Providers,Registered Nurse,"Obstetric, High-Risk",Definition to come...,,High-Risk Obstetric Registered Nurse,Individual
163WX0003X,Nursing Service Providers,Registered Nurse,"Obstetric, Inpatient",Definition to come...,,Inpatient Obstetric Registered Nurse,Individual
163WX0106X,Nursing Service Providers,Registered Nurse,Occupational Health,Definition to come...,,Occupational Health Registered Nurse,Individual
163WX0200X,Nursing Service Providers,Registered Nurse,Oncology,Definition to come...,,Oncology Registered Nurse,Individual
163WX1100X,Nursing Service Providers,Registered Nurse,Ophthalmic,Definition to come...,,Ophthalmic Registered Nurse,Individual
163WX0800X,Nursing Service Providers,Registered Nurse,Orthopedic,Definition to come...,,Orthopedic Registered Nurse,Individual
163WX1500X,Nursing Service Providers,Registered Nurse,Ostomy Care,Definition to come...,,Ostomy Care Registered Nurse,Individual
163WX0601X,Nursing Service Providers,Registered Nurse,Otorhinolaryngology & Head-Neck,Definition to come...,,Otorhinolaryngology & Head-Neck Registered Nurse,Individual
163WP0000X,Nursing Service Providers,Registered Nurse,Pain Management,Definition to come...,,Pain Management Registered Nurse,Individual
163WP0218X,Nursing Service Providers,Registered Nurse,Pediatric Oncology,Definition to come...,,Pediatric Oncology Registered Nurse,Individual
163WP0200X,Nursing Service Providers,Registered Nurse,Pediatrics,Definition to come...,,Pediatric Registered Nurse,Individual
163WP1700X,Nursing Service Providers,Registered Nurse,Perinatal,Definition to come...,,Perinatal Registered Nurse,Individual
163WS0121X,Nursing Service Providers,Registered Nurse,Plastic Surgery,Definition to come...,,Plastic Surgery Registered Nurse,Individual
163WP0808X,Nursing Service Providers,Registered Nurse,Psychiatric/Mental Health,Definition to come...,,Psychiatric/Mental Health Registered Nurse,Individual
163WP0809X,Nursing Service Providers,Registered Nurse,"Psychiatric/Mental Health, Adult",Definition to come...,,Adult Psychiatric/Mental Health Registered Nurse,Individual
163WP0807X,Nursing Service Providers,Registered Nurse,"Psychiatric/Mental Health, Child & Adolescent",Definition to come...,,Child & Adolescent Psychiatric/Mental Health Registered Nurse,Individual
163WR0006X,Nursing Service Providers,Registered Nurse,Registered Nurse First Assistant,"A perioperative registered nurse who works in collaboration with the surgeon and other health care team members to achieve optimal outcomes.  The RNFA has acquired the necessary knowledge, judgment, and skills specific to the expanded role of RNFA clinical practice.  Intraoperatively, the RNFA assists the surgeon.",Source:  AORN Official Statement on RNFAs ratified by the AORN House of Delegates in 2004. [7/1/2006: new],Registered Nurse First Assistant,Individual
163WR0400X,Nursing Service Providers,Registered Nurse,Rehabilitation,Definition to come...,,Rehabilitation Registered Nurse,Individual
163WR1000X,Nursing Service Providers,Registered Nurse,Reproductive Endocrinology/Infertility,Definition to come...,,Reproductive Endocrinology/Infertility Registered Nurse,Individual
163WS0200X,Nursing Service Providers,Registered Nurse,School,Definition to come...,,School Registered Nurse,Individual
163WU0100X,Nursing Service Providers,Registered Nurse,Urology,Definition to come...,,Urology Registered Nurse,Individual
163WW0101X,Nursing Service Providers,Registered Nurse,"Women's Health Care, Ambulatory",Definition to come...,,Ambulatory Women's Health Care Registered Nurse,Individual
163WW0000X,Nursing Service Providers,Registered Nurse,Wound Care,Definition to come...,,Wound Care Registered Nurse,Individual
372600000X,Nursing Service Related Providers,Adult Companion,,"An individual who provides supervision, socialization, and non-medical care to a functionally impaired adult.  Companions may assist or supervise the individual with such tasks as meal preparation, laundry and shopping, but do not perform these activities as discrete services.  These services are provided in accordance with a therapeutic goal in the plan of care.",[7/1/2003: new],Adult Companion,Individual
372500000X,Nursing Service Related Providers,Chore Provider,,"An individual who provides home maintenance services required to sustain a safe, sanitary living environment for individuals who because of age or disabilities is unable to perform the activities.  These services include heavy household chores such as washing floors, windows, and walls; tacking down loose rugs and tiles; and moving heavy items of furniture in order to provide safe access and egress.",[7/1/2003: new],Chore Provider,Individual
373H00000X,Nursing Service Related Providers,Day Training/Habilitation Specialist,,Individuals experienced or trained in working with developmentally disabled individuals who need assistance in acquiring and maintaining life skills that enable them to cope more effectively with the demands of independent living.,,Day Training/Habilitation Specialist,Individual
374J00000X,Nursing Service Related Providers,Doula,,"Doulas work in a variety of settings and have been trained to provide physical, emotional, and informational support to a mother before, during, and just after birth and/or provide emotional and practical support to a mother during the postpartum period.","Source:  National Uniform Claim Committee, 2009 [7/1/2009: new]",Doula,Individual
374U00000X,Nursing Service Related Providers,Home Health Aide,,"A person trained to assist public health nurses, home health nurses, and other health professionals in the bedside care of patients in their homes.","Source: Rhea, Ott, and Shafritz, The Facts On File Dictionary of Health Care Management, New York: Facts On File Publications, 1988.",Home Health Aide,Individual
376J00000X,Nursing Service Related Providers,Homemaker,,"An individual who provides general household activities such as meal preparation, laundry, and light housekeeping, when the individual regularly responsible for these activities is temporarily absent or unable to provide for himself.  Homemakers must meet the state defined training standards.",[7/1/2003: definition added],Homemaker,Individual
376K00000X,Nursing Service Related Providers,Nurse's Aide,,"(1) An unlicensed individual who is trained to function in an assistive role to the licensed nurse in the provision of patient/client activities as delegated by the nurse; (2) An individual trained (either on-the-job or through a formal course generally of less than one year) and experienced in performing patient or client-care nursing tasks that do not require the skills of a specialist, technician, or professional. Examples of tasks performed by nurses aides include changing clothes, diapers, and beds; assisting patients to perform exercises or personal hygiene tasks, and supporting communication or social interaction. Specific education and credentials are not required for this work.","Source: (1) American Nurses Association, Registered Professional Nurses and Unlicensed Personnel, 2nd ed., 1996; (2) Rhea, Ott, and Shafritz, The Facts On File Dictionary of Health Care Management, New York: Facts On File Publications, 1988.",Nurse's Aide,Individual
376G00000X,Nursing Service Related Providers,Nursing Home Administrator,,"An individual, often licensed by the state, who is responsible for the management of a nursing home.","Source: Lexikon: Dictionary of Health Care Terms, Organizations, and Acronyms for the Era of Reform, Joint Commission on Accreditation of Healthcare Organizations, Oakbrook Terrace, IL, 1994, p. 552.",Nursing Home Administrator,Individual
374T00000X,Nursing Service Related Providers,Religious Nonmedical Nursing Personnel,,"Religious nonmedical nursing personnel are experienced in caring for the physical needs of nonmedical patients.  For example, caring for the physical needs such as assistance with activities of daily living; assistance with moving, positioning, and ambulation; nutritional needs; and comfort and support measures.","Source:  Centers for Medicare & Medicaid Services [7/1/2009: title modified, definition modified]  Additional Resources: www.cms.hhs.gov/CertificationandComplianc/19_RNHCIs.asp   2005 Code of Federal Regulations, Title 42, Chapter IV, Part 403, Subpart G, 403.702 Definitions and Terms",Religious Nonmedical Nursing Personnel,Individual
374K00000X,Nursing Service Related Providers,Religious Nonmedical Practitioner,,"A religious nonmedical practitioner offers spiritually-based care.  Services may be rendered in an office, home, or care facility or by phone, email, or written correspondence.","Source: National Uniform Claim Committee , 2009 [7/1/2009: new]",Religious Nonmedical Practitioner,Individual
374700000X,Nursing Service Related Providers,Technician,,"(1) A person with specialized training in a narrow field of expertise whose occupation requires training and is skilled in specific technical processes and procedures. (2) An individual having special skill or practical knowledge in an area, such as operation and maintenance of equipment or performance of laboratory procedures involving biochemical analyses. Special technical qualifications are normally required, though an increasing number or technicians also possess university degrees in science, and occasionally doctorate degrees. The distinction between technician and technologist in the health care field is not always clear.","Sources: (1) Rhea, Ott, and Shafritz, The Facts on File Dictionary of Health Care Management, New York: Facts on File Publications, 1988; Dorland's Illustrated Medical Dictionary, 26th Edition, Philadelphia: W.B. Saunders Company, 1981 and Webster's II New Riverside University Dictionary, Boston: Riverside Publishing Company, 1984. (2) ) Lexikon: Dictionary of Health Care Terms, Organizations and Acronyms for the Era of Reform, The Joint Commission on Accreditation of Healthcare Organizations, Oakbrook Terrace, Illinois: 1994, p. 776.",Technician,Individual
3747A0650X,Nursing Service Related Providers,Technician,Attendant Care Provider,"An individual who provides hands-on care, of both a supportive and health related nature, specific to the needs of a medically stable, physically handicapped individual.  Supportive services are those that substitute for the absence, loss, diminution, or impairment of a physical or cognitive function.  This service may include skilled or nursing care to the extent permitted by state law.",[7/1/2003: new],Attendant Care Provider,Individual
3747P1801X,Nursing Service Related Providers,Technician,Personal Care Attendant,"An individual who provides assistance with eating, bathing, dressing, personal hygiene, activities of daily living as specified in the plan of care.  Services which are incidental to the care furnished, or essential to the health and welfare of the individual may also be provided.  Personal care providers must meet state defined training and certification standards",[7/1/2003: definition added],Personal Care Attendant,Individual
171100000X,Other Service Providers,Acupuncturist,,"An acupuncturist is a person who performs ancient therapy for alleviation of pain, anesthesia and treatment of some diseases. Acupuncturists use long, fine needles inserted into specific points in order to treat painful conditions or produce anesthesia.",,Acupuncturist,Individual
171M00000X,Other Service Providers,Case Manager/Care Coordinator,,"A person who provides case management services and assists an individual in gaining access to needed medical, social, educational, and/or other services.  The person has the ability to provide an assessment and review of completed plan of care on a periodic basis.  This person is also able to take collaborative action to coordinate the services with other providers and monitor the enrollee's progress toward the cost-effective achievement of objectives specified in the plan of care.  Credentials may vary from an experience in the fields of psychology, social work, rehabilitation, nursing or a closely related human service field, to a related Assoc of Arts Degree or to nursing credentials.  Some states may require certification in case management.",Source: CMS State Medicaid Manual Section 4442.3  [7/1/2006: new],Case Manager/Care Coordinator,Individual
174V00000X,Other Service Providers,Clinical Ethicist,,"A clinical ethicist has been trained in bioethics and ethics case consultation.  The clinical ethicist addresses medical-ethical dilemmas arising in clinical practice, such as end-of-life care, refusal of treatment, and futility of care; assists patients and health care providers with medical decision-making; and provides ethics education for patients and families.",Source: National Uniform Claim Committee [1/1/2011: new],Clinical Ethicist,Individual
172V00000X,Other Service Providers,Community Health Worker,,"Community health workers (CHW) are lay members of communities who work either for pay or as volunteers in association with the local health care system in both urban and rural environments and usually share ethnicity, language, socioeconomic status and life experiences with the community members they serve. They have been identified by many titles such as community health advisors, lay health advocates, ""promotores(as), outreach educators, community health representatives, peer health promoters, and peer health educators. CHWs offer interpretation and translation services, provide culturally appropriate health education and information, assist people in receiving the care they need, give informal counseling and guidance on health behaviors, advocate for individual and community health needs, and provide some direct services such as first aid and blood pressure screening.  Some examples of these practitioners are Community Health Aides or Practitioners established under 25 USC 1616 (l) under HHS, Indian Health Service, Public Health Service.","Source: Health Resources and Services Administration, US Department of Health and Human Services - National Workforce Study on Community Health Workers, March, 2007. [7/1/2007: new]    http://bhpr.hrsa.gov/healthworkforce/chw/",Community Health Worker,Individual
171W00000X,Other Service Providers,Contractor,,"For the purposes of the Health Care Provider Taxonomy, a contractor is limited to individuals who do construction or mechanical work to modify a patient's environment to accommodate a health condition. Contractors perform projects including, but not limited to, building wheelchair ramps, widening doorways, modifying personal vehicles, and making other improvements for patient access and movement. This code has no relation to a provider's employment status.","Source: National Uniform Claim Committee, www.nucc.org",Contractor,Individual
171WH0202X,Other Service Providers,Contractor,Home Modifications,A contractor who makes modifications to homes to accommodate a health condition.,"Source: National Uniform Claim Committee, www.nucc.org.",Home Modifications Contractor,Individual
171WV0202X,Other Service Providers,Contractor,Vehicle Modifications,A contractor who makes modifications to private vehicles to accommodate a health condition.,,Vehicle Modifications Contractor,Individual
172A00000X,Other Service Providers,Driver,,A person employed to operate a motor vehicle as a carrier of persons or property.,,Driver,Individual
176P00000X,Other Service Providers,Funeral Director,,"A person, usually an embalmer, whose business is to arrange for the burial or cremation of the dead and to assist at the funeral rites.","Source: Joint Commission on Accreditation of Healthcare Organizations, Lexikon: Dictionary of Health Care Terms, Organizations and Acronyms for the Era of Reform, Oakbrook Terrace, IL: 1994, p. 323",Funeral Director,Individual
170300000X,Other Service Providers,"Genetic Counselor, MS",,"A masters trained health care provider who collects and interprets genetic family histories; assesses the risk of disease occurrence or recurrence; identifies interventions to manage or ameliorate disease risk; educates about inheritance, testing, management, prevention, ethical issues, resources, and research; and counsels to promote informed choices and adaptation. Certification was established in 1993 by the American Board of Genetic Counseling and prior to that by the American Board of Medical Genetics. Requirements for experience, licensure, and job responsibilities vary among the states.",Source: National Society of Genetic Counselors [7/1/2005: new],Genetic Counselor (M.S.),Individual
171400000X,Other Service Providers,Health & Wellness Coach,,"The Health & Wellness Coach is trained in motivational theories, strategies, and communication techniques, which are used to assist patients to develop intrinsic motivation and obtain skills to create sustainable change for improved health and well-being. Health and wellness coaching is a patient-centered approach wherein patients at least partially determine their goals, use self-discovery or active learning processes together with content education to work toward their goals, and self-monitor behaviors to increase accountability, all within the context of an interpersonal relationship with a coach.","Source:  National Board for Health & Wellness Coaching, www.nbhwc.org [1/1/2021: new]",Health & Wellness Coach,Individual
174H00000X,Other Service Providers,Health Educator,,"Health educators work in a variety of settings providing education to individuals or groups of individuals on healthy behaviors, wellness, and health-related topics with the goal of preventing diseases and health problems.  Health educators generally require a bachelor's degree and may receive additional training, such as through mentoring, internships, or volunteer work.","Source:  National Uniform Claim Committee, 2009 [7/1/2009: new]",Health Educator,Individual
175L00000X,Other Service Providers,Homeopath,,A provider who is educated and trained in a system of therapeutics in which diseases are treated by drugs which are capable of producing in healthy persons symptoms like those of the disease to be treated. Treatment requires administering a drug in minute doses.,"Source: Dorland's Illustrated Medical Dictionary. 26th edition. Philadelphia: W.B. Saunders Company, 1981.",Homeopath,Individual
171R00000X,Other Service Providers,Interpreter,,An Interpreter is a person who translates oral communication between two or more people.  This includes translating from one language to another or interpreting sign language.  An interpreter is necessary for medical care when the patient does not speak the language of the health care provider or when the patient has a disability involving spoken language.,Source:  National Medicaid EDI HIPAA NPI Sub Work Group [7/1/2006: new],Interpreter,Individual
174N00000X,Other Service Providers,"Lactation Consultant, Non-RN",,An individual trained to provide breastfeeding assistance services to both mothers and infants. Lactation Consultants are not required to be nurses and are trained through specific courses of education. The Lactation Consultant may have additional certification through a national or international organization.,Source: National Uniform Claim Committee [1/1/2011: new],Lactation Consultant (Non-RN),Individual
175M00000X,Other Service Providers,"Midwife, Lay",,"A person qualified by experience and limited specialized training to provide obstetric and neo-natal care in the management of women having normal pregnancy, labor and childbirth. The lay midwife is licensed in some states.",,Lay Midwife,Individual
173000000X,Other Service Providers,Legal Medicine,,"The specialty areas of medicine concerned with matters of, and relations with, substantive law and legal institutions; such as the conduct of medical examinations at crime scenes, performance of autopsies, giving of expert medical testimony in judicial proceedings, medical treatment of inmates of penal institutions, the practice of trauma medicine in law enforcement settings, and other clinical practice and medical science applications in the fields of law, law enforcement, and corrections.","Source: Rhea, Ott, and Shafritz, The Facts On File Dictionary of Health Care Management, New York: Facts On File Publications, 1988.",Legal Medicine,Individual
172M00000X,Other Service Providers,Mechanotherapist,,"A practitioner of mechanotherapy examines patients by verbal inquiry, examination of the musculoskeletal system by hand, and visual inspection and observation.  In the treatment of patients, mechanotherapists employ the techniques of advised or supervised exercise; electrical neuromuscular stimulation; massage or manipulation; or air, water, heat, cold, sound, or infrared ray therapy.",Source:  Summarized from Ohio Revised Code 4731.15 [1/1/2007: new],Mechanotherapist,Individual
176B00000X,Other Service Providers,Midwife,,"A Midwife is a trained professional with special expertise in supporting women to maintain a healthy pregnancy birth, offering expert individualized care, education, counseling, and support to a woman and her newborn throughout the childbearing cycle. A Midwife is a skilled and independent practitioner who has undergone formalized training. Midwives are not required to be nurses and may be trained via multiple routes of education (apprenticeship, workshop, formal classes, or programs, etc., usually a combination). The educational background requirements and licensing requirements vary by state. The Midwife may or may not be certified by a state or national organization.","Source:  The National Uniform Claim Committee [7/1/2007: title changed, definition changed, source changed]",Midwife,Individual
171000000X,Other Service Providers,Military Health Care Provider,,"Active duty military health care providers not otherwise classified who need to be separately identified for operational, clinical, or administrative processes.",[7/1/2005: new],Military Health Care Provider,Individual
1710I1002X,Other Service Providers,Military Health Care Provider,Independent Duty Corpsman,A Navy Independent Duty Corpsman (IDC) is an active duty Sailor who has successfully completed one of the Navy's specific IDC training programs.  IDCs are formally trained and educated to perform primary medical care and minor surgical services in a variety of health care and non-health care settings worldwide under indirect physician supervision.  IDCs provide care to Department of Defense operational forces and other supporting forces such as contractors and foreign nationals.,"Source:  Bureau of Medicine and Surgery, Department of the Navy  [7/1/2005: new]",Independent Duty Corpsman,Individual
1710I1003X,Other Service Providers,Military Health Care Provider,Independent Duty Medical Technicians,"An Independent Duty Medical Technician (IDMT) is specially trained and educated to perform primary medical care, minor surgical services, and treatment of dental disorders for active duty military members in a variety of health care and non-health care settings worldwide under direct and indirect physician supervision.  An IDMT may take medical histories, perform physical exams, order lab tests and x-rays, prescribe medications, and give immunizations. IDMTs work under the direct supervision of a physician preceptor when at home station and indirectly when assigned to a Mobile Aid Station, Mobile Medical Unit, remote site, or otherwise deployed specifically as an IDMT.  An IDMT may be an experienced Aerospace Medical Service Technician who meets special task qualifications and is recommended for training by the Aerospace Medical Service Functional Manager at their Medical Treatment Facility.  IDMTs maintain certification as Nationally Registered Emergency Medical Technicians and as Immunization Back-up Technicians.",Source:  Air Force Surgeon General Office  [7/1/2005: new],Independent Duty Medical Technicians,Individual
172P00000X,Other Service Providers,Naprapath,,Naprapathy means a branch of medicine that focuses on the evaluation and treatment of neuron-muscular conditions.  Doctors of naprapathy are connective tissue specialists.  Education and training are defined through individual states' licensing/certification requirements.,Source:  National Uniform Claim Committee [1/1/2007: new],Naprapath,Individual
175F00000X,Other Service Providers,Naturopath,,"Diagnoses, treats, and cares for patients, using system of practice that bases treatment of physiological functions and abnormal conditions on natural laws governing human body: Utilizes physiological, psychological, and mechanical methods, such as air, water, light, heat, earth, phototherapy, food and herb therapy, psychotherapy, electrotherapy, physiotherapy, minor and orificial surgery, mechanotherapy, naturopathic corrections and manipulation, and natural methods or modalities, together with natural medicines, natural processed foods, and herbs and nature's remedies. Excludes major surgery, therapeutic use of x ray and radium, and use of drugs, except those assimilable substances containing elements or compounds which are components of body tissues and are physiologically compatible to body processes for maintenance of life.","Source: The Federal Dictionary of Occupational Titles, U.S. Department of Labor, Washington, D.C., section #079, 101-014 [7/1/2007: definition changed, source added]",Naturopath,Individual
175T00000X,Other Service Providers,Peer Specialist,,"Individuals certified to perform peer support services through a training process defined by a government agency, such as the Department of Veterans Affairs or a state mental health department/certification/licensing authority.",Source: National Uniform Claim Committee [7/1/2014: new],Peer Specialist,Individual
170100000X,Other Service Providers,"Medical Genetics, Ph.D. Medical Genetics",,"A medical geneticist works in association with a medical specialist, is affiliated with a clinical genetics program, and serves as a consultant to medical and dental specialists.", A general certificate was first issued by ABMS in 1982.  ACGME Accredited Residency Program Requirements:  None.,Ph.D. Medical Genetics,Individual
405300000X,Other Service Providers,Prevention Professional,,"Prevention Professionals work in programs aimed to address specific patient needs, such as suicide prevention, violence prevention, alcohol avoidance, drug avoidance, and tobacco prevention.   The goal of the program is to reduce the risk of relapse, injury, or re-injury of the patient.  Prevention Professionals work in a variety of settings and provide appropriate case management, mediation, referral, and mentorship services.  Individuals complete prevention professionals training for the population of patients with whom they work.","Source: National Uniform Claim Committee, 2015 [1/1/2016: new]",Prevention Professional,Individual
173C00000X,Other Service Providers,Reflexologist,,"Reflexologists perform a non-invasive complementary modality involving thumb and finger techniques to apply alternating pressure to the reflexes within the reflex maps of the body located on the feet, hands, and outer ears. Reflexologists apply pressure to specific areas (feet, hands, and ears) to promote a response from an area far removed from the tissue stimulated via the nervous system and acupuncture meridians. Reflexologists are recommended to complete a minimum of 200 hours of education, typically including anatomy & physiology, Reflexology theory, body systems, zones, meridians & relaxation response, ethics, business standards, and supervised practicum.","Source: National Uniform Claim Committee (based on the American Reflexology Certification Board definition of Reflexology), 2007  [1/1/2008: new]    Additional Resources:  Foot and hand reflexology is a scientific art based on the premise that there are zones and reflex areas in the feet and hands which correspond to all body parts. The physical act of applying specific pressures using thumb, finger and hand techniques result in stress reduction which causes a physiological change in the body. Reflexology is a non-invasive, complementary modality involving thumb and finger techniques to apply alternating pressure to reflexes shown on reflex maps of the body located on the feet, hands, and outer ears.  American Reflexology Certification Board, www.arcb.net, Reflexology Association of America, www.reflexology-usa.org/what-is-reflexology.",Reflexologist,Individual
173F00000X,Other Service Providers,"Sleep Specialist, PhD",,"Sleep medicine is a clinical specialty with a focus on clinical problems that require accurate diagnosis and treatment. The knowledge base of sleep medicine is derived from many disciplines including neuroanatomy, neurophysiology, respiratory physiology, pharmacology, psychology, psychiatry, neurology, general internal medicine, pulmonary medicine, and pediatrics as well as others.","Source: National Uniform Claim Committee (based on American Board of Sleep Medicine), 2007 [1/1/2008: new]    Additional resources: www.absm.org",Sleep Specialist (PhD),Individual
174400000X,Other Service Providers,Specialist,,An individual educated and trained in an applied knowledge discipline used in the performance of work at a level requiring knowledge and skills beyond or apart from that provided by a general education or liberal arts degree.,"Source: Expanded from Webster's II New Riverside University Dictionary, Boston: Riverside Publishing Company, 1974.",Specialist,Individual
1744G0900X,Other Service Providers,Specialist,Graphics Designer,Definition to come...,1/1/2025: marked inactive,Graphics Designer,Individual
1744P3200X,Other Service Providers,Specialist,Prosthetics Case Management,A case manager who provides services for patients with prosthetics.,"Source National Uniform Claim Committee, www.nucc.org",Prosthetics Case Management,Individual
1744R1103X,Other Service Providers,Specialist,Research Data Abstracter/Coder,Definition to come...,1/1/2025: marked inactive,Research Study Abstracter/Coder,Individual
1744R1102X,Other Service Providers,Specialist,Research Study,Definition to come...,1/1/2025: marked inactive,Research Study Specialist,Individual
174M00000X,Other Service Providers,Veterinarian,,"A doctor of veterinary medicine, trained and authorized to practice veterinarian medicine and surgery.","Source: Dorland's Illustrated Medical Dictionary. 28th edition. Philadelphia: W.B. Saunders Company, 1994, p. 1823",Veterinarian,Individual
174MM1900X,Other Service Providers,Veterinarian,Medical Research,Definition to come...,1/1/2025: marked inactive,Medical Research Veterinarian,Individual
183500000X,Pharmacy Service Providers,Pharmacist,,"An individual licensed by the appropriate state regulatory agency to engage in the practice of pharmacy.  The practice of pharmacy includes, but is not limited to, assessment, interpretation, evaluation, and implementation, initiation, monitoring or modification of medication and or medical orders; the compounding or dispensing of medication and or medical orders; participation in drug and device procurement, storage, and selection; drug administration; drug regimen reviews; drug or drug-related research; provision of patient education and the provision of those acts or services necessary to provide medication therapy management services in all areas of patient care.","Source: Adapted from National Association of Boards of Pharmacy Model State Pharmacy Act, Article 1, Section 104. [1/1/2006: definition modified, source modified]",Pharmacist,Individual
1835P2201X,Pharmacy Service Providers,Pharmacist,Ambulatory Care,"A licensed pharmacist who has demonstrated specialized knowledge and skill in the provision of integrated, accessible health care services by pharmacists and is accountable for addressing medication needs, developing sustained partnerships with patients, and practicing in the context of family and community.","Source:  Board of Pharmacy Specialties, www.bpsweb.org   [7/1/2015: new]",Ambulatory Care Pharmacist,Individual
1835C0206X,Pharmacy Service Providers,Pharmacist,Cardiology,"A licensed pharmacist who has demonstrated specialized knowledge and skill in direct patient care to ensure safe and effective use of medications in patients with cardiovascular disease, as members of interprofessional health care teams.","Source: Board of Pharmacy Specialties, www.bpsweb.org",Cardiology Pharmacist,Individual
1835C0207X,Pharmacy Service Providers,Pharmacist,Compounded Sterile Preparations,"A licensed pharmacist who has demonstrated specialized knowledge and skill to ensure that sterile preparations meet the clinical needs of patients, satisfying quality, safety, and environmental control requirements, regulations, and standards in all phases of preparation, storage, transportation, and administration.","Source: Board of Pharmacy Specialties, www.bpsweb.org",Compounded Sterile Preparations Pharmacist,Individual
1835C0205X,Pharmacy Service Providers,Pharmacist,Critical Care,"A licensed pharmacist who has demonstrated specialized knowledge and skill in the delivery of patient care services by pharmacists, as integral members of interprofessional teams, working to ensure the safe and effective use of medications in critically ill patients.","Source: Board of Pharmacy Specialties, www.bpsweb.org  [1/1/2016: new]",Critical Care Pharmacist,Individual
1835E0208X,Pharmacy Service Providers,Pharmacist,Emergency Medicine,A licensed pharmacist who has demonstrated specialized knowledge and skill in the care for patients at the bedside in emergency medicine settings.,"Source: Board of Pharmacy Specialties, www.bpsweb.org",Emergency Medicine Pharmacist,Individual
1835G0000X,Pharmacy Service Providers,Pharmacist,General Practice,,"[1/1/2006: marked inactive, use value 183500000X]",Pharmacist,Individual
1835G0303X,Pharmacy Service Providers,Pharmacist,Geriatric,"A pharmacist who is certified in geriatric pharmacy practice is designated as a ""Certified Geriatric Pharmacist"" (CGP).  To become certified, candidates are expected to be knowledgeable about principles of geriatric pharmacotherapy and the provision of pharmaceutical care to the elderly.",Source:  Commission for Certification in Geriatric Pharmacy (www.ccgp.org) [7/1/2006: new],Geriatric Pharmacist,Individual
1835I0206X,Pharmacy Service Providers,Pharmacist,Infectious Diseases,"A licensed pharmacist who has demonstrated specialized knowledge and skill in the use of microbiology and pharmacology to develop, implement, and monitor drug regimens that incorporate antimicrobials to optimize therapy for patients.","Source: Board of Pharmacy Specialties, www.bpsweb.org",Infectious Diseases Pharmacist,Individual
1835N0905X,Pharmacy Service Providers,Pharmacist,Nuclear,"A licensed pharmacist who has demonstrated specialized knowledge and skill in procurement, compounding, quality control testing, dispensing, distribution, and monitoring of radiopharmaceuticals.","Source:  Specialty certification and recertification program administered by Board of Pharmaceutical Specialties, www.bpsweb.org [7/1/2006: modified title, added definition]",Nuclear Pharmacist,Individual
1835N1003X,Pharmacy Service Providers,Pharmacist,Nutrition Support,"A licensed pharmacist who has demonstrated specialized knowledge and skill in maintenance and/or restoration of optimal nutritional status, designing and modifying treatment according to patient needs.","Source:  Specialty certification and recertification program administered by Board of Pharmaceutical Specialties, www.bpsweb.org [7/1/2006: definition modified]",Nutrition Support Pharmacist,Individual
1835X0200X,Pharmacy Service Providers,Pharmacist,Oncology,"A licensed pharmacist who has demonstrated specialized knowledge and skill in developing, recommending, implementing, monitoring, and modifying pharmacotherapeutic plans to optimize outcomes in patients with malignant diseases.","Source:  Specialty certification and recertification program administered by Board of Pharmaceutical Specialties, www.bpsweb.org [7/1/2006: new]",Oncology Pharmacist,Individual
1835P1400X,Pharmacy Service Providers,Pharmacist,Pain Management,"A licensed pharmacist who has demonstrated specialized knowledge and skills, providing integrated, comprehensive, and accessible healthcare services to patients experiencing pain and associated symptoms.","Source: Board of Pharmacy Specialties, www.bpsweb.org",Pain Management Pharmacist,Individual
1835P0200X,Pharmacy Service Providers,Pharmacist,Pediatrics,A licensed pharmacist who has demonstrated specialized knowledge and skill in the delivery of patient care services by pharmacists that ensures the safe and effective use of medications for all children from neonates through adolescents.,"Source: Board of Pharmacy Specialties, www.bpsweb.org   [1/1/2016: new]",Pediatric Pharmacist,Individual
1835P0018X,Pharmacy Service Providers,Pharmacist,Pharmacist Clinician (PhC)/ Clinical Pharmacy Specialist,"Pharmacist Clinician/Clinical Pharmacy Specialist is a pharmacist with additional training and an expanded scope of practice that may include prescriptive authority, therapeutic management, and disease management.","Source: National Uniform Claim Committee, 2007 [1/1/2008: new]",Pharmacist Clinician (PhC)/ Clinical Pharmacy Specialist,Individual
1835P1200X,Pharmacy Service Providers,Pharmacist,Pharmacotherapy,"A licensed pharmacist who has demonstrated specialized knowledge and skill in optimizing pharmacotherapeutic care of patients, by developing, implementing, monitoring, and modifying complex treatment plans, providing advanced level education and consultation, and collaborating with other health professionals in the management of therapy.","Source:  Specialty certification and recertification program administered by Board of Pharmaceutical Specialties, www.bpsweb.org [7/1/2006: modified definition]",Pharmacotherapy Pharmacist,Individual
1835P1300X,Pharmacy Service Providers,Pharmacist,Psychiatric,"A licensed pharmacist who has demonstrated specialized knowledge and skill in optimizing care of patients with psychiatric illness by assessing and monitoring patients, recognizing drug-induced problems, and recommending appropriate treatment plans.","Source:  Specialty certification and recertification program administered by Board of Pharmaceutical Specialties, www.bpsweb.org [7/1/2006: modified title, added definition]",Psychiatric Pharmacist,Individual
1835S0206X,Pharmacy Service Providers,Pharmacist,Solid Organ Transplant,A licensed pharmacist who has demonstrated specialized knowledge and skill delivering direct patient care and the safe and effective use of medications for patients in all phases of solid organ transplantation.,"Source: Board of Pharmacy Specialties, www.bpsweb.org",Solid Organ Transplant Pharmacist,Individual
183700000X,Pharmacy Service Providers,Pharmacy Technician,,A person who works under the direct supervision of a licensed pharmacist and performs many pharmacy-related functions that do not require the professional judgment of a pharmacist.,"Source: Pharmacy Technician Certification Board, www.ptcb.org [1/1/2006: modified definition, modified source]",Pharmacy Technician,Individual
367A00000X,Physician Assistants & Advanced Practice Nursing Providers,Advanced Practice Midwife,,"Advanced practice midwifery encompasses the independent provision of care during pregnancy, childbirth, and the postpartum period; sexual and reproductive health; gynecologic health; and family planning services, including preconception care. Midwives also provide primary care for individuals from adolescence throughout the lifespan as well as care for the healthy newborn during the first 28 days of life. Midwives provide initial and ongoing comprehensive assessment, diagnosis, and treatment. Midwifery care includes health promotion, disease prevention, risk assessment and management, and individualized wellness education and counseling.","Source: American College of Nurse-Midwives, www.midwife.org <br/>Additional Resources: See the American College of Nurse-Midwives, www.midwife.org, for more information on Certified Nurse-Midwives, Certified Midwives, the American Midwifery Certification Board (AMCB), and licensure.",Advanced Practice Midwife,Individual
367H00000X,Physician Assistants & Advanced Practice Nursing Providers,Anesthesiologist Assistant,,"An individual certified by the state to perform anesthesia services under the direct supervision of an anesthesiologist.  Anesthesiologist Assistants are required to have a bachelor's degree with a premed curriculum prior to entering a two-year anesthesiology assistant program, which is focused upon the delivery and maintenance of anesthesia care as well as advanced patient monitoring techniques.  An Anesthesiologist Assistant must work as a member of the anesthesia care team under the direction of a qualified Anesthesiologist.",,Anesthesiologist Assistant,Individual
364S00000X,Physician Assistants & Advanced Practice Nursing Providers,Clinical Nurse Specialist,,"A registered nurse who, through a graduate degree program in nursing, or through a formal post-basic education program or continuing education courses and clinical experience, is expert in a specialty area of nursing practice within one or more of the components of direct patient/client care, consultation, education, research and administration.","Sources: American Nurses Association, American Nurses Credentialing Center, 1996 Certification Catalogue and The Interagency Conference on Nursing Statistics.",Clinical Nurse Specialist,Individual
364SA2100X,Physician Assistants & Advanced Practice Nursing Providers,Clinical Nurse Specialist,Acute Care,Definition to come...,,Acute Care Clinical Nurse Specialist,Individual
364SA2200X,Physician Assistants & Advanced Practice Nursing Providers,Clinical Nurse Specialist,Adult Health,Definition to come...,,Adult Health Clinical Nurse Specialist,Individual
364SC2300X,Physician Assistants & Advanced Practice Nursing Providers,Clinical Nurse Specialist,Chronic Care,Definition to come...,,Chronic Care Clinical Nurse Specialist,Individual
364SC1501X,Physician Assistants & Advanced Practice Nursing Providers,Clinical Nurse Specialist,Community Health/Public Health,Definition to come...,,Community Health/Public Health Clinical Nurse Specialist,Individual
364SC0200X,Physician Assistants & Advanced Practice Nursing Providers,Clinical Nurse Specialist,Critical Care Medicine,Definition to come...,,Critical Care Medicine Clinical Nurse Specialist,Individual
364SE0003X,Physician Assistants & Advanced Practice Nursing Providers,Clinical Nurse Specialist,Emergency,Definition to come...,,Emergency Clinical Nurse Specialist,Individual
364SE1400X,Physician Assistants & Advanced Practice Nursing Providers,Clinical Nurse Specialist,Ethics,Definition to come...,,Ethics Clinical Nurse Specialist,Individual
364SF0001X,Physician Assistants & Advanced Practice Nursing Providers,Clinical Nurse Specialist,Family Health,Definition to come...,,Family Health Clinical Nurse Specialist,Individual
364SG0600X,Physician Assistants & Advanced Practice Nursing Providers,Clinical Nurse Specialist,Gerontology,Definition to come...,,Gerontology Clinical Nurse Specialist,Individual
364SH1100X,Physician Assistants & Advanced Practice Nursing Providers,Clinical Nurse Specialist,Holistic,Definition to come...,,Holistic Clinical Nurse Specialist,Individual
364SH0200X,Physician Assistants & Advanced Practice Nursing Providers,Clinical Nurse Specialist,Home Health,Definition to come...,,Home Health Clinical Nurse Specialist,Individual
364SI0800X,Physician Assistants & Advanced Practice Nursing Providers,Clinical Nurse Specialist,Informatics,Definition to come...,,Informatics Clinical Nurse Specialist,Individual
364SL0600X,Physician Assistants & Advanced Practice Nursing Providers,Clinical Nurse Specialist,Long-Term Care,Definition to come...,,Long-Term Care Clinical Nurse Specialist,Individual
364SM0705X,Physician Assistants & Advanced Practice Nursing Providers,Clinical Nurse Specialist,Medical-Surgical,Definition to come...,,Medical-Surgical Clinical Nurse Specialist,Individual
364SN0000X,Physician Assistants & Advanced Practice Nursing Providers,Clinical Nurse Specialist,Neonatal,Definition to come...,,Neonatal Clinical Nurse Specialist,Individual
364SN0800X,Physician Assistants & Advanced Practice Nursing Providers,Clinical Nurse Specialist,Neuroscience,Definition to come...,,Neuroscience Clinical Nurse Specialist,Individual
364SX0106X,Physician Assistants & Advanced Practice Nursing Providers,Clinical Nurse Specialist,Occupational Health,Definition to come...,,Occupational Health Clinical Nurse Specialist,Individual
364SX0200X,Physician Assistants & Advanced Practice Nursing Providers,Clinical Nurse Specialist,Oncology,Definition to come...,,Oncology Clinical Nurse Specialist,Individual
364SX0204X,Physician Assistants & Advanced Practice Nursing Providers,Clinical Nurse Specialist,"Oncology, Pediatrics",Definition to come...,,Pediatric Oncology Clinical Nurse Specialist,Individual
364SP0200X,Physician Assistants & Advanced Practice Nursing Providers,Clinical Nurse Specialist,Pediatrics,Definition to come...,,Pediatric Clinical Nurse Specialist,Individual
364SP1700X,Physician Assistants & Advanced Practice Nursing Providers,Clinical Nurse Specialist,Perinatal,Definition to come...,,Perinatal Clinical Nurse Specialist,Individual
364SP2800X,Physician Assistants & Advanced Practice Nursing Providers,Clinical Nurse Specialist,Perioperative,Definition to come...,,Perioperative Clinical Nurse Specialist,Individual
364SP0808X,Physician Assistants & Advanced Practice Nursing Providers,Clinical Nurse Specialist,Psychiatric/Mental Health,Definition to come...,,Psychiatric/Mental Health Clinical Nurse Specialist,Individual
364SP0809X,Physician Assistants & Advanced Practice Nursing Providers,Clinical Nurse Specialist,"Psychiatric/Mental Health, Adult",Definition to come...,,Adult Psychiatric/Mental Health Clinical Nurse Specialist,Individual
364SP0807X,Physician Assistants & Advanced Practice Nursing Providers,Clinical Nurse Specialist,"Psychiatric/Mental Health, Child & Adolescent",Definition to come...,,Child & Adolescent Psychiatric/Mental Health Clinical Nurse Specialist,Individual
364SP0810X,Physician Assistants & Advanced Practice Nursing Providers,Clinical Nurse Specialist,"Psychiatric/Mental Health, Child & Family",Definition to come...,,Child & Family Psychiatric/Mental Health Clinical Nurse Specialist,Individual
364SP0811X,Physician Assistants & Advanced Practice Nursing Providers,Clinical Nurse Specialist,"Psychiatric/Mental Health, Chronically Ill",Definition to come...,,Chronically Ill Psychiatric/Mental Health Clinical Nurse Specialist,Individual
364SP0812X,Physician Assistants & Advanced Practice Nursing Providers,Clinical Nurse Specialist,"Psychiatric/Mental Health, Community",Definition to come...,,Community Psychiatric/Mental Health Clinical Nurse Specialist,Individual
364SP0813X,Physician Assistants & Advanced Practice Nursing Providers,Clinical Nurse Specialist,"Psychiatric/Mental Health, Geropsychiatric",Definition to come...,,Geropsychiatric Psychiatric/Mental Health Clinical Nurse Specialist,Individual
364SR0400X,Physician Assistants & Advanced Practice Nursing Providers,Clinical Nurse Specialist,Rehabilitation,Definition to come...,,Rehabilitation Clinical Nurse Specialist,Individual
364SS0200X,Physician Assistants & Advanced Practice Nursing Providers,Clinical Nurse Specialist,School,Definition to come...,,School Clinical Nurse Specialist,Individual
364ST0500X,Physician Assistants & Advanced Practice Nursing Providers,Clinical Nurse Specialist,Transplantation,Definition to come...,,Transplantation Clinical Nurse Specialist,Individual
364SW0102X,Physician Assistants & Advanced Practice Nursing Providers,Clinical Nurse Specialist,Women's Health,Definition to come...,,Women's Health Clinical Nurse Specialist,Individual
367500000X,Physician Assistants & Advanced Practice Nursing Providers,"Nurse Anesthetist, Certified Registered",,"(1) A licensed registered nurse with advanced specialty education in anesthesia who, in collaboration with appropriate health care professionals, provides preoperative, intraoperative, and postoperative care to patients and assists in management and resuscitation of critical patients in intensive care, coronary care, and emergency situations. Nurse anesthetists are certified following successful completion of credentials and state licensure review and a national examination directed by the Council on Certification of Nurse Anesthetists. (2) A registered nurse who is qualified by special training to administer anesthesia in collaboration with a physician or dentist and who can assist in the care of patients who are in critical condition.","Sources: (1) Council on Certification of Nurse Anesthetists, Park Ridge, IL, and Rhea, Ott, and Shafritz, The Facts On File Dictionary of Health Care Management, New York: Facts On File Publications, 1988. (2) Lexikon: Dictionary of Health Care Terms, Organizations and Acronyms for the Era of Reform, The Joint Commission on Accreditation of Healthcare Organizations, Oakbrook Terrace, Illinois: 1994, p. 548.",Certified Registered Nurse Anesthetist,Individual
211D00000X,Podiatric Medicine & Surgery Service Providers,"Assistant, Podiatric",,"An individual who assists a podiatrist in tasks, such as exposing and developing x-rays; taking and recording patient histories; assisting in biomechanical evaluations and negative castings; preparing and sterilizing instruments and equipment; providing the patient with postoperative instructions; applying surgical dressings; preparing the patient for treatment, padding, and strapping; and performing routine office procedures.","Source: (1) Lexikon: Dictionary of Health Care Terms, Organizations and Acronyms for the Era of Reform, The Joint Commission on Accreditation of Healthcare Organizations, Oakbrook Terrace, Illinois: 1994, p. 622.",Podiatric Assistant,Individual
213E00000X,Podiatric Medicine & Surgery Service Providers,Podiatrist,,"A podiatrist is a person qualified by a Doctor of Podiatric Medicine (D.P.M.) degree, licensed by the state, and practicing within the scope of that license. Podiatrists diagnose and treat foot diseases and deformities. They perform medical, surgical and other operative procedures, prescribe corrective devices and prescribe and administer drugs and physical therapy.",,Podiatrist,Individual
213ES0103X,Podiatric Medicine & Surgery Service Providers,Podiatrist,Foot & Ankle Surgery,Definition to come...,,Foot & Ankle Surgery Podiatrist,Individual
213ES0131X,Podiatric Medicine & Surgery Service Providers,Podiatrist,Foot Surgery,Definition to come...,,Foot Surgery Podiatrist,Individual
213EG0000X,Podiatric Medicine & Surgery Service Providers,Podiatrist,General Practice,,"[7/1/2006: marked inactive, use value 213E00000X]",Podiatrist,Individual
213EP1101X,Podiatric Medicine & Surgery Service Providers,Podiatrist,Primary Podiatric Medicine,Definition to come...,,Primary Podiatric Medicine Podiatrist,Individual
213EP0504X,Podiatric Medicine & Surgery Service Providers,Podiatrist,Public Medicine,Definition to come...,,Public Medicine Podiatrist,Individual
213ER0200X,Podiatric Medicine & Surgery Service Providers,Podiatrist,Radiology,Definition to come...,,Radiology Podiatrist,Individual
213ES0000X,Podiatric Medicine & Surgery Service Providers,Podiatrist,Sports Medicine,Definition to come...,,Sports Medicine Podiatrist,Individual
229N00000X,"Respiratory, Developmental, Rehabilitative and Restorative Service Providers",Anaplastologist,,"An anaplastologist is a professional who creates prostheses for the face and body.  Patients treated include those missing anatomy due to cancer, traumatic injury, or birth differences.  Generally, there are no state licensing requirements for anaplastologists.  Certification specific to anaplastology is provided through the Board for Certified Clinical Anaplastology (BCCA) with a credential title of Certified Clinical Anaplastologist (CCA).","Source:  American Anaplastology Association,  www.anaplastology.org. [7/1/2006: new]",Anaplastologist,Individual
221700000X,"Respiratory, Developmental, Rehabilitative and Restorative Service Providers",Art Therapist,,"(1) An individual who uses art to achieve the therapeutic goals of symptom relief, emotional integration, and recovery from or adjustment to illness or disability. (2) An art therapist uses a form of treatment that enables patients with mental or physical disabilities to use art as a way of expressing and dealing with feelings and inner conflicts. (3) An individual who uses arts modalities and creative processes during intentional intervention in therapeutic, rehabilitative, community, or educational settings to foster health, communication, and expression; promote the integration of physical, emotional, cognitive, and social functioning; enhance self-awareness; and facilitate change.","Source: (1) Lexikon: Dictionary of Health Care Terms, Organizations and Acronyms for the Era of Reform, The Joint Commission on Accreditation of Healthcare Organizations, Oakbrook Terrace, Illinois: 1994, p. 107. (2) Art Therapy Program, Marymount College, Tarrytown, NY (3) National Coalition of Arts",Art Therapist,Individual
224Y00000X,"Respiratory, Developmental, Rehabilitative and Restorative Service Providers",Clinical Exercise Physiologist,,"A Clinical Exercise Physiologist is a health care professional who is trained to work with patients with chronic disease where exercise training has been shown to be of therapeutic benefit, including but not limited to cardiovascular and pulmonary disease, and metabolic disorders.","Source:  What is a Clinical Exercise Physiologist? Clinical Exercise Physiology Association (CEPA), CEPA Executive Board, 2008  [10/1/2011: new]",Clinical Exercise Physiologist,Individual
225600000X,"Respiratory, Developmental, Rehabilitative and Restorative Service Providers",Dance Therapist,,"The dance therapist, sometimes called a movement therapist, focuses on rhythmic body movements as a medium of physical and psychological change. Dance therapy is practiced more often with mental health patients than with physically disabled patients. A master's degree is required by the American Dance Therapy Association to award the credentials Dance Therapist Registered (DTR).","Source: Joel A. DeLisa and Bruce M. Gans, Rehabilitation Medicine: Principles and Practice Second Edition, J.B. Lippincott Company, Philadelphia: 1993, p. 11",Dance Therapist,Individual
222Q00000X,"Respiratory, Developmental, Rehabilitative and Restorative Service Providers",Developmental Therapist,,"A Developmental Therapist is a person qualified by completion of an approved program in Developmental Therapy and where applicable credentialed by the state and practicing within the scope of the credential, or credentialed by completion of education experiences as approved by the state and practicing within the scope of that credential or, where state credentialing does not exist, certified by the Board of the Developmental Therapy Association. A developmental therapist evaluates children's global development in order to identify areas of developmental delay whether arising from physiological, neurological, or environmental factors, or a combination of factors; and designs, implements, and modifies therapeutic interventions for the child and the family to promote the child's acquisition of skills in a variety of developmental areas, including cognitive processes and social interaction in order to maximize functional independence and developmental homeostasis, and improve the quality of life at home and in the community; and provides consultation for the parents and other professionals working with the family on global development.",Source: The Illinois Developmental Therapists Association [1/1/2007: new],Developmental Therapist,Individual
226300000X,"Respiratory, Developmental, Rehabilitative and Restorative Service Providers",Kinesiotherapist,,"A provider trained and educated in the applied science of medically prescribed therapeutic exercise, education and adapted physical activities designed to improve the quality of line and health of adults and children by developing physical fitness, increasing mobility and independence, and improving psychosocial behavior. The kinesiotherapist seeks a coach-player relationship in which he/she helps the patient/client reach the goal of becoming an independent, self-sustaining person. Kinesiotherapists, as compared with physical therapists, put more emphasis on geriatric care, reconditioning and fitness, and psychiatric care. A large percentage of kinesiotherapists practice in Veterans Administration hospitals.",Source: The Kinesiotherapy Association.,Kinesiotherapist,Individual
225700000X,"Respiratory, Developmental, Rehabilitative and Restorative Service Providers",Massage Therapist,,"An individual trained in the manipulation of tissues (as by rubbing, stroking, kneading, or tapping) with the hand or an instrument for remedial or hygienic purposes.",,Massage Therapist,Individual
224900000X,"Respiratory, Developmental, Rehabilitative and Restorative Service Providers",Mastectomy Fitter,,An individual trained in the fitting and adjusting of breast prostheses and management of post-mastectomy prostheses services.,"Source: National Uniform Claim Committee [7/1/2010: new]  Additional Resources:  American Board for Certification in Orthotics, Prosthetics and Pedorthics, Inc., www.abcop.org and Board of Certification/Accreditation, International, www.bocusa.org.",Mastectomy Fitter,Individual
225A00000X,"Respiratory, Developmental, Rehabilitative and Restorative Service Providers",Music Therapist,,"Music therapists use music interventions to assess clients' strengths and needs, develop goals, implement services, and evaluate and document progress for individuals of all ages.  Music therapists facilitate changes in physical, cognitive, emotional, and/or psychosocial health.",Source:  American Music Therapy Association,Music Therapist,Individual
225X00000X,"Respiratory, Developmental, Rehabilitative and Restorative Service Providers",Occupational Therapist,,"An occupational therapist is a person who has graduated from an entry-level occupational therapy program accredited by the Accreditation Council for Occupational Therapy Education (ACOTE) or predecessor organizations, or approved by the World Federation of Occupational Therapists (WFOT), or an equivalent international occupational therapy education program; has successfully completed a period of supervised fieldwork experience required by the occupational therapy program; has passed a nationally recognized entry-level examination for occupational therapists, and fulfills state requirements for licensure, certification, or registration. An occupational therapist provides interventions based on evaluation and which emphasize the therapeutic use of everyday life activities (i.e., occupations) with individuals or groups for the purpose of facilitating participation in roles and situations and in home, school, workplace, community and other settings. Occupational therapy services are provided for the purpose of promoting health and wellness and are provided to those who have or are at risk for developing an illness, injury, disease, disorder, condition, impairment, disability, activity limitation, or participation restriction. Occupational therapists address the physical, cognitive, psychosocial, sensory, and other aspects of occupational performance in a variety of contexts to support engagement in everyday life activities that affect health, well-being, and quality of life.","Source: The Guide to Occupational Therapy Practice, 2nd edition. Bethesda: American Occupational Therapy Association, 2007. [7/1/2008: definition changed, added source]",Occupational Therapist,Individual
225XR0403X,"Respiratory, Developmental, Rehabilitative and Restorative Service Providers",Occupational Therapist,Driving and Community Mobility,"Occupational therapists can optimize and prolong an older driver's ability to drive safely and ease the transition to other forms of transportation if driving cessation becomes necessary.  By identifying strengths as well as physical or cognitive challenges, occupational therapists can evaluate an individual's overall ability to operate a vehicle safely and recommend assistive devices or behavioral changes to limit risks.  Occupational therapy practitioners offer a continuum of services related to community mobility, from evaluation of driving performance, through counseling and support for lifestyle changes, to maintaining independence and quality of life.","Source: The Guide to Occupational Therapy Practice, 2nd edition. Bethesda: American Occupational Therapy Association, 2007. [7/1/2008: title changed, definition added, source added]  Additional Resources: The American Occupational Therapy Association (AOTA) does offer voluntary specialty certification for a Driving & Community Mobility Occupational Therapist if the applicant meets the following requirements: <ul> <li>Professional or technical degree or equivalent in occupational therapy.  <li>Certified or licensed by and in good standing with an AOTA recognized credentialing or regulatory body.  <li>Minimum of 2,000 hours of experience as an occupational therapist or occupational therapy assistant.  <li>600 hours of experience delivering occupational therapy services in the certification area to clients (individuals, groups, or populations) in the last 3 calendar years. Service delivery may be paid or voluntary.  <li>Verification of employment. </ul> AOTA Fact Sheets: Older Driver",Driving and Community Mobility Occupational Therapist,Individual
225XE0001X,"Respiratory, Developmental, Rehabilitative and Restorative Service Providers",Occupational Therapist,Environmental Modification,"Occupational therapy practitioners are experts at identifying the cause of difficulties in performance of activities of daily living and instrumental activities of daily living.  Occupational therapy practitioners evaluate the client, their environment, and their occupational performance in that environment, as well as make recommendations for products to improve the fit between the client, place, and activity.  Occupational therapists can evaluate both the skills of the client and the environmental features that support or limit the performance of meaningful or necessary activities, thereby enhancing health, safety and well-being.  Based on this assessment, they recommend modification and intervention strategies that improve the fit between the person and his or her environment.","Source: The Guide to Occupational Therapy Practice, 2nd edition. Bethesda: American Occupational Therapy Association, 2007. [7/1/2008: new]  Additional Resources: The American Occupational Therapy Association (AOTA) does offer voluntary specialty certification for an Environmental Modification Occupational Therapist if the applicant meets the following requirements: <ul> <li>Professional or technical degree or equivalent in occupational therapy.  <li>Certified or licensed by and in good standing with an AOTA recognized credentialing or regulatory body.  <li>Minimum of 2,000 hours of experience as an occupational therapist or occupational therapy assistant.  <li>600 hours of experience delivering occupational therapy services in the certification area to clients (individuals, groups, or populations) in the last 3 calendar years. Service delivery may be paid or voluntary.  <li>Verification of employment. </ul>AOTA Fact Sheets: Home Modifications",Environmental Modification Occupational Therapist,Individual
225XE1200X,"Respiratory, Developmental, Rehabilitative and Restorative Service Providers",Occupational Therapist,Ergonomics,Definition to come...,,Ergonomics Occupational Therapist,Individual
225XF0002X,"Respiratory, Developmental, Rehabilitative and Restorative Service Providers",Occupational Therapist,"Feeding, Eating & Swallowing","Occupational therapists provide interventions to clients of all ages with feeding, eating and swallowing difficulties.  Occupational therapists provide comprehensive rehabilitative, habilitative, and palliative dysphagia care, which includes collaborating with clients to provide individualized compensatory swallowing strategies, modified diet textures, adapted mealtime environments, enhanced feeding skills, preparatory exercises and positioning to clients, reinforcement of mealtime strategies to enhance and improve swallowing skills, and training to caregivers to enhance eating and feeding performance.  Occupational therapists provide screening and in-depth clinical assessment which may include instrumental dysphagia assessments including videofluroscopy.","Source: The Guide to Occupational Therapy Practice, 2nd edition. Bethesda: American Occupational Therapy Association, 2007. [7/1/2008: new]  Additional Resources: The American Occupational Therapy Association (AOTA) does offer voluntary specialty certification for a Feeding, Eating & Swallowing Occupational Therapist if the applicant meets the following requirements: <ul> <li>Professional or technical degree or equivalent in occupational therapy.  <li>Certified or licensed by and in good standing with an AOTA recognized credentialing or regulatory body.  <li>Minimum of 2,000 hours of experience as an occupational therapist or occupational therapy assistant.  <li>600 hours of experience delivering occupational therapy services in the certification area to clients (individuals, groups, or populations) in the last 3 calendar years. Service delivery may be paid or voluntary.  <li>Verification of employment. </ul>AOTA Specialized Knowledge and Skills Paper: Feeding, Eating and Swallowing in Occupational Therapy Practice, 2007; AOTA Fact Sheets: OT: A Vital Role in Dysphagia Care","Feeding, Eating & Swallowing Occupational Therapist",Individual
225XG0600X,"Respiratory, Developmental, Rehabilitative and Restorative Service Providers",Occupational Therapist,Gerontology,"Occupational therapists work with older adults in virtually every setting: assisted living, wellness programs, hospitals, nursing homes, senior centers, clinics and in the home. Occupational therapists bring an understanding of the importance of participation and occupation for overall well-being to those who are experiencing disabling conditions related to aging. The primary overarching goal of occupational therapy services with this population is to maximize independence and participation, thereby enabling an older person to continue to live successfully in his or her chosen environment. Occupational therapists can help older adults by developing strategies to help or maintain safety and well-being, to assist with life transitions, and to compensate for challenges they experience in activities of daily living, instrumental activities of daily living, leisure participation, social participation, and productive activities.","Source: The Guide to Occupational Therapy Practice, 2nd edition. Bethesda: American Occupational Therapy Association, 2007. [7/1/2008: new]  Additional Resources: The American Occupational Therapy Association (AOTA) does offer voluntary board certification for a Gerontology Occupational Therapist if the applicant meets the following requirements: <ul> <li>Professional degree or equivalent in occupational therapy.  <li>Certified or licensed by and in good standing with an AOTA recognized credentialing or regulatory body.  <li>Minimum of 5 years of practice as an occupational therapist.  <li>Minimum of 5,000 hours of experience as an occupational therapist in the certification area in the last 7 calendar years.  <li>Minimum of 500 hours of experience delivering occupational therapy services in the certification area to clients (individuals, groups, or populations) in the last 5 calendar years. Service delivery may be paid or voluntary.  <li>Verification of employment. </ul>AOTA Fact Sheets: Senior Center and Assisted Living Facilities",Gerontology Occupational Therapist,Individual
225XH1200X,"Respiratory, Developmental, Rehabilitative and Restorative Service Providers",Occupational Therapist,Hand,Definition to come...,,Hand Occupational Therapist,Individual
225XH1300X,"Respiratory, Developmental, Rehabilitative and Restorative Service Providers",Occupational Therapist,Human Factors,Definition to come...,,Human Factors Occupational Therapist,Individual
225XL0004X,"Respiratory, Developmental, Rehabilitative and Restorative Service Providers",Occupational Therapist,Low Vision,"Occupational therapists enable children and adults with visual impairment to engage in their chosen daily living activities safely and as independently as possible.  This is accomplished by 1) teaching the person to use their remaining vision as efficiently as possible to complete activities; (2) modifying activities so that they can be completed with less vision; (3) training the person in use of adaptive equipment to compensate for vision loss, including high and low technology assistive devices; and (4) modifying the person's environment.","Source: The Guide to Occupational Therapy Practice, 2nd edition. Bethesda: American Occupational Therapy Association, 2007. [7/1/2008: new]  Additional Resources: The American Occupational Therapy Association (AOTA) does offer voluntary specialty certification for a Low Vision Occupational Therapist if the applicant meets the following requirements: <ul> <li>Professional or technical degree or equivalent in occupational therapy.  <li>Certified or licensed by and in good standing with an AOTA recognized credentialing or regulatory body.  <li>Minimum of 2,000 hours of experience as an occupational therapist or occupational therapy assistant.  <li>600 hours of experience delivering occupational therapy services in the certification area to clients (individuals, groups, or populations) in the last 3 calendar years. Service delivery may be paid or voluntary.  <li>Verification of employment. </ul>AOTA Fact Sheets: Low Vision; OT Services for Individuals with Visual Impairments",Low Vision Occupational Therapist,Individual
225XM0800X,"Respiratory, Developmental, Rehabilitative and Restorative Service Providers",Occupational Therapist,Mental Health,"Occupational therapists provide treatment for people recovering from a mental or physical illness to regain their independence and stability and to engage in normal daily occupations (work, home, family life, school, leisure).  Occupational therapists provide particular emphasis on interventions that result in improved quality of life and decrease hospitalization.","Source: The Guide to Occupational Therapy Practice, 2nd edition. Bethesda: American Occupational Therapy Association, 2007. [7/1/2008: new]  Additional Resources: The American Occupational Therapy Association (AOTA) does offer voluntary board certification for a Mental Health Occupational Therapist if the applicant meets the following requirements: <ul> <li>Professional degree or equivalent in occupational therapy.  <li>Certified or licensed by and in good standing with an AOTA recognized credentialing or regulatory body.  <li>Minimum of 5 years of practice as an occupational therapist.  <li>Minimum of 5,000 hours of experience as an occupational therapist in the certification area in the last 7 calendar years.  <li>Minimum of 500 hours of experience delivering occupational therapy services in the certification area to clients (individuals, groups, or populations) in the last 5 calendar years. Service delivery may be paid or voluntary.  <li>Verification of employment. </ul>AOTA Fact Sheets: Partial Hospitalization Programs and Consumer",Mental Health Occupational Therapist,Individual
225XN1300X,"Respiratory, Developmental, Rehabilitative and Restorative Service Providers",Occupational Therapist,Neurorehabilitation,Definition to come...,,Neurorehabilitation Occupational Therapist,Individual
225XP0200X,"Respiratory, Developmental, Rehabilitative and Restorative Service Providers",Occupational Therapist,Pediatrics,"Occupational therapists provide services to infants, toddlers and children who have or who are at risk for developmental delays or disabilities. Occupational therapy is concerned with a child's ability to participate in daily life activities or ""occupations.""  Occupational therapists use their unique expertise to help children with social-emotional, physical, cognitive, communication, and adaptive behavioral challenges and to help children to be prepared for and perform important learning and school-related activities and to fulfill their rule as students.  Through an understanding of the impact of disability, illness, and impairment on a child's development, plan, ability to learn new skills, and overall occupational performance, occupational therapists design interventions that promote healthy development, establish needed skills, and/or modify environments, all in support of participation in daily activities.","Source: The Guide to Occupational Therapy Practice, 2nd edition. Bethesda: American Occupational Therapy Association, 2007. [7/1/2008: new]   Additional Resources: The American Occupational Therapy Association (AOTA) does offer voluntary board certification for a Pediatric Occupational Therapist if the applicant meets the following requirements: <ul> <li>Professional degree or equivalent in occupational therapy.  <li>Certified or licensed by and in good standing with an AOTA recognized credentialing or regulatory body.  <li>Minimum of 5 years of practice as an occupational therapist.  <li>Minimum of 5,000 hours of experience as an occupational therapist in the certification area in the last 7 calendar years.  <li>Minimum of 500 hours of experience delivering occupational therapy services in the certification area to clients (individuals, groups, or populations) in the last 5 calendar years. Service delivery may be paid or voluntary.  <li>Verification of employment. </ul> AOTA Specialized Knowledge and Skills Paper: Occupational Therapy Practice in the Neonatal Intensive Care Unity (2006); AOTA Fact Sheets: Children and the Tsunami, OT for Children Birth to 3 Years of Age, OT's Role with Autism, OT in Educational Settings Under the Individuals with Disabilities Education Act, Transforming Caseload to Workload in School Based and Early Intervention OT Services, OT in Preschool Settings.",Pediatric Occupational Therapist,Individual
225XP0019X,"Respiratory, Developmental, Rehabilitative and Restorative Service Providers",Occupational Therapist,Physical Rehabilitation,"Occupational therapists are experts at helping people lead as independent a life as possible.  Occupational therapists bring an understanding of the physical and psychological implications of illness and injury and their effects on peoples' ability to perform the tasks of daily living.  Occupational therapists provide interventions that can aide a person in completing ADL and IADL tasks, such as dressing, bathing, preparing meals, and driving.  They also may fabricate custom orthotics to improve function, evaluate the environment for safety hazards and recommend adaptations to remove those hazards, help a person compensate for cognitive changes, and build a persons' physical endurance and strength. Occupational therapists' knowledge of adapting tasks and modifying the environment to compensate for functional limitations is used to increase the involvement of clients and to promote safety and success.","Source: The Guide to Occupational Therapy Practice, 2nd edition. Bethesda: American Occupational Therapy Association, 2007. [7/1/2008: new]  Additional Resources: The American Occupational Therapy Association (AOTA) does offer voluntary board certification for a Physical Rehabilitation Occupational Therapist if the applicant meets the following requirements: <ul> <li>Professional degree or equivalent in occupational therapy.  <li>Certified or licensed by and in good standing with an AOTA recognized credentialing or regulatory body.  <li>Minimum of 5 years of practice as an occupational therapist.  <li>Minimum of 5,000 hours of experience as an occupational therapist in the certification area in the last 7 calendar years.  <li>Minimum of 500 hours of experience delivering occupational therapy services in the certification area to clients (individuals, groups, or populations) in the last 5 calendar years. Service delivery may be paid or voluntary.  <li>Verification of employment. </ul>AOTA Consumer Tip Sheets: Stroke, Hip",Physical Rehabilitation Occupational Therapist,Individual
224Z00000X,"Respiratory, Developmental, Rehabilitative and Restorative Service Providers",Occupational Therapy Assistant,,"An occupational therapy assistant is a person who has graduated from an occupational therapy assistant program accredited by the Accreditation Council for Occupational Therapy Education (ACOTE) or predecessor organizations, has successfully completed a period of supervised fieldwork experience required by the accredited occupational therapy assistant program, has passed a nationally recognized entry-level examination for occupational therapy assistants, and fulfills state requirements for licensure, certification, or registration. An occupational therapy assistant provides interventions under the supervision of an occupational therapist which emphasize the therapeutic use of everyday life activities (i.e., occupations) with individuals or groups for the purpose of facilitating participation in roles and situations and in home, school, workplace, community and other settings. Occupational therapy services are provided for the purpose of promoting health and wellness and are provided to those who have or are at risk for developing an illness, injury, disease, disorder, condition, impairment, disability, activity limitation, or participation restriction. Occupational therapy assistants address the physical, cognitive, psychosocial, sensory, and other aspects of occupational performance in a variety of contexts to support engagement in everyday life activities that affect health, well-being, and quality of life.","Source: The Guide to Occupational Therapy Practice, 2nd edition. Bethesda: American Occupational Therapy Association, 2007. [7/1/2008: definition changed, source changed]",Occupational Therapy Assistant,Individual
224ZR0403X,"Respiratory, Developmental, Rehabilitative and Restorative Service Providers",Occupational Therapy Assistant,Driving and Community Mobility,"Occupational therapy assistants contribute to the completion of an individualized occupational therapy driving and community mobility evaluation by administering delegated assessments and identifying findings that impact the client's occupational performance. Clients engage in the assessment and occupational profile process to customize the evaluation to their individual driving and community mobility needs.  Occupational therapy assistants administer and continuously modify individualized in-vehicle and community mobility assessments within the naturalistic context of the community in response to the occupational performance and safety behaviors of the client.  They also implement an individualized intervention plan, within the parameters established in collaboration with the occupational therapist that reflects the contexts of the client and meets his or her occupational performance and safety needs.  Occupational therapy assistants address immediate and long-term implications of psychosocial issues related to compromised driving and community mobility throughout the occupational therapy process and makes recommendations to the occupational therapist for modification to service delivery.","Source: The Guide to Occupational Therapy Practice, 2nd edition. Bethesda: American Occupational Therapy Association, 2007. [7/1/2008: new]  Additional Resources: The American Occupational Therapy Association (AOTA) does offer voluntary specialty certification for a Driving & Community Mobility Occupational Therapy Assistant if the applicant meets the following requirements: <ul> <li>Professional or technical degree or equivalent in occupational therapy.  <li>Certified or licensed by and in good standing with an AOTA recognized credentialing or regulatory body.  <li>Minimum of 2,000 hours of experience as an occupational therapist or occupational therapy assistant.  <li>600 hours of experience delivering occupational therapy services in the certification area to clients (individuals, groups, or populations) in the last 3 calendar years. Service delivery may be paid or voluntary.  <li>Verification of employment. </ul>AOTA Fact Sheets: Older Driver; AOTA Website: Specialty Certification",Driving and Community Mobility Occupational Therapy Assistant,Individual
224ZE0001X,"Respiratory, Developmental, Rehabilitative and Restorative Service Providers",Occupational Therapy Assistant,Environmental Modification,"Occupational therapy assistants provide environmental modifications under the supervision of an occupational therapist.  OTAs develop and implement an individualized occupational therapy environmental modification plan that reflects the relevant contexts of the client and relevant others and maximizes current and future occupational performance, safety, and participation of the client. Clients receive environmental modification recommendations and interventions that enable them to meet occupational performance and participation goals and that have adequate flexibility to accommodate for their future needs.","Source: The Guide to Occupational Therapy Practice, 2nd edition. Bethesda: American Occupational Therapy Association, 2007. [7/1/2008: new]  Additional Resources: The American Occupational Therapy Association (AOTA) does offer voluntary specialty certification for an Environmental Modification Occupational Therapy Assistant if the applicant meets the following requirements: <ul> <li>Professional or technical degree or equivalent in occupational therapy.  <li>Certified or licensed by and in good standing with an AOTA recognized credentialing or regulatory body.  <li>Minimum of 2,000 hours of experience as an occupational therapist or occupational therapy assistant.  <li>600 hours of experience delivering occupational therapy services in the certification area to clients (individuals, groups, or populations) in the last 3 calendar years. Service delivery may be paid or voluntary.  <li>Verification of employment. </ul>Fact Sheet: Home Modifications and OT,  AOTA Website: Specialty Certifications",Environmental Modification Occupational Therapy Assistant,Individual
224ZF0002X,"Respiratory, Developmental, Rehabilitative and Restorative Service Providers",Occupational Therapy Assistant,"Feeding, Eating & Swallowing","Occupational therapy assistants provide environmental modifications under the supervision of an occupational therapist.  OTAs develop and implement an individualized occupational therapy environmental modification plan that reflects the relevant contexts of the client and relevant others and maximizes current and future occupational performance, safety, and participation of the client. Clients receive environmental modification recommendations and interventions that enable them to meet occupational performance and participation goals and that have adequate flexibility to accommodate for their future needs.","Source: The Guide to Occupational Therapy Practice, 2nd edition. Bethesda: American Occupational Therapy Association, 2007. [7/1/2008: new]  Additional Resources: The American Occupational Therapy Association (AOTA) does offer voluntary specialty certification for a Feeding, Eating & Swallowing Occupational Therapy Assistant if the applicant meets the following requirements: <ul> <li>Professional or technical degree or equivalent in occupational therapy.  <li>Certified or licensed by and in good standing with an AOTA recognized credentialing or regulatory body.  <li>Minimum of 2,000 hours of experience as an occupational therapist or occupational therapy assistant.  <li>600 hours of experience delivering occupational therapy services in the certification area to clients (individuals, groups, or populations) in the last 3 calendar years. Service delivery may be paid or voluntary.  <li>Verification of employment. </ul>AOTA Website: Specialty Certifications; AOTA Specialized Knowledge and Skills Paper: Feeding, Eating and Swallowing in Occupational Therapy Practice, 2007; AOTA Fact Sheets: OT: A Vital Role in Dysphagia Care","Feeding, Eating & Swallowing Occupational Therapy Assistant",Individual
224ZL0004X,"Respiratory, Developmental, Rehabilitative and Restorative Service Providers",Occupational Therapy Assistant,Low Vision,"Occupational therapy assistants contribute to the completion of an individualized occupational therapy low-vision evaluation under the direction and supervision of the occupational therapist to identify factors that may facilitate, compensate for, or inhibit use of vision in occupational performance.  Clients are engaged in the identification of strengths, limitations, and goals as they relate to low vision to optimize independence and participation in desired occupations.  Occupational therapy assistants also contribute to the development and implementation of an individualized occupational therapy low-vision intervention plan in collaboration with the occupational therapist, client, and relevant others that reflects the client's priorities for occupational performance.","Source: The Guide to Occupational Therapy Practice, 2nd edition. Bethesda: American Occupational Therapy Association, 2007. [7/1/2008: new]  Additional Resources: The American Occupational Therapy Association (AOTA) does offer voluntary specialty certification for a Low Vision Occupational Therapy Assistant if the applicant meets the following requirements: <ul> <li>Professional or technical degree or equivalent in occupational therapy.  <li>Certified or licensed by and in good standing with an AOTA recognized credentialing or regulatory body.  <li>Minimum of 2,000 hours of experience as an occupational therapist or occupational therapy assistant.  <li>600 hours of experience delivering occupational therapy services in the certification area to clients (individuals, groups, or populations) in the last 3 calendar years. Service delivery may be paid or voluntary.  <li>Verification of employment. </ul>AOTA Fact Sheets: Low Vision; OT Services for Individuals with Visual Impairments",Low Vision Occupational Therapy Assistant,Individual
225000000X,"Respiratory, Developmental, Rehabilitative and Restorative Service Providers",Orthotic Fitter,,An individual trained in the management of fitting prefabricated orthoses.,"Source:  National Uniform Claim Committee [1/1/2011: title modified, definition modfied]  Additional Resources:  American Board for Certification in Orthotics, Prosthetics and Pedorthics, Inc., www.abcop.org and Board of Certification/Accreditation, International, www.bocusa.org.",Orthotic Fitter,Individual
222Z00000X,"Respiratory, Developmental, Rehabilitative and Restorative Service Providers",Orthotist,,"A health care professional who is specifically educated and trained to manage comprehensive orthotic patient care, including musculoskeletal and neuromuscular anomalies resulting from injuries or disease processes involving the lower extremity, upper extremity or spinal segment/s and positional deformation of the cranium. Orthotists assess specific patient needs, formulate an appropriate treatment plan, implement the treatment plan and provide follow-up care.","Source:  American Board for Certification in Orthotics, Prosthetics, and Pedorthics, Inc. [7/1/2010: modified, 7/1/2013: modified]  Additional Resources:  American Board for Certification in Orthotics, Prosthetics and Pedorthics, Inc., www.abcop.org and Board of Certification/Accreditation, International, www.bocusa.org.",Orthotist,Individual
224L00000X,"Respiratory, Developmental, Rehabilitative and Restorative Service Providers",Pedorthist,,"An individual who is trained in the management and treatment of conditions of the foot, ankle, and lower extremities requiring fitting, fabricating, and adjusting of pedorthic devices.","Source: National Uniform Claim Committee [7/1/2010: new]  Additional Resources:  American Board for Certification in Orthotics, Prosthetics and Pedorthics, Inc., www.abcop.org and Board of Certification/Accreditation, International, www.bocusa.org.",Pedorthist,Individual
225100000X,"Respiratory, Developmental, Rehabilitative and Restorative Service Providers",Physical Therapist,,"Physical therapists (PTs) are licensed health care professionals who diagnose and treat individuals of all ages, from newborns to the very oldest, who have medical problems or other health-related conditions that limit their abilities to move and perform functional activities in their daily lives. PTs examine each individual and develop a plan using treatment techniques to promote the ability to move, reduce pain, restore function, and prevent disability. In addition, PTs work with individuals to prevent the loss of mobility before it occurs by developing fitness- and wellness-oriented programs for healthier and more active lifestyles. PTs: 1.Diagnose and manage movement dysfunction and enhance physical and functional abilities. 2.Restore, maintain, and promote not only optimal physical function but optimal wellness and fitness and optimal quality of life as it relates to movement and health. 3.Prevent the onset, symptoms, and progression of impairments, functional limitations, and disabilities that may result from diseases, disorders, conditions, or injuries. 4.Treat conditions of the musculoskeletal, neuromuscular, cardiovascular, pulmonary, and/or integumentary systems. 5.Address the negative effects attributable to unique personal and environmental factors as they relate to human performance. 6.PTs provide care for people in a variety of settings, including hospitals, private practices, outpatient clinics, home health agencies, schools, sports and fitness facilities, work settings, and nursing homes. State licensure is required in each state in which a PT practices.",Source: American Physical Therapy Association [1/1/2020: definition modified]  Additional resources: https://www.apta.org/PTCareers/RoleofaPT/,Physical Therapist,Individual
2251C2600X,"Respiratory, Developmental, Rehabilitative and Restorative Service Providers",Physical Therapist,Cardiopulmonary,"A licensed physical therapist, including but not limited to an individual who is a Board Certified Specialist in Cardiovascular & Pulmonary Physical Therapy, who has demonstrated specialized knowledge and skill in cardiovascular and pulmonary anatomy and physiology medicine, rehabilitation, critical care, and emergency and trauma.",Source: American Physical Therapy Association [1/1/2020: definition added]  Additional resources: http://www.abpts.org/uploadedFiles/ABPTSorg/Specialist_Certification/DSP/DSP-Cardio.pdf,Cardiopulmonary Physical Therapist,Individual
2251E1300X,"Respiratory, Developmental, Rehabilitative and Restorative Service Providers",Physical Therapist,"Electrophysiology, Clinical","A licensed physical therapist, including but not limited to an individual who is a Board Certified Specialist in Clinical Electrophysiologic Physical Therapy, who has demonstrated specialized knowledge and skill in electrophysiologic examinations and evaluations and encompasses both the professional and technical components of the observation, recording, analysis, and interpretation of bioelectric muscle and nerve potentials, detected by means of surface or needle electrodes, for the purpose of evaluating the integrity of the neuromuscular system. Electrophysiologic evaluations include, but are not limited to, electrodiagnostic testing, which includes clinical needle electromyography, motor and sensory nerve conduction studies, and other evoked potential procedures.",Source: American Physical Therapy Association [1/1/2020: definition added]  Additional Resources: https://www.apta.org/apta-and-you/leadership-and-governance/policies/electrophysiologic-examination-evaluation ; http://www.abpts.org/Certification/ClinicalElectrophysiology/,Clinical Electrophysiology Physical Therapist,Individual
2251E1200X,"Respiratory, Developmental, Rehabilitative and Restorative Service Providers",Physical Therapist,Ergonomics,"A licensed physical therapist who has demonstrated specialized knowledge and skills pertaining to the workplace, occupational demands, prevention of work-related injury, management of the worker with job-related symptoms or participation restrictions, and provides individual, group or population level evaluation, intervention and consulting to enhance worker performance.",Source: American Physical Therapy Association [1/1/2020: definition added]  Additional Resources: www.apta.org,Ergonomics Physical Therapist,Individual
2251G0304X,"Respiratory, Developmental, Rehabilitative and Restorative Service Providers",Physical Therapist,Geriatrics,"A licensed physical therapist, including but not limited to an individual who is a Board Certified Specialist in Geriatric Physical Therapy, who has demonstrated specialized knowledge and skill in the comprehensive biopsychosocial assessment and evidence-based management of movement in aging adults. This includes, but is not limited to, specialized knowledge in and consideration of normal age-related changes and pathological manifestations across all systems; cognition and mental health; polypharmacy; fall risk mitigation; bone health; healthy and active aging, and socioeconomic and health policy issues affecting aging adults. The geriatric physical therapist is an integral part of the interdisciplinary geriatric team and serves as an advocate for the highest level of well-being for the older adult.",Source: American Physical Therapy Association [1/1/2020: definition added]  Additional resources: www.apta.org,Geriatric Physical Therapist,Individual
2251H1200X,"Respiratory, Developmental, Rehabilitative and Restorative Service Providers",Physical Therapist,Hand,Definition to come...,,Hand Physical Therapist,Individual
2251H1300X,"Respiratory, Developmental, Rehabilitative and Restorative Service Providers",Physical Therapist,Human Factors,Definition to come...,,Human Factors Physical Therapist,Individual
2251N0400X,"Respiratory, Developmental, Rehabilitative and Restorative Service Providers",Physical Therapist,Neurology,"A licensed physical therapist, including but not limited to an individual who is a Board Certified Specialist in Neurologic Physical Therapy, who has demonstrated specialized knowledge and skill in neuroanatomy and neurophysiology, including knowledge of central, peripheral, and autonomic nervous systems in populations with and without neurologic conditions; motor control and movement sciences in populations with and without neurologic conditions; behavioral sciences, including psychology and neuropsychology, and psychiatry; and medical management and pharmacology.",Source: American Physical Therapy Association [1/1/2020: definition added]  Additional resources: http://www.abpts.org/uploadedFiles/ABPTSorg/Specialist_Certification/DSP/DSP-Neurology.pdf,Neurology Physical Therapist,Individual
2251X0800X,"Respiratory, Developmental, Rehabilitative and Restorative Service Providers",Physical Therapist,Orthopedic,"A licensed physical therapist, including but not limited to an individual who is a Board Certified Specialist in Orthopaedic Physical Therapy, who has demonstrated specialized knowledge and skill in human anatomy and physiology, movement science; pathology/pathophysiology, pain science, medical and surgical considerations, orthopaedic physical therapy theory and practice, and critical inquiry for evidence-based practice.",Source: American Physical Therapy Association [1/1/2020: definition added]  Additional resources: http://www.abpts.org/uploadedFiles/ABPTSorg/Specialist_Certification/DSP/DSP-Orthopaedics.pdf,Orthopedic Physical Therapist,Individual
2251P0200X,"Respiratory, Developmental, Rehabilitative and Restorative Service Providers",Physical Therapist,Pediatrics,"A licensed physical therapist, including but not limited to an individual who is a Board Certified Specialist in Pediatric Physical Therapy, who has demonstrated specialized knowledge and skill in anatomy, histology, including embryonic development, genetics, biomechanics, neurological function, neuroscience, and pathology, behavioral sciences, and understanding of diseases or conditions that necessitate physical therapy care, that affect systems that in turn necessitate physical therapy care (comorbidities), and that influence the type of intervention that can be given.",Source: American Physical Therapy Association [1/1/2020: definition added]  Additional resources: http://www.abpts.org/uploadedFiles/ABPTSorg/Specialist_Certification/DSP/DSP-Pediatrics.pdf,Pediatric Physical Therapist,Individual
2251S0007X,"Respiratory, Developmental, Rehabilitative and Restorative Service Providers",Physical Therapist,Sports,"A licensed physical therapist, including but not limited to an individual who is a Board Certified Specialist in Sports Physical Therapy, who has demonstrated specialized knowledge and skill in human anatomy and physiology, movement science, pathology and pathophysiology, medical and surgical intervention, and health and wellness, as well as rehabilitation/return to sports, management of acute injury/illness, medical and surgical consideration, injury prevention, and sports performance enhancement.",Source: American Physical Therapy Association [1/1/2020: definition added]  Additional resources: http://www.abpts.org/uploadedFiles/ABPTSorg/Specialist_Certification/DSP/DSP-Sports.pdf,Sports Physical Therapist,Individual
225200000X,"Respiratory, Developmental, Rehabilitative and Restorative Service Providers",Physical Therapy Assistant,,"(1)Physical therapist assistants are skilled health care providers who are graduates of a physical therapist assistant associate degree program accredited by an agency recognized by the Secretary of the U.S. Department of Education or Council on Postsecondary Accreditation, who assists the physical therapist in providing physical therapy. The supervising physical therapist is directly responsible for the actions of the physical therapist assistant. The PTA performs physical therapy procedures and related tasks that have been selected and delegated by the supervising physical therapist. Duties of the PTA include assisting the physical therapist in implementing treatment programs, training patients in exercised and activities of daily living, conducting treatments, and reporting to the physical therapist on the patient's responses. In addition to direct patient care, the PTA may also perform such functions as patient transport, and clinic or equipment preparation and maintenance. Currently more than half of all states require PTAs to be licensed, registered or certified. (2) An individual who works under the supervision of a physical therapist to assist him or her in providing physical therapy services. A physical therapy assistant may, for instance, help patients follow an appropriate exercise program that will increase their strength, endurance, coordination, and range of motion and train patients to perform activities of daily life.","Source: (1) American Physical Therapy Association, P.O. Box 37257, Washington, D.C. 20013. (2) Lexikon: Dictionary of Health Care Terms, Organizations and Acronyms for the Era of Reform, Joint Commission on Accreditation of Healthcare Organizations, Oakbrook Terrace, IL: 1994, p. 612",Physical Therapy Assistant,Individual
224P00000X,"Respiratory, Developmental, Rehabilitative and Restorative Service Providers",Prosthetist,,"A health care professional who is specifically educated and trained to manage comprehensive prosthetic patient care for individuals who have sustained complete or partial limb loss or absence. Prosthetists assess specific patient needs, formulate an appropriate treatment plan, implement the treatment plan and provide follow-up care.","Source:  American Board for Certification in Orthotics, Prosthetics, and Pedorthics, Inc. [7/1/2010: modified, 7/1/2013: modified]  Additional Resources:  American Board for Certification in Orthotics, Prosthetics and Pedorthics, Inc., www.abcop.org and Board of Certification/Accreditation, International, www.bocusa.org.",Prosthetist,Individual
225B00000X,"Respiratory, Developmental, Rehabilitative and Restorative Service Providers",Pulmonary Function Technologist,,"An individual who is trained and qualified to perform pulmonary diagnostic tests.  In the course of conducting these tests, the Pulmonary Function Technologist is able to setup, calibrate, maintain, and ensure the quality assurance of the pulmonary function testing equipment.  In the laboratory, clinical or patient care setting the technologist instructs patients, elicits cooperation, performs procedures, monitors patient response, and evaluates patient performance.  Tests results are calculated, compared with predicted normal ranges, and evaluated for reliability.  The technologist collects clinical history data and evaluates the clinical implications of the test results.",,Pulmonary Function Technologist,Individual
225800000X,"Respiratory, Developmental, Rehabilitative and Restorative Service Providers",Recreation Therapist,,"A recreation therapist uses recreational activities for intervention in some physical, social or emotional behavior to bring about a desired change in that behavior and promote the growth and development of the patient.","Source: Joel A. DeLisa and Bruce M. Gans, Rehabilitation Medicine: Principles and Practice Second Edition, J.B. Lippincott Company, Philadelphia: 1993, p. 7",Recreation Therapist,Individual
226000000X,"Respiratory, Developmental, Rehabilitative and Restorative Service Providers",Recreational Therapist Assistant,,"Recreational Therapist Assistants work in support of or assistant to Recreational Therapists treating patients with disabilities, injuries, and illnesses.  Recreational Therapist Assistants work in a variety of settings providing treatments using recreational activities, including games, sports, and crafts.","Source:  National Uniform Claim Committee, 2015   [1/1/2016: new]",Recreational Therapist Assistant,Individual
225C00000X,"Respiratory, Developmental, Rehabilitative and Restorative Service Providers",Rehabilitation Counselor,,"An individual trained and educated in a systematic process of assisting persons with physical, mental, developmental, cognitive, and emotional disabilities to achieve their personal, career, and independent living goals assessment and appraisal, diagnosis and treatment planning, career (vocational) counseling, individual and group counseling interventions for adjustments to the medical and psychosocial impact of disability, case management, program evaluation and research, job analysis and placement counseling, and consultation on rehabilitation resources and technology. Certification generally requires a Master's degree with specialized courses in rehabilitation processes and technology.","Sources: Commission on Rehabilitation Counselor Certification and Rhea, Ott, and Shafritz, The Facts On File Dictionary of Health Care Management, New York: Facts On File Publications, 1988.",Rehabilitation Counselor,Individual
225CA2400X,"Respiratory, Developmental, Rehabilitative and Restorative Service Providers",Rehabilitation Counselor,Assistive Technology Practitioner,Definition to come...,,Assistive Technology Practitioner Rehabilitation Counselor,Individual
225CA2500X,"Respiratory, Developmental, Rehabilitative and Restorative Service Providers",Rehabilitation Counselor,Assistive Technology Supplier,Definition to come...,,Assistive Technology Supplier Rehabilitation Counselor,Individual
225CX0006X,"Respiratory, Developmental, Rehabilitative and Restorative Service Providers",Rehabilitation Counselor,Orientation and Mobility Training Provider,"Orientation and Mobility (O&M) specialists teach children and adults who have visual impairments the specific orientation skills used to find one's way in the environment and the mobility skills needed to travel safely and efficiently at home, school, work, and in the community. Instruction is usually provided one-on-one and can include skills such as how to use a long cane, the operation of low vision devices and electronic travel aids when appropriate, how to orient oneself to new environments, navigate public transportation systems, how to cross streets safely, and traveling by using hearing, remaining vision, and other senses.  In addition, O&M Specialists help children to develop fundamental skills such as fine and gross motor skills, concept development and problem solving skills. Adult clients can also benefit from an O&M specialist evaluating their current use of travel-related skills, discussing their future goals, and helping them select a program of instruction that will allow them to reach their greatest travel potential.",Source:  San Francisco State University Orientation and Mobility Program web site http://online.sfsu.edu/~mobility/ [7/1/2006: new],Orientation and Mobility Training Rehabilitation Counselor,Individual
225400000X,"Respiratory, Developmental, Rehabilitative and Restorative Service Providers",Rehabilitation Practitioner,,A health care practitioner who trains or retrains individuals disabled by disease or injury to help them attain their maximum functional capacity.,,Rehabilitation Practitioner,Individual
227800000X,"Respiratory, Developmental, Rehabilitative and Restorative Service Providers","Respiratory Therapist, Certified",,"A Certified Respiratory Therapist (CRT) is a an entry level therapist who has passed a standardized written examination administered by the National Board for Respiratory Care (NBRC).  CRTs provide diagnostic testing, therapeutics, monitoring, rehabilitation, and education to patients with disorders of the cardiopulmonary system.  They provide these respiratory care services in all health care facilities and in the home.  A CRT is a graduate of an associate degree program approved by the Commission on Accreditation of Allied Health Educational Programs (CAAHEP) and where applicable, is licensed by the state and is practicing within the scope of the license.",,Certified Respiratory Therapist,Individual
2278C0205X,"Respiratory, Developmental, Rehabilitative and Restorative Service Providers","Respiratory Therapist, Certified",Critical Care,"Respiratory emergencies are commonplace in the treatment of critical care patients.  Included in the assessment measurements conducted by the respiratory therapist in the critical care settings are arterial blood gas puncture and analysis, intrarterial monitoring, bedside measurements of lung mechanics, hemodynamic monitoring, and inspired and expired gas measurements.  This is coupled with the initiation and management of mechanical ventilation patients.",,Critical Care Certified Respiratory Therapist,Individual
2278E1000X,"Respiratory, Developmental, Rehabilitative and Restorative Service Providers","Respiratory Therapist, Certified",Educational,"The focus of patient and family education activities is to promote knowledge of disease process, medical therapy, and self help.  Respiratory therapists are uniquely qualified to provide this service in regard to cardiopulmonary diseases and injury.",,Educational Certified Respiratory Therapist,Individual
2278E0002X,"Respiratory, Developmental, Rehabilitative and Restorative Service Providers","Respiratory Therapist, Certified",Emergency Care,"The immediate availability of diagnostic and therapeutic cardiopulmonary services in the assessment and management of trauma victims, patients requiring airway management and others requiring emergency care.",,Emergency Care Certified Respiratory Therapist,Individual
2278G1100X,"Respiratory, Developmental, Rehabilitative and Restorative Service Providers","Respiratory Therapist, Certified",General Care,"This level of care includes diagnostics testing, therapeutics, monitoring, rehabilitation of patients with disorders of the cardiopulmonary system, as well as, education of the patient and family in regard to those disorders.",,General Care Certified Respiratory Therapist,Individual
2278G0305X,"Respiratory, Developmental, Rehabilitative and Restorative Service Providers","Respiratory Therapist, Certified",Geriatric Care,"Care of older patients who have age and/or disease related decremental pulmonary changes.  Diagnosis and treatment is very important for this group since chronic lung disease is the major cause of morbidity and mortality among them.  Furthermore, as this segment of the population increases, life expectancy is being extended.",,Geriatric Care Certified Respiratory Therapist,Individual
2278H0200X,"Respiratory, Developmental, Rehabilitative and Restorative Service Providers","Respiratory Therapist, Certified",Home Health,"Home care fosters individual responsibility for self-management of chronic respiratory conditions.  It includes individualized assessment based plans of care service developed to promote safe, proper, and sustained use of prescribed respiratory therapy medications, equipment, and techniques in the home.",,Home Health Certified Respiratory Therapist,Individual
2278P3900X,"Respiratory, Developmental, Rehabilitative and Restorative Service Providers","Respiratory Therapist, Certified",Neonatal/Pediatrics,"The care and treatment of premature infants, newborns and children.  This includes management of mechanical ventilation, assessment, diagnostics and generalized respiratory treatments.",,Neonatal/Pediatric Certified Respiratory Therapist,Individual
2278P3800X,"Respiratory, Developmental, Rehabilitative and Restorative Service Providers","Respiratory Therapist, Certified",Palliative/Hospice,A coordinated plan of care to help dying patients and their families handle the burden of terminal care.  Effective secretion management and relief of dyspnea are paramount in caring for patients with end-stage pulmonary disease.,,Palliative/Hospice Certified Respiratory Therapist,Individual
2278P4000X,"Respiratory, Developmental, Rehabilitative and Restorative Service Providers","Respiratory Therapist, Certified",Patient Transport,"Transport respiratory therapist provide patient assessment, initiation of treatment modalities and continued monitoring of patient status of the critically ill and injured patients with special attention to advanced airway and ventilator management.  The transport respiratory therapist knowledge and experience with complex neonatal, pediatric and adult patient care issues provides them with an expertise to assist with any patient care issue in a variety of transport modes.",,Patient Transport Certified Respiratory Therapist,Individual
2278P1004X,"Respiratory, Developmental, Rehabilitative and Restorative Service Providers","Respiratory Therapist, Certified",Pulmonary Diagnostics,"Included in the area of pulmonary diagnostics are the following; collection and analysis of physiological specimens, interpretation of physiological data, administration of tests of the cardiopulmonary system, and the conduct of both neurophysiological and sleep disorders studies.",,Pulmonary Diagnostics Certified Respiratory Therapist,Individual
2278P1006X,"Respiratory, Developmental, Rehabilitative and Restorative Service Providers","Respiratory Therapist, Certified",Pulmonary Function Technologist,"An individual who is trained and qualified to perform pulmonary diagnostic tests.  In the course of conducting these tests, the Pulmonary Function Technologist is able to setup, calibrate, maintain, and ensure the quality assurance of the pulmonary function testing equipment.  In the laboratory, clinical or patient care setting the technologist instructs patients, elicits cooperation, performs procedures, monitors patient response, and evaluates patient performance.  Tests results are calculated, compared with predicted normal ranges, and evaluated for reliability.  The technologist collects clinical history data and evaluates the clinical implications of the test results.",,Pulmonary Function Technologist Certified Respiratory Therapist,Individual
2278P1005X,"Respiratory, Developmental, Rehabilitative and Restorative Service Providers","Respiratory Therapist, Certified",Pulmonary Rehabilitation,"The respiratory therapist can assist the chronic pulmonary patient in returning to an optimal role in society by providing an effective program.  It includes bronchopulmonary drainage, exercise therapy, and patient education.",,Pulmonary Rehabilitation Certified Respiratory Therapist,Individual
2278S1500X,"Respiratory, Developmental, Rehabilitative and Restorative Service Providers","Respiratory Therapist, Certified",SNF/Subacute Care,Care of residents in a long-term care environment.  Respiratory modalities delivered include those similar in the general care and critical care areas but provided to less critical patients.,,SNF/Subacute Care Certified Respiratory Therapist,Individual
227900000X,"Respiratory, Developmental, Rehabilitative and Restorative Service Providers","Respiratory Therapist, Registered",,"A Registered Respiratory Therapist (RRT) is an advanced therapist who has passed standardized written and clinical simulation examinations administered by the National Board for Respiratory Care (NBRC).  In addition, to the certified therapist (CRT) entry level skills, RRTs have advanced education and training in patient assessment, in the development and modification of patient care plans, and in assuring the appropriate utilization of respiratory care resources.  An RRT is a graduate of an associate or baccalaureate degree producing educational programs approved by the Commission on Accreditation of Allied Health Education Programs (CAAHEP) and where applicable, is licensed by the state and is practicing within the scope of that license.",,Registered Respiratory Therapist,Individual
2279C0205X,"Respiratory, Developmental, Rehabilitative and Restorative Service Providers","Respiratory Therapist, Registered",Critical Care,"Respiratory emergencies are commonplace in the treatment of critical care patients.  Included in the assessment measurements conducted by the respiratory therapist in the critical care settings are arterial blood gas puncture and analysis, intrarterial monitoring, bedside measurements of lung mechanics, hemodynamic monitoring, and inspired and expired gas measurements.  This is coupled with the initiation and management of mechanical ventilation patients.",,Critical Care Registered Respiratory Therapist,Individual
2279E1000X,"Respiratory, Developmental, Rehabilitative and Restorative Service Providers","Respiratory Therapist, Registered",Educational,"The focus of patient and family education activities is to promote knowledge of disease process, medical therapy, and self help.  Respiratory therapists are uniquely qualified to provide this service in regard to cardiopulmonary diseases and injury.",,Educational Registered Respiratory Therapist,Individual
2279E0002X,"Respiratory, Developmental, Rehabilitative and Restorative Service Providers","Respiratory Therapist, Registered",Emergency Care,"The immediate availability of diagnostic and therapeutic cardiopulmonary services in the assessment and management of trauma victims, patients requiring airway management and others requiring emergency care.",,Emergency Care Registered Respiratory Therapist,Individual
2279G1100X,"Respiratory, Developmental, Rehabilitative and Restorative Service Providers","Respiratory Therapist, Registered",General Care,"This level of care includes diagnostics testing, therapeutics, monitoring, rehabilitation of patients with disorders of the cardiopulmonary system, as well as, education of the patient and family in regard to those disorders.",,General Care Registered Respiratory Therapist,Individual
2279G0305X,"Respiratory, Developmental, Rehabilitative and Restorative Service Providers","Respiratory Therapist, Registered",Geriatric Care,"Care of older patients who have age and/or disease related decremental pulmonary changes.  Diagnosis and treatment is very important for this group since chronic lung disease is the major cause of morbidity and mortality among them.  Furthermore, as this segment of the population increases, life expectancy is being extended.",,Geriatric Care Registered Respiratory Therapist,Individual
2279H0200X,"Respiratory, Developmental, Rehabilitative and Restorative Service Providers","Respiratory Therapist, Registered",Home Health,"Home care fosters individual responsibility for self-management of chronic respiratory conditions.  It includes individualized assessment based plans of care service developed to promote safe, proper, and sustained use of prescribed respiratory therapy medications, equipment, and techniques in the home.",,Home Health Registered Respiratory Therapist,Individual
2279P3900X,"Respiratory, Developmental, Rehabilitative and Restorative Service Providers","Respiratory Therapist, Registered",Neonatal/Pediatrics,"The care and treatment of premature infants, newborns and children.  This includes management of mechanical ventilation, assessment, diagnostics and generalized respiratory treatments.",,Neonatal/Pediatric Registered Respiratory Therapist,Individual
2279P3800X,"Respiratory, Developmental, Rehabilitative and Restorative Service Providers","Respiratory Therapist, Registered",Palliative/Hospice,A coordinated plan of care to help dying patients and their families handle the burden of terminal care.  Effective secretion management and relief of dyspnea are paramount in caring for patients with end-stage pulmonary disease.,,Palliative/Hospice Registered Respiratory Therapist,Individual
2279P4000X,"Respiratory, Developmental, Rehabilitative and Restorative Service Providers","Respiratory Therapist, Registered",Patient Transport,"Transport respiratory therapist provide patient assessment, initiation of treatment modalities and continued monitoring of patient status of the critically ill and injured patients with special attention to advanced airway and ventilator management.  The transport respiratory therapist knowledge and experience with complex neonatal, pediatric and adult patient care issues provides them with an expertise to assist with any patient care issue in a variety of transport modes.",,Patient Transport Registered Respiratory Therapist,Individual
2279P1004X,"Respiratory, Developmental, Rehabilitative and Restorative Service Providers","Respiratory Therapist, Registered",Pulmonary Diagnostics,"Included in the area of pulmonary diagnostics are the following; collection and analysis of physiological specimens, interpretation of physiological data, administration of tests of the cardiopulmonary system, and the conduct of both neurophysiological and sleep disorders studies.",,Pulmonary Diagnostics Registered Respiratory Therapist,Individual
2279P1006X,"Respiratory, Developmental, Rehabilitative and Restorative Service Providers","Respiratory Therapist, Registered",Pulmonary Function Technologist,"An individual who is trained and qualified to perform pulmonary diagnostic tests.  In the course of conducting these tests, the Pulmonary Function Technologist is able to setup, calibrate, maintain, and ensure the quality assurance of the pulmonary function testing equipment.  In the laboratory, clinical or patient care setting the technologist instructs patients, elicits cooperation, performs procedures, monitors patient response, and evaluates patient performance.  Tests results are calculated, compared with predicted normal ranges, and evaluated for reliability.  The technologist collects clinical history data and evaluates the clinical implications of the test results.",,Pulmonary Function Technologist Registered Respiratory Therapist,Individual
2279P1005X,"Respiratory, Developmental, Rehabilitative and Restorative Service Providers","Respiratory Therapist, Registered",Pulmonary Rehabilitation,"The respiratory therapist can assist the chronic pulmonary patient in returning to an optimal role in society by providing an effective program.  It includes bronchopulmonary drainage, exercise therapy, and patient education.",,Pulmonary Rehabilitation Registered Respiratory Therapist,Individual
2279S1500X,"Respiratory, Developmental, Rehabilitative and Restorative Service Providers","Respiratory Therapist, Registered",SNF/Subacute Care,Care of residents in a long-term care environment.  Respiratory modalities delivered include those similar in the general care and critical care areas but provided to less critical patients.,,SNF/Subacute Care Registered Respiratory Therapist,Individual
225500000X,"Respiratory, Developmental, Rehabilitative and Restorative Service Providers",Specialist/Technologist,,General classification identifying individuals who are trained on a specific piece of equipment or technical procedure.,,Respiratory/Developmental/Rehabilitative Specialist/Technologist,Individual
2255A2300X,"Respiratory, Developmental, Rehabilitative and Restorative Service Providers",Specialist/Technologist,Athletic Trainer,"Athletic trainers are allied health care professionals who work in consultation with or under the direction of physicians, and specialize in the prevention, assessment, treatment and rehabilitation of injuries and illnesses.  Currently, the entry-level employment requirements are a bachelor's degree with a major in athletic training from an accredited university or college. A majority of athletic trainers hold advanced degrees.  National board certification is generally required as a condition of state licensure and employment. Most states regulate athletic trainers, and they practice within the scope of that license or regulation.  Clinical practice includes emergency care, rehabilitation, reconditioning, therapeutic exercise, wellness programs, exercise physiology, kinesiology, biomechanics, nutrition, psychology and health care administration.","Source: National Athletic Trainers' Association (www.NATA.org) [1/1/2006: modified definition, modified source]",Athletic Trainer,Individual
2255R0406X,"Respiratory, Developmental, Rehabilitative and Restorative Service Providers",Specialist/Technologist,"Rehabilitation, Blind",Definition to come...,,Blind Rehabilitation Specialist/Technologist,Individual
231H00000X,"Speech, Language and Hearing Service Providers",Audiologist,,"(1) A specialist in evaluation, habilitation and rehabilitation of those whose communication disorders center in whole or in part in hearing function. Audiologists are autonomous professionals who identify, assess, and manage disorders of the auditory, balance and other neural systems. Audiologists provide audiological (aural) rehabilitation to children and adults across the entire age span. Audiologists select, fit and dispense amplification systems such as hearing aids and related devices. (2) An audiologist is a person qualified by a master's degree in audiology, licensed by the state, where applicable, and practicing within the scope of that license. Audiologists evaluate and treat patients with impaired hearing. They plan, direct and conduct rehabilitative programs with audiotry substitutional devises (hearing aids) and other therapy.","Source: (1) American Speech-Language-Hearing Association, (1996, Spring) Scope of practice in Audiology, p. 2",Audiologist,Individual
231HA2400X,"Speech, Language and Hearing Service Providers",Audiologist,Assistive Technology Practitioner,Definition to come...,,Assistive Technology Practitioner Audiologist,Individual
231HA2500X,"Speech, Language and Hearing Service Providers",Audiologist,Assistive Technology Supplier,Definition to come...,,Assistive Technology Supplier Audiologist,Individual
237600000X,"Speech, Language and Hearing Service Providers",Audiologist-Hearing Aid Fitter,,"An audiologist/hearing aid fitter is the professional who specializes in evaluating and treating people with hearing loss, conducts a wide variety of tests to determine the exact nature of an individual's hearing problem, presents a variety of treatment options to patients, dispenses and fits hearing aids, administers tests of balance to evaluate dizziness and provides hearing rehabilitation training. This classification should be used where individuals are licensed as ""audiologist-hearing aid fitters"" as opposed to states that license individuals as ""audiologists"".","Source: American Academy of Audiology, 1735 N. Lynn St, Suite 950, Arlington VA 22209, (800)AAA-2336)",Audiologist-Hearing Aid Fitter,Individual
237700000X,"Speech, Language and Hearing Service Providers",Hearing Instrument Specialist,,"Individuals who test hearing for the selection, adaptation, fitting, adjusting, servicing, and sale of hearing aids. Hearing Instrument Specialist is a designation provided individuals who qualify by the National Hearing Aid Society",,Hearing Instrument Specialist,Individual
235500000X,"Speech, Language and Hearing Service Providers",Specialist/Technologist,,General classification identifying individuals who are trained on a specific piece of equipment or technical procedure.,,Speech/Language/Hearing Specialist/Technologist,Individual
2355A2700X,"Speech, Language and Hearing Service Providers",Specialist/Technologist,Audiology Assistant,Definition to come...,,Audiology Assistant,Individual
2355S0801X,"Speech, Language and Hearing Service Providers",Specialist/Technologist,Speech-Language Assistant,Definition to come...,,Speech-Language Assistant,Individual
235Z00000X,"Speech, Language and Hearing Service Providers",Speech-Language Pathologist,,"The speech-language pathologist is the professional who engages in clinical services, prevention, advocacy, education, administration, and research in the areas of communication and swallowing across the life span from infancy through geriatrics. Speech-language pathologists address typical and atypical impairments and disorders related to communication and swallowing in the areas of speech sound production, resonance, voice, fluency, language (comprehension and expression), cognition, and feeding and swallowing.","""Scope of Practice in Speech-Language Pathology"", American Speech-Language-Hearing Association, 2013.",Speech-Language Pathologist,Individual
390200000X,"Student, Health Care",Student in an Organized Health Care Education/Training Program,,"An individual who is enrolled in an organized health care education/training program leading to a degree, certification, registration, and/or licensure to provide health care.",[1/1/2005: new],Student in an Organized Health Care Education/Training Program,Individual
242T00000X,"Technologists, Technicians & Other Technical Service Providers",Perfusionist,,"A perfusionist operates extracorporeal circulation and autotransfusion equipment during any medical situation where it is necessary to support or temporarily replace the patient's circulatory or respiratory function. The perfusionist is knowledgeable concerning the variety of equipment available to perform extracorporeal circulation functions and is responsible, in consultation with the physician, for selecting the appropriate equipment and techniques to be used.","Source:  Health Professions Career and Education Directory, American Medical Association [1/1/2007: new]",Perfusionist,Individual
247100000X,"Technologists, Technicians & Other Technical Service Providers",Radiologic Technologist,,A medical imaging or radiation therapy professional who is appropriately educated and trained to perform medical imaging procedures using ionizing and nonionizing radiation.,"Source: American Society of Radiologic Technologists, https://www.asrt.org/  [1/1/2024: modified definition]",Radiologic Technologist,Individual
2471B0102X,"Technologists, Technicians & Other Technical Service Providers",Radiologic Technologist,Bone Densitometry,"A radiologic technologist who specializes in bone densitometry and is appropriately educated and trained, consistent with nationally recognized standards, state statute, and facility policy, in performance of bone density imaging, exam techniques, equipment protocols, radiation safety, and patient care.","Source: American Society of Radiologic Technologists, https://www.asrt.org/  [1/1/2024: modified definition]",Bone Densitometry Radiologic Technologist,Individual
2471C1106X,"Technologists, Technicians & Other Technical Service Providers",Radiologic Technologist,Cardiac-Interventional Technology,"A radiologic technologist who specializes in cardiac interventional and is appropriately educated and trained, consistent with nationally recognized standards, state statute, and facility policy, in cardiac interventional technology imaging, exam techniques, equipment protocols, radiation safety, and patient care.","Source: American Society of Radiologic Technologists, https://www.asrt.org/  [1/1/2024: modified definition]",Cardiac-Interventional Technology Radiologic Technologist,Individual
2471C1101X,"Technologists, Technicians & Other Technical Service Providers",Radiologic Technologist,Cardiovascular-Interventional Technology,A radiologic technologist who specializes in cardiovascular interventional technology.,"Source: American Registry of Radiologic Technologists, https://www.arrt.org/. At this time, ARRT no longer offers new credentials in Cardiovascular Interventional Technology.  [1/1/2024: modified definition]",Cardiovascular-Interventional Technology Radiologic Technologist,Individual
2471C3401X,"Technologists, Technicians & Other Technical Service Providers",Radiologic Technologist,Computed Tomography,"A radiologic technologist who specializes in computed tomography (CT) and is appropriately educated and trained, consistent with nationally recognized standards, state statute, and facility policy in performance of CT imaging, exam techniques, equipment protocols, radiation safety, and patient care.","Source: American Society of Radiologic Technologists, https://www.asrt.org/  [1/1/2024: modified definition]",Computed Tomography Radiologic Technologist,Individual
2471M1202X,"Technologists, Technicians & Other Technical Service Providers",Radiologic Technologist,Magnetic Resonance Imaging,"A radiologic technologist who specializes in magnetic resonance imaging (MRI) and is appropriately educated and trained, consistent with nationally recognized standards, state statute, and facility policy in performance of MRIs, exam techniques, equipment protocols, radiation safety, and patient care.","Source: American Society of Radiologic Technologists, https://www.asrt.org/ [1/1/2024 Definition modified]",Magnetic Resonance Imaging Radiologic Technologist,Individual
2471M2300X,"Technologists, Technicians & Other Technical Service Providers",Radiologic Technologist,Mammography,"A radiologic technologist who specializes in mammography and is appropriately educated and trained, consistent with nationally recognized standards, state statute, and facility policy in performance of mammogram imaging, exam techniques, equipment protocols, radiation safety, and patient care.","Source: American Society of Radiologic Technologists, https://www.asrt.org/  [1/1/2024: modified definition]",Mammography Radiologic Technologist,Individual
2471N0900X,"Technologists, Technicians & Other Technical Service Providers",Radiologic Technologist,Nuclear Medicine Technology,"A radiologic technologist who specializes in nuclear medicine technology and is appropriately educated and trained, consistent with nationally recognized standards, state statute, and facility policy in performance of nuclear medicine imaging, administration of radiopharmaceuticals to patients, exam techniques, equipment protocols, radiation safety, and patient care.","Source: American Society of Radiologic Technologists, https://www.asrt.org/  [1/1/2024: modified definition]",Nuclear Medicine Technology Radiologic Technologist,Individual
2471Q0001X,"Technologists, Technicians & Other Technical Service Providers",Radiologic Technologist,Quality Management,A radiologic technologist who specializes in quality management.,"Source: American Registry of Radiologic Technologists, https://www.arrt.org/. At this time, ARRT no longer offers new credentials in Quality Management.  [1/1/2024: modified definition]",Quality Management Radiologic Technologist,Individual
2471R0002X,"Technologists, Technicians & Other Technical Service Providers",Radiologic Technologist,Radiation Therapy,"A radiologic technologist who specializes in radiation therapy and is appropriately educated and trained, consistent with nationally recognized standards, state statute, and facility policy, in administration of radiation therapy, exam techniques, equipment protocols, radiation safety, and patient care.","Source: American Society of Radiologic Technologists, https://www.asrt.org/  [1/1/2024: modified definition]",Radiation Therapy Radiologic Technologist,Individual
2471C3402X,"Technologists, Technicians & Other Technical Service Providers",Radiologic Technologist,Radiography,"A radiologic technologist who specializes in radiography (also known as x-rays) and is appropriately educated and trained, consistent with nationally recognized standards, state statute, and facility policy in performance of radiographs, exam techniques, equipment protocols, radiation safety, and patient care.","Source: American Society of Radiologic Technologists, https://www.asrt.org/  [1/1/2024: modified definition]",Radiography Radiologic Technologist,Individual
2471S1302X,"Technologists, Technicians & Other Technical Service Providers",Radiologic Technologist,Sonography,"A radiologic technologist who specializes in sonography and is appropriately educated and trained, consistent with nationally recognized standards, state statute, and facility policy in performance of ultrasounds, exam techniques, equipment protocols, radiation safety, and patient care.","Source: American Society of Radiologic Technologists, https://www.asrt.org/ [1/1/2024 Definition modified]",Sonography Radiologic Technologist,Individual
2471V0105X,"Technologists, Technicians & Other Technical Service Providers",Radiologic Technologist,Vascular Sonography,"A radiologic technologist who specializes in vascular sonography and is trained in the use of ultrasound equipment to image veins and arteries, which health care providers use to diagnose and treat various vascular conditions.","Source: American Registry of Radiologic Technologists, https://www.arrt.org/. At this time, ARRT no longer offers new credentials in Quality Management.  [1/1/2024: modified definition]",Vascular Sonography Radiologic Technologist,Individual
2471V0106X,"Technologists, Technicians & Other Technical Service Providers",Radiologic Technologist,Vascular-Interventional Technology,"A radiologic technologist who specializes in vascular interventional and is appropriately educated and trained, consistent with nationally recognized standards, state statute, and facility policy in performance of vascular interventional imaging, exam techniques, equipment protocols, radiation safety, and patient care.","Source: American Society of Radiologic Technologists, https://www.asrt.org/  [1/1/2024: modified definition]",Vascular-Interventional Technology Radiologic Technologist,Individual
243U00000X,"Technologists, Technicians & Other Technical Service Providers",Radiology Practitioner Assistant,,"A Radiology Practitioner Assistant (RPA) is a health professional certified as a registered radiographer with the American Registry of Radiologic Technologists (ARRT) and, in addition, is credentialed to provide primary radiology health care with radiologist supervision. Radiology Practitioner Assistants are qualified by graduation from an educational program recognized by the Board of Directors of athe Certification Board for Radiology Practitioner Assistants (CBRPA) and certified by the CBRPA. Within the Radiologist/RPA relationship, Radiology Practitioner Assistants exercise autonomy in decision making in the role of a primary caregiver with regard to patient assessment, patient management and in providing a broad range of radiology diagnostic and interventional services. The clinical role of the Radiology Practitioner Assistant includes primary and specialty care in radiology practice settings in rural and urban areas.",Source: Certification Board of Radiology Practitioner Assistants [7/1/2008: new]  Additional Resources: www.cbrpa.org,Radiology Practitioner Assistant,Individual
246X00000X,"Technologists, Technicians & Other Technical Service Providers",Specialist/Technologist Cardiovascular,,"An allied health professional who performs diagnostic examinations at the request or direction of a physician in one or more of the following three areas: invasive cardiology, noninvasive cardiology, and noninvasive peripheral vascular study. Cardiovascular technologists are one type of allied health professional for which the Committee on Allied Health Education and Accreditation has accredited education programs","Source: (1) Lexikon: Dictionary of Health Care Terms, Organizations and Acronyms for the Era of Reform, The Joint Commission on Accreditation of Healthcare Organizations, Oakbrook Terrace, Illinois: 1994, p. 159.",Cardiovascular Specialist/Technologist,Individual
246XC2901X,"Technologists, Technicians & Other Technical Service Providers",Specialist/Technologist Cardiovascular,Cardiovascular Invasive Specialist,"A cardiovascular invasive specialist/technologist monitors patients’ heart rates and helps physicians in diagnosing and treating heart problems. They assist with cardiac catheterization and prepare and monitor patients during open-heart surgery and insertion of pacemakers, defibrillators, and stents.","Source: U.S. Bureau of Labor Statistics Occupation Outlook Handbook, www.bls.gov.",Cardiovascular Invasive Specialist/Technologist,Individual
246XS1301X,"Technologists, Technicians & Other Technical Service Providers",Specialist/Technologist Cardiovascular,Sonography,A cardiovascular sonography technologist operates special equipment to create images and conduct tests of the cardiovascular system. They work with physicians who view the images and test results to assess and diagnose medical conditions.,"Source: U.S. Bureau of Labor Statistics Occupation Outlook Handbook, www.bls.gov.",Sonography Specialist/Technologist Cardiovascular,Individual
246XC2903X,"Technologists, Technicians & Other Technical Service Providers",Specialist/Technologist Cardiovascular,Vascular Specialist,"A vascular technologist, also known as a vascular sonographer, creates images of blood vessels and collects data that help physicians diagnose disorders affecting blood flow. Vascular technologists often evaluate blood flow and identify blocked arteries or blood clots.","Source: U.S. Bureau of Labor Statistics Occupation Outlook Handbook, www.bls.gov.",Vascular Specialist/Technologist Cardiovascular,Individual
246Y00000X,"Technologists, Technicians & Other Technical Service Providers","Specialist/Technologist, Health Information",,"An individual with a high school diploma, on-the-job experience and coding education from seminars or college classes who passes a national certification examination in either inpatient and outpatient facility services coding, or physician services coding.","Source: American Health Information Management Association, Chicago, IL, 1996.",Health Information Specialist/Technologist,Individual
246YC3301X,"Technologists, Technicians & Other Technical Service Providers","Specialist/Technologist, Health Information","Coding Specialist, Hospital Based",None,[1/1/2023: marked inactive]<br/>Deactivation Date: 3/31/2023,Hospital Based Coding Specialist,Individual
246YC3302X,"Technologists, Technicians & Other Technical Service Providers","Specialist/Technologist, Health Information","Coding Specialist, Physician Office Based",None,[1/1/2023: marked inactive]<br/>Deactivation Date: 3/31/2023,Physician Office Based Coding Specialist,Individual
246YR1600X,"Technologists, Technicians & Other Technical Service Providers","Specialist/Technologist, Health Information",Registered Record Administrator,None,[1/1/2023: marked inactive]<br/>Deactivation Date: 3/31/2023,Registered Record Administrator,Individual
246Z00000X,"Technologists, Technicians & Other Technical Service Providers","Specialist/Technologist, Other",,General classification identifying individuals trained on specific equipment and technical procedures in one of a collection of miscellaneous healthcare disciplines.,,Other Specialist/Technologist,Individual
246ZA2600X,"Technologists, Technicians & Other Technical Service Providers","Specialist/Technologist, Other","Art, Medical",None,[1/1/2023: marked inactive]<br/>Deactivation Date: 3/31/2023,Medical Art Specialist/Technologist,Individual
246ZB0500X,"Technologists, Technicians & Other Technical Service Providers","Specialist/Technologist, Other",Biochemist,Definition to come...,1/1/2025: marked inactive,Biochemist,Individual
246ZB0301X,"Technologists, Technicians & Other Technical Service Providers","Specialist/Technologist, Other",Biomedical Engineering,None,[1/1/2023: marked inactive]<br/>Deactivation Date: 3/31/2023<br/>,Biomedical Engineer,Individual
246ZB0302X,"Technologists, Technicians & Other Technical Service Providers","Specialist/Technologist, Other",Biomedical Photographer,None,[1/1/2023: marked inactive]<br/>Deactivation Date: 3/31/2023,Biomedical Photographer,Individual
246ZB0600X,"Technologists, Technicians & Other Technical Service Providers","Specialist/Technologist, Other",Biostatistician,None,[1/1/2023: marked inactive]<br/>Deactivation Date: 3/31/2023,Biostatistician,Individual
246ZE0500X,"Technologists, Technicians & Other Technical Service Providers","Specialist/Technologist, Other",EEG,Definition to come...,,EEG Specialist/Technologist,Individual
246ZE0600X,"Technologists, Technicians & Other Technical Service Providers","Specialist/Technologist, Other",Electroneurodiagnostic,Definition to come...,,Electroneurodiagnostic Specialist/Technologist,Individual
246ZG1000X,"Technologists, Technicians & Other Technical Service Providers","Specialist/Technologist, Other","Geneticist, Medical (PhD)",Definition to come...,,Medical Geneticist (PhD) Specialist/Technologist,Individual
246ZG0701X,"Technologists, Technicians & Other Technical Service Providers","Specialist/Technologist, Other",Graphics Methods,None,[1/1/2023: marked inactive]<br/>Deactivation Date: 3/31/2023<br/>,Graphics Methods Specialist/Technologist,Individual
246ZI1000X,"Technologists, Technicians & Other Technical Service Providers","Specialist/Technologist, Other","Illustration, Medical",None,[1/1/2023: marked inactive]<br/>Deactivation Date: 3/31/2023<br/>,Medical Illustrator,Individual
246ZN0300X,"Technologists, Technicians & Other Technical Service Providers","Specialist/Technologist, Other",Nephrology,Definition to come...,,Nephrology Specialist/Technologist,Individual
246ZX2200X,"Technologists, Technicians & Other Technical Service Providers","Specialist/Technologist, Other",Orthopedic Assistant,"An Orthopaedic Assistant is a person who has been trained to work as a physician extender in both clinical and surgical environments. An Orthopaedic Assistant assists with aspects of patient care as determined by the supervising surgeon including, but not limited to, obtaining patient history, assisting with examinations, injections, recording of office notes, and application/adjustment/removal of splints, casts, and other immobilization devices.  Acting as a surgical first assistant for orthopaedic surgery cases includes providing aid in exposure, hemostasis, positioning of the patient, suturing and closure of body planes and skin, application of wound dressings or immobilization devices, and other technical functions that will help the surgeon carry out a safe operation with optimal results for the patient.  An Orthopaedic Assistant may be licensed, registered, or certified depending on the state in which the individual practices.","Source:  American Society of Orthopaedic Assistants (ASOA), 2014 [7/1/2014: new]  Additional Resources: National Board for Certification of Orthopaedic Assistants",Orthopedic Assistant,Individual
246ZC0007X,"Technologists, Technicians & Other Technical Service Providers","Specialist/Technologist, Other",Surgical Assistant,"A surgical assistant is a skilled practitioner who has undergone formalized education and training as a surgical assistant. The surgical assistant performs surgical functions that include, but are not limited to: retracting, manipulating, suturing, clamping, cauterizing, litigating, and tying tissue; suctioning, irrigating and sponging; positioning the patient; closure of body planes and skin; and participating in hemostasis and volume replacement. Surgical assistants are certified and registered or licensed by the state, or, in states without licensure, certified as surgical assistants by completing appropriate education and training.","Source: Association of Surgical Assistants, 2014. [7/1/2007: new, 7/1/2014: title modified, definition modified]    http://www.surgicalassistant.org/index.php/surgical-assisting  Additional Resources: National Surgical Assistant Association, www.nsaa.net.",Surgical Assistant,Individual
246ZS0410X,"Technologists, Technicians & Other Technical Service Providers","Specialist/Technologist, Other",Surgical Technologist,"Surgical technologists are allied health professionals, who are an integral part of the team of medical practitioners providing surgical care to patients. Surgical technologists work under the supervision of a surgeon to facilitate the safe and effective conduct of invasive surgical procedures, ensuring that the operating room environment is safe, that equipment functions properly, and that the operative procedure is conducted under conditions that maximize patient safety. Surgical technologists possess expertise in the theory and application of sterile and aseptic technique and combine the knowledge of human anatomy, surgical procedures, and implementation tools and technologies to facilitate a physician's performance of invasive therapeutic and diagnostic procedures.","Source:  Association of Surgical Technologists, ""Job Description: Surgical Technologist,"" 2014. [7/1/2014: code modified, title modified, definition added]",Surgical Technologist,Individual
246Q00000X,"Technologists, Technicians & Other Technical Service Providers","Specialist/Technologist, Pathology",,"(1) An individual educated and trained in clinical chemistry, microbiology or other biological sciences; and in gathering data on the blood, tissues, and fluids in the human body. Tests and procedures performed or supervised center on major areas of hematology, microbiology, immunohematology, immunology, clinical chemistry and urinalysis. Education and certification requires the equivalent of an associate degree and alternative combinations of accredited training and experience. (2) A specially trained individual who works under the direction of a pathologist, other physician, or scientist, and performs specialized chemical, microscopic, and bacteriological tests of human blood, tissue, and fluids. Also known as medical technologists, they perform and supervise tests and procedures in clinical chemistry, immunology, serology, bacteriology, hematology, parasitology, mycology, urinalysis, and blood banking. The work requires the correlation of test results with other data, interpretation of test findings, and exercise of independent judgment. The minimum educational requirement (for one of several certification programs in medical technology) is a baccalaureate degree with appropriate science course requirements, plus a twelve-month, structured, AMA approved medical technology program and an examination; or a baccalaureate degree with appropriate science course requirements and experience.",,Pathology Specialist/Technologist,Individual
246QB0000X,"Technologists, Technicians & Other Technical Service Providers","Specialist/Technologist, Pathology",Blood Banking,Definition to come...,,Blood Banking Specialist/Technologist,Individual
246QC1000X,"Technologists, Technicians & Other Technical Service Providers","Specialist/Technologist, Pathology",Chemistry,Definition to come...,,Chemistry Pathology Specialist/Technologist,Individual
246QC2700X,"Technologists, Technicians & Other Technical Service Providers","Specialist/Technologist, Pathology",Cytotechnology,Definition to come...,,Cytotechnology Specialist/Technologist,Individual
246QH0401X,"Technologists, Technicians & Other Technical Service Providers","Specialist/Technologist, Pathology",Hemapheresis Practitioner,Definition to come...,,Hemapheresis Practitioner,Individual
246QH0000X,"Technologists, Technicians & Other Technical Service Providers","Specialist/Technologist, Pathology",Hematology,Definition to come...,,Hematology Specialist/Technologist,Individual
246QH0600X,"Technologists, Technicians & Other Technical Service Providers","Specialist/Technologist, Pathology",Histology,Definition to come...,,Histology Specialist/Technologist,Individual
246QI0000X,"Technologists, Technicians & Other Technical Service Providers","Specialist/Technologist, Pathology",Immunology,Definition to come...,,Immunology Pathology Specialist/Technologist,Individual
246QL0900X,"Technologists, Technicians & Other Technical Service Providers","Specialist/Technologist, Pathology",Laboratory Management,Definition to come...,,Laboratory Management Specialist/Technologist,Individual
246QL0901X,"Technologists, Technicians & Other Technical Service Providers","Specialist/Technologist, Pathology","Laboratory Management, Diplomate",Definition to come...,,Diplomate Laboratory Management Specialist/Technologist,Individual
246QM0706X,"Technologists, Technicians & Other Technical Service Providers","Specialist/Technologist, Pathology",Medical Technologist,Definition to come...,,Medical Technologist,Individual
246QM0900X,"Technologists, Technicians & Other Technical Service Providers","Specialist/Technologist, Pathology",Microbiology,Definition to come...,,Microbiology Specialist/Technologist,Individual
246W00000X,"Technologists, Technicians & Other Technical Service Providers","Technician, Cardiology",,"An individual who has knowledge of specific techniques, instruments, and equipment required in performing specific cardiovascular/peripheral vascular diagnostic procedures.",,Cardiology Technician,Individual
247000000X,"Technologists, Technicians & Other Technical Service Providers","Technician, Health Information",,"Preferred term for an Accredited Record Technician who is an individual with an associate's degree from an accredited college or independent study program who is skilled in analyzing health information and in examination of medical records for accuracy, reporting of patient data for reimbursement, and creation of disease registries for researchers.","Source: American Health Information Management Association, Chicago, IL, 1996.",Health Information Technician,Individual
2470A2800X,"Technologists, Technicians & Other Technical Service Providers","Technician, Health Information",Assistant Record Technician,None,[1/1/2023: marked inactive]<br/>Deactivation Date: 3/31/2023,Assistant Health Information Record Technician,Individual
247200000X,"Technologists, Technicians & Other Technical Service Providers","Technician, Other",,A collective term for persons with specialized training in various narrow fields of expertise whose occupations require training and skills in specific technical processes and procedures; and where further classification is deemed unnecessary by the user.,"Sources: Rhea, Ott, and Shafritz, The Facts On File Dictionary of Health Care Management, New York: Facts On File Publications, 1988; Dorland's Illustrated Medical Dictionary, 26th Edition. Philadelphia: W.B. Saunders Company, 1981; and Webster's II New Riverside University Dictionary. Boston: Riverside Publishing Company, 1984.",Other Technician,Individual
2472B0301X,"Technologists, Technicians & Other Technical Service Providers","Technician, Other",Biomedical Engineering,None,[1/1/2023: marked inactive]<br/>Deactivation Date: 3/31/2023<br/>,Biomedical Engineering Technician,Individual
2472D0500X,"Technologists, Technicians & Other Technical Service Providers","Technician, Other",Darkroom,None,[1/1/2023: marked inactive]<br/>Deactivation Date: 3/31/2023<br/>,Darkroom Technician,Individual
2472E0500X,"Technologists, Technicians & Other Technical Service Providers","Technician, Other",EEG,Definition to come...,,EEG Technician,Individual
2472R0900X,"Technologists, Technicians & Other Technical Service Providers","Technician, Other",Renal Dialysis,Definition to come...,,Renal Dialysis Technician,Individual
2472V0600X,"Technologists, Technicians & Other Technical Service Providers","Technician, Other",Veterinary,None,[1/1/2023: marked inactive]<br/>Deactivation Date: 3/31/2023<br/>,Veterinary Technician,Individual
246R00000X,"Technologists, Technicians & Other Technical Service Providers","Technician, Pathology",,An individual with knowledge of specific techniques and instruments who performs all of the routine tests in a medical laboratory and who has the ability to discriminate between similar factors that directly affect procedures and results.,,Pathology Technician,Individual
247ZC0005X,"Technologists, Technicians & Other Technical Service Providers","Technician, Pathology","Clinical Laboratory Director, Non-physician",An individual who is state-licensed as a clinical laboratory director and meets the qualifications in the Clinical Laboratory Improvement Amendments of 1988 for non-physicians (non-MD/DO) as defined in the CFR 42 Part 493.1405.,Source: National Uniform Claim Committee [1/1/2007: new],Clinical Laboratory Director (Non-physician),Individual
246RH0600X,"Technologists, Technicians & Other Technical Service Providers","Technician, Pathology",Histology,Definition to come...,,Histology Technician,Individual
246RM2200X,"Technologists, Technicians & Other Technical Service Providers","Technician, Pathology",Medical Laboratory,Definition to come...,,Medical Laboratory Technician,Individual
246RP1900X,"Technologists, Technicians & Other Technical Service Providers","Technician, Pathology",Phlebotomy,Definition to come...,,Phlebotomy Technician,Individual
