Code,Grouping,Classification,Specialization,Definition,Notes,Display Name,Section
207K00000X,Allopathic & Osteopathic Physicians,Allergy & Immunology,,"An allergist-immunologist is trained in evaluation, physical and laboratory diagnosis, and management of disorders involving the immune system. Selected examples of such conditions include asthma, anaphylaxis, rhinitis, eczema, and adverse reactions to drugs, foods, and insect stings as well as immune deficiency diseases (both acquired and congenital), defects in host defense, and problems related to autoimmune disease, organ transplantation, or malignancies of the immune system.","Source: American Board of Medical Specialties, 2007, www.abms.org  [7/1/2007: added definition, added source]  Additional Resources: American Board of Allergy and Immunology, 2007.  http://www.abai.org/   No subspecialty certificates in allergy and immunology are offered by the American Board of Allergy and Immunology (ABAI). The ABAI, however, does offer formal special pathways for physicians seeking dual certification in allergy/immunology and pediatric pulmonology; allergy/immunology and pediatric rheumatology; and allergy/immunology and adult rheumatology.",Allergy & Immunology Physician,Individual
207KA0200X,Allopathic & Osteopathic Physicians,Allergy & Immunology,Allergy,"A physician who specializes in the diagnosis, treatment, and management of allergies.",Source: National Uniform Claim Committee,Allergy Physician,Individual
207KI0005X,Allopathic & Osteopathic Physicians,Allergy & Immunology,Clinical & Laboratory Immunology,An allergy and immunology physician who specializes in clinical and laboratory immunology disease management..,"Source: National Uniform Claim Committee, 2022  <br/>Additional Resources: A certification was, but is no longer, issued by the American Board of Allergy and Immunology.",Clinical & Laboratory Immunology (Allergy & Immunology) Physician,Individual
207L00000X,Allopathic & Osteopathic Physicians,Anesthesiology,,"An anesthesiologist is trained to provide pain relief and maintenance, or restoration, of a stable condition during and immediately following an operation or an obstetric or diagnostic procedure. The anesthesiologist assesses the risk of the patient undergoing surgery and optimizes the patient's condition prior to, during and after surgery. In addition to these management responsibilities, the anesthesiologist provides medical management and consultation in pain management and critical care medicine. Anesthesiologists diagnose and treat acute, long-standing and cancer pain problems; diagnose and treat patients with critical illnesses or severe injuries; direct resuscitation in the care of patients with cardiac or respiratory emergencies, including the need for artificial ventilation; and supervise post-anesthesia recovery.","Source: American Board of Medical Specialties, 2007.  www.abms.org [7/1/2007:  added definition, added source; 7/1/2011: modified source]<br/>Additional Resources: American Board of Anesthesiology, 2007.  http://www.theaba.org/; American Osteopathic Board of Anesthesiology, 2007, http://www.osteopathic.org/certification<br/>Board certification for Medical Doctors (MDs) is provided by the American Board of Anesthesiology.  Board certification for Doctors of Osteopathy (DOs) is provided by the American Osteopathic Board of Anesthesiology.",Anesthesiology Physician,Individual
207LA0401X,Allopathic & Osteopathic Physicians,Anesthesiology,Addiction Medicine,An anesthesiologist who specializes in the diagnosis and treatment of addictions.,"Source: National Uniform Claim Committee, 2009 [1/1/2010: definition added, source added]    Additional Resources: A Certification of Added Qualifications (CAQ) was, but is no longer issued by the American Osteopathic Board of Anesthesiology.",Addiction Medicine (Anesthesiology) Physician,Individual
207LC0200X,Allopathic & Osteopathic Physicians,Anesthesiology,Critical Care Medicine,"An anesthesiologist, who specializes in critical care medicine diagnoses, treats and supports patients with multiple organ dysfunction. This specialist may have administrative responsibilities for intensive care units and may also facilitate and coordinate patient care among the primary physician, the critical care staff and other specialists.","Source: American Board of Medical Specialties, 2007.  www.abms.org [7/1/2007:  added definition, added source; 7/1/2011: modified source]<br/>Additional Resources: American Board of Anesthesiology, 2007.  http://www.theaba.org/; American Osteopathic Board of Anesthesiology, 2007, http://www.osteopathic.org/certification<br/>Board certification for Medical Doctors (MDs) is provided by the American Board of Anesthesiology.  Board certification for Doctors of Osteopathy (DOs) is provided by the American Osteopathic Board of Anesthesiology.",Critical Care Medicine (Anesthesiology) Physician,Individual
207LH0002X,Allopathic & Osteopathic Physicians,Anesthesiology,Hospice and Palliative Medicine,"An anesthesiologist with special knowledge and skills to prevent and relieve the suffering experienced by patients with life-limiting illnesses. This specialist works with an interdisciplinary hospice or palliative care team to maximize quality of life while addressing physical, psychological, social and spiritual needs of both patient and family throughout the course of the disease, through the dying process, and beyond for the family.  This specialist has expertise in the assessment of patients with advanced disease; the relief of distressing symptoms; the coordination of interdisciplinary patient and family-centered care in diverse venues; the use of specialized care systems including hospice; the management of the imminently dying patient; and legal and ethical decision making in end-of-life care.","Source: American Academy of Hospice and Palliative Medicine, www.aahpm.org [1/1/2007: new]",Hospice and Palliative Medicine (Anesthesiology) Physician,Individual
207LP2900X,Allopathic & Osteopathic Physicians,Anesthesiology,Pain Medicine,"An anesthesiologist who provides a high level of care, either as a primary physician or consultant, for patients experiencing problems with acute, chronic and/or cancer pain in both hospital and ambulatory settings. Patient care needs are also coordinated with other specialists.","Source: American Board of Medical Specialties, 2007.  www.abms.org [7/1/2007:  added definition, added source; 7/1/2011: modified source]<br/>Additional Resources: American Board of Anesthesiology, 2007.  http://www.theaba.org/; American Osteopathic Board of Anesthesiology, 2007, http://www.osteopathic.org/certification<br/>Board certification for Medical Doctors (MDs) is provided by the American Board of Anesthesiology.  Board certification for Doctors of Osteopathy (DOs) is provided by the American Osteopathic Board of Anesthesiology.",Pain Medicine (Anesthesiology) Physician,Individual
207LP3000X,Allopathic & Osteopathic Physicians,Anesthesiology,Pediatric Anesthesiology,"An anesthesiologist who has had additional skill and experience in and is primarily concerned with the anesthesia, sedation, and pain management needs of infants and children.  A pediatric anesthesiologist generally provides services including the evaluation of complex medical problems in infants and children when surgery is necessary,  planning and care for children before and after surgery, pain control, anesthesia and sedation for any procedures out of the operating room such as MRI, CT scan, and radiation therapy.","Source: American Academy of Pediatrics, www.aap.org [7/1/2006: new]",Pediatric Anesthesiology Physician,Individual
207LP4000X,Allopathic & Osteopathic Physicians,Anesthesiology,Physician Nutrition Specialist,"A physician who specializes in the diagnosis and treatment of primary nutritional diseases (e.g., undernutrition, overnutrition, and genetic or acquired errors of metabolism) and adjunctive nutritional therapeutics (e.g., nutritional therapy or support of diseases states with a metabolic component). Physician Nutrition Specialists also provide services for nutritional disease prevention, including diabetes, cancer, Alzheimer’s, hospital malnutrition screening, and perioperative nutrition.","Source: National Board of Physician Nutrition Specialists, www.nbpns.org.",Physician Nutrition Specialist (Anesthesiology),Individual
208U00000X,Allopathic & Osteopathic Physicians,Clinical Pharmacology,,"Clinical pharmacology encompasses the spectrum of activities related to the discovery, development, regulation, and utilization of safe and effective drugs.","Source: American Society for Clinical Pharmacology and Therapeutics, 2008  [7/1/2008: modified definition]    Additional Resources: Clinical pharmacology is a recognized fellowship program for physicians, pharmacists, and post-doctoral researchers delivered through medical education institutions accredited by the American Board of Clinical Pharmacology. http://www.ascpt.org/; American Board of Clinical Pharmacology http://www.abcp.net/",Clinical Pharmacology Physician,Individual
208C00000X,Allopathic & Osteopathic Physicians,Colon & Rectal Surgery,,"A colon and rectal surgeon is trained to diagnose and treat various diseases of the intestinal tract, colon, rectum, anal canal and perianal area by medical and surgical means. This specialist also deals with other organs and tissues (such as the liver, urinary and female reproductive system) involved with primary intestinal disease.","Source: American Board of Medical Specialties, 2007.  www.abms.org [7/1/2007:  added definition, added source]    Additional Resources: American Board of Colon and Rectal Surgery, 2007.  http://www.abcrs.org/.    Board certification for Medical Doctors (MDs) is provided by the American Board of Colon and Rectal Surgery.    Colon and rectal surgeons have the expertise to diagnose and often manage anorectal conditions such as hemorrhoids, fissures (painful tears in the anal lining), abscesses and fistulae (infections located around the anus and rectum) in the office setting. They also treat problems of the intestine and colon, and perform endoscopic procedures to evaluate and treat problems such as cancer, polyps (precancerous growths) and inflammatory conditions.",Colon & Rectal Surgery Physician,Individual
207N00000X,Allopathic & Osteopathic Physicians,Dermatology,,"A dermatologist is trained to diagnose and treat pediatric and adult patients with benign and malignant disorders of the skin, mouth, external genitalia, hair and nails, as well as a number of sexually transmitted diseases. The dermatologist has had additional training and experience in the diagnosis and treatment of skin cancers, melanomas, moles and other tumors of the skin, the management of contact dermatitis and other allergic and nonallergic skin disorders, and in the recognition of the skin manifestations of systemic (including internal malignancy) and infectious diseases. Dermatologists have special training in dermatopathology and in the surgical techniques used in dermatology. They also have expertise in the management of cosmetic disorders of the skin such as hair loss and scars and the skin changes associated with aging.","Source: American Board of Medical Specialties, 2007.  www.abms.org [7/1/2007: added definition, added source]    Additional Resources: American Board of Dermatology, 2007.  http://www.abderm.org/    Board certification is provided by the American Board of Dermatology.",Dermatology Physician,Individual
207NI0002X,Allopathic & Osteopathic Physicians,Dermatology,Clinical & Laboratory Dermatological Immunology,A dermatologist who utilizes various specialized laboratory procedures to diagnose disorders characterized by defective responses of the body's immune system. Immunodermatologists also may provide consultation in the management of these disorders and administer specialized forms of therapy for these diseases.,"Source: American Board of Medical Specialties, 2007.  www.abms.org  [7/1/2007: added definition, added source]    Additional Resources: American Board of Dermatology, 2007.  http://www.abderm.org/    Board certification is provided by the American Board of Dermatology.",Clinical & Laboratory Dermatological Immunology Physician,Individual
207ND0900X,Allopathic & Osteopathic Physicians,Dermatology,Dermatopathology,"A dermatopathologist has the expertise to diagnose and monitor diseases of the skin including infectious, immunologic, degenerative and neoplastic diseases. This entails the examination and interpretation of specially prepared tissue sections, cellular scrapings and smears of skin lesions by means of routine and special (electron and fluorescent) microscopes.","Source: American Board of Medical Specialties, 2007.  www.abms.org  [7/1/2007: added definition, added source; 7/1/2011: modified source]<br/>Additional Resources: American Board of Dermatology, 2007.  http://www.abderm.org/; American Osteopathic Board of Dermatology, 2007. http://www.osteopathic.org/certification<br/>Board certification for Medical Doctors (MDs) is provided by the American Board of Dermatology.  Board certification for Doctors of Osteopathy (DOs) is provided by the American Osteopathic Board of Dermatology.",Dermatopathology Physician,Individual
207ND0101X,Allopathic & Osteopathic Physicians,Dermatology,MOHS-Micrographic Surgery,"The highly-trained surgeons that perform Mohs Micrographic Surgery are specialists both in dermatology and pathology. With their extensive knowledge of the skin and unique pathological skills, they are able to remove only diseased tissue, preserving healthy tissue and minimizing the cosmetic impact of the surgery.  Mohs surgeons who belong to the American College of Mohs Surgery (ACMS) have completed a minimum of one year of fellowship training at one of the ACMS-approved training centers in the U.S.","Source: American College of Mohs Surgery, 2007 [1/1/2008: added definition, added source]  Additional Resources: Additional Resources: http://www.mohscollege.org/; American Board of Dermatology, 2007.  http://www.abderm.org/",MOHS-Micrographic Surgery Physician,Individual
207NP0225X,Allopathic & Osteopathic Physicians,Dermatology,Pediatric Dermatology,"A pediatric dermatologist has, through additional special training, developed expertise in the treatment of specific skin disease categories with emphasis on those diseases which predominate in infants, children and adolescents.","Source: American Board of Medical Specialties, 2007.  www.abms.org [7/1/2007: changed definition, added source]    Additional Resources: American Board of Dermatology, 2007, http://www.abderm.org/  A subspecialty certificate was approved by ABMS in 2000.    ACGME Accredited Residency Program Requirements:  None.",Pediatric Dermatology Physician,Individual
207NS0135X,Allopathic & Osteopathic Physicians,Dermatology,Procedural Dermatology,"Procedural Dermatology, a subspecialty of Dermatology, encompassing a wide variety of surgical procedures and methods to remove or modify skin tissue for health or cosmetic benefit. These methods include scalpel surgery, laser surgery, chemical surgery, cryosurgery (liquid nitrogen), electrosurgery, aspiration surgery, liposuction, injection of filler substances, and Mohs micrographic controlled surgery (a special technique for the removal of growths, especially skin cancers).","Source: American Board of Dermatology, 2007, www.abderm.org [1/1/2008: definition added, source added, title changed]    Additional Resources:  Some ABMS board certified dermatologists have completed a one-year ACGME approved fellowship in Procedural Dermatology, which has been offered since 2003. At this time the ABD does not offer subspecialty certification in Procedural Dermatology.",Procedural Dermatology Physician,Individual
204R00000X,Allopathic & Osteopathic Physicians,Electrodiagnostic Medicine,,"Electrodiagnostic medicine is the medical subspecialty that applies neurophysiologic techniques to diagnose, evaluate, and treat patients with impairments of the neurologic, neuromuscular, and/or muscular systems.  Qualified physicians are trained in performing electrophysiological testing and interpretation of the test data.  They require knowledge in anatomy, physiology, kinesiology, histology, and pathology of the brain, spinal cord, autonomic nerves, cranial nerves, peripheral nerves, neuromuscular junction, and muscles. They must know clinical features and treatment of diseases of the central, peripheral, and autonomic nervous systems, as well as those of neuromuscular junction and muscle. Physicians also require special knowledge about electric signal processing, including waveform analysis, electronics and instrumentation, stimulation and recording equipment, and statistics.","Source: American Association of Neuromuscular & Electrodiagnostic Medicine, 2011. www.aanem.org [1/1/2011: new]  Additional Resources:  American Board of Electrodiagnostic Medicine, 2011.  www.abemexam.org",Electrodiagnostic Medicine Physician,Individual
207P00000X,Allopathic & Osteopathic Physicians,Emergency Medicine,,"An emergency physician focuses on the immediate decision making and action necessary to prevent death or any further disability both in the pre-hospital setting by directing emergency medical technicians and in the emergency department. The emergency physician provides immediate recognition, evaluation, care, stabilization and disposition of a generally diversified population of adult and pediatric patients in response to acute illness and injury.","Source: American Board of Medical Specialties, 2007.  www.abms.org [7/1/2007: added definition, added source; 7/1/2011: modified source]<br/>Additional Resources: American Board of Emergency Medicine, 2007.  http://www.abem.org/public/; American Osteopathic Board of Emergency Medicine, 2007. http://www.osteopathic.org/certification<br/>Board certification for Medical Doctors (MDs) is provided by the American Board of Emergency Medicine.  Board certification for Doctors of Osteopathy (DOs) is provided by the American Osteopathic Board of Emergency Medicine.",Emergency Medicine Physician,Individual
207PE0004X,Allopathic & Osteopathic Physicians,Emergency Medicine,Emergency Medical Services,"An emergency medicine physician who specializes in non-hospital based emergency medical services (e.g., disaster site, accident scene, transport vehicle, etc.) to provide pre-hospital assessment, treatment, and transport patients.","Source: National Uniform Claim Committee, 2009 [1/1/2010: definition added, source added]    Additional Resources: A Certification of Added Qualifications (CAQ) is issued by the American Osteopathic Board of Emergency Medicine.",Emergency Medical Services (Emergency Medicine) Physician,Individual
207PH0002X,Allopathic & Osteopathic Physicians,Emergency Medicine,Hospice and Palliative Medicine,"An emergency medicine physician with special knowledge and skills to prevent and relieve the suffering experienced by patients with life-limiting illnesses. This specialist works with an interdisciplinary hospice or palliative care team to maximize quality of life while addressing physical, psychological, social and spiritual needs of both patient and family throughout the course of the disease, through the dying process, and beyond for the family.  This specialist has expertise in the assessment of patients with advanced disease; the relief of distressing symptoms; the coordination of interdisciplinary patient and family-centered care in diverse venues; the use of specialized care systems including hospice; the management of the imminently dying patient; and legal and ethical decision making in end-of-life care.","Source: American Academy of Hospice and Palliative Medicine, www.aahpm.org [1/1/2007: new]",Hospice and Palliative Medicine (Emergency Medicine) Physician,Individual
207PT0002X,Allopathic & Osteopathic Physicians,Emergency Medicine,Medical Toxicology,"Medical toxicologists are physicians who specialize in the prevention, evaluation, treatment and monitoring of injury and illness from exposures to drugs and chemicals, as well as biological and radiological agents. Medical toxicologists care for people in clinical, academic, governmental and public health settings, and provide poison control center leadership. Important areas of medical toxicology include acute drug poisoning, adverse drug events, drug abuse, addiction and withdrawal, chemicals and hazardous materials, terrorism preparedness, venomous bites and stings and environmental and workplace exposures.","Source: American Board of Medical Specialties, 2007.  www.abms.org [7/1/2007: added definition, added source; 7/1/2011: modified source]<br/>Additional Resources: American Board of Emergency Medicine, 2007.  http://www.abem.org/public/.   American Osteopathic Board of Emergency Medicine, 2007.  http://www.osteopathic.org/certification<br/>Board certification for Medical Doctors (MDs) is provided by the American Board of Emergency Medicine.  Board certification for Doctors of Osteopathy (DOs) is provided by the American Osteopathic Board of Emergency Medicine.",Medical Toxicology (Emergency Medicine) Physician,Individual
207PP0204X,Allopathic & Osteopathic Physicians,Emergency Medicine,Pediatric Emergency Medicine,Pediatric Emergency Medicine is a clinical subspecialty that focuses on the care of the acutely ill or injured child in the setting of an emergency department.,"Source: American Board of Medical Specialties, 2007.  www.abms.org [7/1/2007: added definition, added source]  Additional Resources: American Board of Emergency Medicine, 2007.  http://www.abem.org/public/    Board certification is provided by the American Board of Emergency Medicine.  Board certification for Medical Doctors (MDs) is provided by the American Board of Emergency Medicine.",Pediatric Emergency Medicine (Emergency Medicine) Physician,Individual
207PS0010X,Allopathic & Osteopathic Physicians,Emergency Medicine,Sports Medicine,"An emergency physician with special knowledge in sports medicine is responsible for continuous care in the field of sports medicine, not only for the enhancement of health and fitness, but also for the prevention and management of injury and illness. A sports medicine physician has knowledge and experience in the promotion of wellness and the role of exercise in promoting a healthy lifestyle. Knowledge of exercise physiology, biomechanics, nutrition, psychology, physical rehabilitation and epidemiology is essential to the practice of sports medicine.","Source: American Board of Medical Specialties, 2007.  www.abms.org [7/1/2007: added definition, added source; 7/1/2011: modified source]<br/>Additional Resources: American Board of Emergency Medicine, 2007.  http://www.abem.org/public/.   American Osteopathic Board of Emergency Medicine, 2007.  http://www.osteopathic.org/certification<br/>Board certification for Medical Doctors (MDs) is provided by the American Board of Emergency Medicine.  Board certification for Doctors of Osteopathy (DOs) is provided by the American Osteopathic Board of Emergency Medicine.",Sports Medicine (Emergency Medicine) Physician,Individual
207PE0005X,Allopathic & Osteopathic Physicians,Emergency Medicine,Undersea and Hyperbaric Medicine,"A specialist who treats decompression illness and diving accident cases and uses hyperbaric oxygen therapy to treat such conditions as carbon monoxide poisoning, gas gangrene, non-healing wounds, tissue damage from radiation and burns, and bone infections.  This specialist also serves as a consultant to other physicians in all aspects of hyperbaric chamber operations, and assesses risks and applies appropriate standards to prevent disease and disability in divers and other persons working in altered atmospheric conditions.","Source: American Board of Emergency Medicine [7/1/2008: source added, additional resources added]    Additional Resources: Additional Resources: www.abem.org & American Board of Preventive Medicine www.abprevmed.org",Undersea and Hyperbaric Medicine (Emergency Medicine) Physician,Individual
207Q00000X,Allopathic & Osteopathic Physicians,Family Medicine,,"Family Medicine is the medical specialty which is concerned with the total health care of the individual and the family. It is the specialty in breadth which integrates the biological, clinical, and behavioral sciences. The scope of family medicine is not limited by age, sex, organ system, or disease entity.","Source:  American Board of Family Medicine [1/1/2007: changed title; 7/1/2007: added definition, added source; 7/1/2017: modified definition]<br/>Note:  The American Osteopathic Board of Family Physicians certification includes extensive use of Osteopathic Manipulative Treatment (OMT), which integrates the biological, clinical, and behavioral sciences.<br/>Additional Resources:  American Board of Family Medicine, www.theabfm.org.  American Osteopathic Board of Family Physicians, www.osteopathic.org/certification<br/>Board certification for Medical Doctors (MDs) is provided by the American Board of Family Medicine. Board certification for Doctors of Osteopathy (DOs) is provided by the American Osteopathic Board of Family Physicians or the American Board of Family Medicine.",Family Medicine Physician,Individual
207QA0401X,Allopathic & Osteopathic Physicians,Family Medicine,Addiction Medicine,A family medicine physician who specializes in the diagnosis and treatment of addictions.,"Source: National Uniform Claim Committee, 2009 [1/1/2010: definition added, source added]    Additional Resources: A Certification of Added Qualifications (CAQ) was, but is no longer issued by the American Osteopathic Board of Family Physicians.",Addiction Medicine (Family Medicine) Physician,Individual
207QA0000X,Allopathic & Osteopathic Physicians,Family Medicine,Adolescent Medicine,"A family medicine physician with multidisciplinary training in the unique physical, psychological and social characteristics of adolescents and their health care problems and needs.","Source: American Board of Medical Specialties, 2007.  www.abms.org [7/1/2007: added definition, added source; 7/1/2011: modified source]<br/>Additional Resources: American Board of Family Medicine, 2007.  http://www.theabfm.org/.  American Osteopathic Board of Family Medicine, 2007.  http://www.osteopathic.org/certification<br/>Board certification for Medical Doctors (MDs) is provided by the American Board of Family Medicine.  Board certification for Doctors of Osteopathy (DOs) is provided by the American Osteopathic Board of Family Medicine.",Adolescent Medicine (Family Medicine) Physician,Individual
207QA0505X,Allopathic & Osteopathic Physicians,Family Medicine,Adult Medicine,The NUCC recommends this code not be used. Choose a more appropriate code.,,Adult Medicine Physician,Individual
207QD0401X,Allopathic & Osteopathic Physicians,Family Medicine,Diabetology,"A family medicine physician who specializes in diagnosis and management of type 1, type 2, gestational, and atypical diabetes; diabetes complications; hospital management of diabetic patients; use of technology in the treatment and monitoring of diabetes; management of ancillary diagnoses, such as hypertension, obesity, lipidemia, etc.; and education and counseling on nutrition and lifestyle management.","Source: American College of Diabetology, www.acdiabetology.org. Additional Resources: Board certification for physicians is provided by the American College of Diabetology.",Diabetology (Family Medicine) Physician,Individual
207QG0300X,Allopathic & Osteopathic Physicians,Family Medicine,Geriatric Medicine,"A family medicine physician with special knowledge of the aging process and special skills in the diagnostic, therapeutic, preventive and rehabilitative aspects of illness in the elderly. This specialist cares for geriatric patients in the patient's home, the office, long-term care settings such as nursing homes, and the hospital.","Source: American Board of Medical Specialties, 2007.  www.abms.org [7/1/2007: added definition, added source; 7/1/2011: modified source]<br/>Additional Resources: American Board of Family Medicine, 2007.  http://wwwtheabfm.org/.  American Osteopathic Board of Family Medicine, 2007.  http://www.osteopathic.org/certification<br/>Board certification for Medical Doctors (MDs) is provided by the American Board of Family Medicine.  Board certification for Doctors of Osteopathy (DOs) is provided by the American Osteopathic Board of Family Medicine.",Geriatric Medicine (Family Medicine) Physician,Individual
207QH0002X,Allopathic & Osteopathic Physicians,Family Medicine,Hospice and Palliative Medicine,"A family medicine physician with special knowledge and skills to prevent and relieve the suffering experienced by patients with life-limiting illnesses. This specialist works with an interdisciplinary hospice or palliative care team to maximize quality of life while addressing physical, psychological, social and spiritual needs of both patient and family throughout the course of the disease, through the dying process, and beyond for the family.  This specialist has expertise in the assessment of patients with advanced disease; the relief of distressing symptoms; the coordination of interdisciplinary patient and family-centered care in diverse venues; the use of specialized care systems including hospice; the management of the imminently dying patient; and legal and ethical decision making in end-of-life care.","Source: American Academy of Hospice and Palliative Medicine, www.aahpm.org [1/1/2007: new]",Hospice and Palliative Medicine (Family Medicine) Physician,Individual
207QB0002X,Allopathic & Osteopathic Physicians,Family Medicine,Obesity Medicine,"A physician who specializes in the treatment of obesity demonstrates competency in and a thorough understanding of the treatment of obesity and the genetic, biologic, environmental, social, and behavioral factors that contribute to obesity. The obesity medicine physician employs therapeutic interventions including diet, physical activity, behavioral change, and pharmacotherapy. The obesity medicine physician utilizes a comprehensive approach, and may include additional resources such as dietitians, exercise physiologists, mental health professionals and bariatric surgeons as indicated to achieve optimal results. Additionally, the obesity medicine physician maintains competency in providing pre- peri- and post-surgical care of bariatric surgery patients, promotes the prevention of obesity, and advocates for those who suffer from obesity.","Source:  American Board of Obesity Medicine, www.abom.org [10/1/2007: new, 7/1/2015: title and definition modified]  Additional Resource: American Society of Bariatric Physicians, www.asbp.org.",Obesity Medicine (Family Medicine) Physician,Individual
207QP0002X,Allopathic & Osteopathic Physicians,Family Medicine,Physician Nutrition Specialist,"A physician who specializes in the diagnosis and treatment of primary nutritional diseases (e.g., undernutrition, overnutrition, and genetic or acquired errors of metabolism) and adjunctive nutritional therapeutics (e.g., nutritional therapy or support of diseases states with a metabolic component). Physician Nutrition Specialists also provide services for nutritional disease prevention, including diabetes, cancer, Alzheimer’s, hospital malnutrition screening, and perioperative nutrition.","Source: National Board of Physician Nutrition Specialists, www.nbpns.org.",Physician Nutrition Specialist (Family Medicine),Individual
207QS1201X,Allopathic & Osteopathic Physicians,Family Medicine,Sleep Medicine,"A Family Medicine Physician who practices Sleep Medicine is certified in the subspecialty of sleep medicine and specializes in the clinical assessment, physiologic testing, diagnosis, management and prevention of sleep and circadian rhythm disorders. Sleep specialists treat patients of any age and use multidisciplinary approaches. Disorders managed by sleep specialists include, but are not limited to, sleep related breathing disorders, insomnia, hypersomnias, circadian rhythm sleep disorders, parasomnias and sleep related movement disorders.","Source: American Academy of Sleep Medicine, 2008, www.aasm.org  [7/1/2008: new]",Sleep Medicine (Family Medicine) Physician,Individual
207QS0010X,Allopathic & Osteopathic Physicians,Family Medicine,Sports Medicine,"A family medicine physician that is trained to be responsible for continuous care in the field of sports medicine, not only for the enhancement of health and fitness, but also for the prevention of injury and illness. A sports medicine physician must have knowledge and experience in the promotion of wellness and the prevention of injury. Knowledge about special areas of medicine such as exercise physiology, biomechanics, nutrition, psychology, physical rehabilitation, epidemiology, physical evaluation, injuries (treatment and prevention and referral practice) and the role of exercise in promoting a healthy lifestyle are essential to the practice of sports medicine. The sports medicine physician requires special education to provide the knowledge to improve the health care of the individual engaged in physical exercise (sports) whether as an individual or in team participation.","Source: American Board of Medical Specialties, 2007.  www.abms.org [7/1/2007: added definition, added source; 7/1/2011: modified source]<br/>Additional Resources: American Board of Family Medicine, 2007.  http://www.theabfm.org/.  American Osteopathic Board of Family Medicine, 2007.  http://www.osteopathic.org/certification<br/>Board certification for Medical Doctors (MDs) is provided by the American Board of Family Medicine.  Board certification for Doctors of Osteopathy (DOs) is provided by the American Osteopathic Board of Family Medicine.",Sports Medicine (Family Medicine) Physician,Individual
208D00000X,Allopathic & Osteopathic Physicians,General Practice,,"A physician who specializes in the general practice of diagnosing, treating, and managing patients with a variety of illnesses and conditions.",Source: National Uniform Claim Committee,General Practice Physician,Individual
208M00000X,Allopathic & Osteopathic Physicians,Hospitalist,,"Hospitalists are physicians whose primary professional focus is the general medical care of hospitalized patients. Their activities include patient care, teaching, research, and leadership related to Hospital Medicine. The term 'hospitalist' refers to physicians whose practice emphasizes providing care for hospitalized patients.","Source: American Society of Hospital Medicine, 2007.  http://www.hospitalmedicine.org/ [7/1/2009: definition added]  Additional Resources: Hospitalist is a recognized fellowship specialty program offered by many medical institutions.  There is no board certification for the specialty at this point.",Hospitalist Physician,Individual
202C00000X,Allopathic & Osteopathic Physicians,Independent Medical Examiner,,"A special evaluator not involved with the medical care of the individual examinee that impartially evaluates the care being provided by other practitioners to clarify clinical, disability, liability or other case issues.","Source: American Board of Independent Medical Examiners, www.abime.org [1/1/2007: new]",Independent Medical Examiner Physician,Individual
202D00000X,Allopathic & Osteopathic Physicians,Integrative Medicine,,"A physician who specializes in the treatment of the whole person through prevention and treatment based on medical evidence. Integrative medicine considers all factors that influence health, wellness, and disease - including mind, body, and spirit. Conventional and alternative methods are used to facilitate the body's innate healing response. Appropriate consideration is given to use of less-invasive and less-harmful interventions, when possible. It also incorporates all appropriate therapeutic approaches, health care modalities, and disciplines to achieve optimal health and healing.","Source: American Board of Physician Specialties, www.abpsus.org/aboim",Integrative Medicine Physician,Individual
207R00000X,Allopathic & Osteopathic Physicians,Internal Medicine,,"A physician who provides long-term, comprehensive care in the office and the hospital, managing both common and complex illness of adolescents, adults and the elderly. Internists are trained in the diagnosis and treatment of cancer, infections and diseases affecting the heart, blood, kidneys, joints and digestive, respiratory and vascular systems. They are also trained in the essentials of primary care internal medicine, which incorporates an understanding of disease prevention, wellness, substance abuse, mental health and effective treatment of common problems of the eyes, ears, skin, nervous system and reproductive organs.","Source: American Board of Medical Specialties, 2007.  www.abms.org [7/1/2007: added definition, added source; 7/1/2011: modified source]<br/>Additional Resources: American Board of Internal Medicine, 2007.  http://www.abim.org/.  American Osteopathic Board of Internal Medicine, 2007.  http://www.osteopathic.org/certification<br/>Board certification for Medical Doctors (MDs) is provided by the American Board of Internal  Medicine.  Board certification for Doctors of Osteopathy (DOs) is provided by the American Osteopathic Board of Internal  Medicine.",Internal Medicine Physician,Individual
207RA0401X,Allopathic & Osteopathic Physicians,Internal Medicine,Addiction Medicine,An internist doctor of osteopathy that specializes in the treatment of addiction disorders.  A doctor of osteopathy that is board eligible/certified by the American Osteopathic Board of Internal Medicine can obtain a Certificate of Added Qualifications in the field of Addiction Medicine.,"Source: American Osteopathic Board of Internal Medicine, 2007.  [7/1/2008: added definition, added source; 7/1/2011: modified source]<br/>Additional Resources: http://www.osteopathic.org/certification",Addiction Medicine (Internal Medicine) Physician,Individual
207RA0000X,Allopathic & Osteopathic Physicians,Internal Medicine,Adolescent Medicine,"An internist who specializes in adolescent medicine is a multi-disciplinary healthcare specialist trained in the unique physical, psychological and social characteristics of adolescents, their healthcare problems and needs.","Source: American Board of Medical Specialties, 2007.  www.abms.org [7/1/2007: added definition, added source; 7/1/2011: modified source]<br/>Additional Resources: American Board of Internal Medicine, 2007.  http://www.abim.org/.  American Osteopathic Board of Internal Medicine, 2007.  http://www.osteopathic.org/certification<br/>Board certification for Medical Doctors (MDs) is provided by the American Board of Internal  Medicine.  Board certification for Doctors of Osteopathy (DOs) is provided by the American Osteopathic Board of Internal  Medicine.",Adolescent Medicine (Internal Medicine) Physician,Individual
207RA0002X,Allopathic & Osteopathic Physicians,Internal Medicine,Adult Congenital Heart Disease,"A physician who specializes in the care and treatment of adults with congenital heart disease. Adult congenital heart disease (ACHD) physicians are trained to understand the complexities of congenital heart disease, anatomy, physiology, surgical repairs, and long-term complications and use that to manage ACHD with acquired heart disease, including heart failure, arrhythmias, and pulmonary hypertension.","Source: American College of Cardiology, www.acc.org [7/1/2018: new]",Adult Congenital Heart Disease Physician,Individual
207RA0001X,Allopathic & Osteopathic Physicians,Internal Medicine,Advanced Heart Failure and Transplant Cardiology,"Specialists in Advanced Heart Failure and Transplant Cardiology would participate in the inpatient and outpatient management of patients with advanced heart failure across the spectrum from consideration for high-risk cardiac surgery, cardiac transplantation, or mechanical circulatory support, to pre-and post-operative evaluation and management of patients with cardiac transplants and mechanical support devices, and end-of-life care for patients with end-stage heart failure.","Source:  American Board of Internal Medicine, www.abim.org  [7/1/2015: new]",Advanced Heart Failure and Transplant Cardiology Physician,Individual
207RA0201X,Allopathic & Osteopathic Physicians,Internal Medicine,Allergy & Immunology,An internist doctor of osteopathy that specializes in the treatment of allergy and immunologic disorders.  A doctor of osteopathy that is board eligible/certified by the American Osteopathic Board of Internal Medicine can obtain a Certificate of Special Qualifications in the field of Allergy & Immunology.,"Source: American Osteopathic Board of Internal Medicine, 2007.  [7/1/2008: added definition, added source; 7/1/2011: modified source]<br/>Additional Resources: http://www.osteopathic.org/certification",Allergy & Immunology (Internal Medicine) Physician,Individual
207RC0000X,Allopathic & Osteopathic Physicians,Internal Medicine,Cardiovascular Disease,"An internist who specializes in diseases of the heart and blood vessels and manages complex cardiac conditions such as heart attacks and life-threatening, abnormal heartbeat rhythms.","Source: American Osteopathic Board of Internal Medicine, 2008  [7/1/2008: added definition, added source; 7/1/2011: modified source]<br/>Additional Resources: American Board of Internal Medicine,  http://www.abim.org/.  American Osteopathic Board of Internal Medicine,  https://www.osteopathic.org/certification<br/>Board certification for Medical Doctors (MDs) is provided by the American Board of Internal Medicine.  Board certification for Doctors of Osteopathy (DOs) is provided by the American Osteopathic Board of Internal Medicine.",Cardiovascular Disease Physician,Individual
207RI0001X,Allopathic & Osteopathic Physicians,Internal Medicine,Clinical & Laboratory Immunology,An internal medicine physician who specializes in clinical and laboratory immunology disease management.,"Source: National Uniform Claim Committee, 2009 [1/1/2010: definition added, source added]    Additional Resources: A certification was, but is no longer issued by the American Board of Internal Medicine.",Clinical & Laboratory Immunology (Internal Medicine) Physician,Individual
207RC0001X,Allopathic & Osteopathic Physicians,Internal Medicine,Clinical Cardiac Electrophysiology,"A field of special interest within the subspecialty of cardiovascular disease, specialty of Internal Medicine, which involves intricate technical procedures to evaluate heart rhythms and determine appropriate treatment for them.","Source: American Board of Medical Specialties, 2007.  www.abms.org [7/1/2007: added definition, added source; 7/1/2011: modified source]<br/>Additional Resources: American Board of Internal Medicine, 2007.  http://www.abim.org/.  American Osteopathic Board of Internal Medicine, 2007.  http://www.osteopathic.org/certification<br/>Board certification for Medical Doctors (MDs) is provided by the American Board of Internal  Medicine.  Board certification for Doctors of Osteopathy (DOs) is provided by the American Osteopathic Board of Internal  Medicine.",Clinical Cardiac Electrophysiology Physician,Individual
207RC0200X,Allopathic & Osteopathic Physicians,Internal Medicine,Critical Care Medicine,"An internist who diagnoses, treats and supports patients with multiple organ dysfunction. This specialist may have administrative responsibilities for intensive care units and may also facilitate and coordinate patient care among the primary physician, the critical care staff and other specialists.","Source: American Board of Medical Specialties, 2007.  www.abms.org [7/1/2007: added definition, added source; 7/1/2011: modified source]<br/>Additional Resources: American Board of Internal Medicine, 2007.  http://www.abim.org/.  American Osteopathic Board of Internal Medicine, 2007.  http://www.osteopathic.org/certification<br/>Board certification for Medical Doctors (MDs) is provided by the American Board of Internal  Medicine.  Board certification for Doctors of Osteopathy (DOs) is provided by the American Osteopathic Board of Internal  Medicine.",Critical Care Medicine (Internal Medicine) Physician,Individual
207QB0505X,Allopathic & Osteopathic Physicians,Internal Medicine,Diabetology,"An internist who specializes in diagnosis and management of type 1, type 2, gestational, and atypical diabetes; diabetes complications; hospital management of diabetic patients; use of technology in the treatment and monitoring of diabetes; management of ancillary diagnoses, such as hypertension, obesity, lipidemia, etc.; and education and counseling on nutrition and lifestyle management.","Source: American College of Diabetology, www.acdiabetology.org. Additional Resources: Board certification for physicians is provided by the American College of Diabetology.",Diabetology (Internal Medicine) Physician,Individual
207RE0101X,Allopathic & Osteopathic Physicians,Internal Medicine,"Endocrinology, Diabetes & Metabolism","An internist who concentrates on disorders of the internal (endocrine) glands such as the thyroid and adrenal glands. This specialist also deals with disorders such as diabetes, metabolic and nutritional disorders, obesity, pituitary diseases and menstrual and sexual problems.","Source: American Board of Medical Specialties, 2007.  www.abms.org [7/1/2007: added definition, added source; 7/1/2011: modified source]<br/>Additional Resources: American Board of Internal Medicine, 2007.  http://www.abim.org/.  American Osteopathic Board of Internal Medicine, 2007.  http://www.osteopathic.org/certification<br/>Board certification for Medical Doctors (MDs) is provided by the American Board of Internal  Medicine.  Board certification for Doctors of Osteopathy (DOs) is provided by the American Osteopathic Board of Internal  Medicine.","Endocrinology, Diabetes & Metabolism Physician",Individual
207RG0100X,Allopathic & Osteopathic Physicians,Internal Medicine,Gastroenterology,"An internist who specializes in diagnosis and treatment of diseases of the digestive organs including the stomach, bowels, liver and gallbladder. This specialist treats conditions such as abdominal pain, ulcers, diarrhea, cancer and jaundice and performs complex diagnostic and therapeutic procedures using endoscopes to visualize internal organs.","Source: American Board of Medical Specialties, 2007.  www.abms.org [7/1/2007: added definition, added source; 7/1/2011: modified source]<br/>Additional Resources: American Board of Internal Medicine, 2007.  http://www.abim.org/.  American Osteopathic Board of Internal Medicine, 2007.  http://www.osteopathic.org/certification<br/>Board certification for Medical Doctors (MDs) is provided by the American Board of Internal  Medicine.  Board certification for Doctors of Osteopathy (DOs) is provided by the American Osteopathic Board of Internal  Medicine.",Gastroenterology Physician,Individual
207RG0300X,Allopathic & Osteopathic Physicians,Internal Medicine,Geriatric Medicine,"An internist who has special knowledge of the aging process and special skills in the diagnostic, therapeutic, preventive and rehabilitative aspects of illness in the elderly. This specialist cares for geriatric patients in the patient's home, the office, long-term care settings such as nursing homes and the hospital.","Source: American Board of Medical Specialties, 2007.  www.abms.org [7/1/2007: added definition, added source; 7/1/2011: modified source]<br/>Additional Resources: American Board of Internal Medicine, 2007.  http://www.abim.org/.  American Osteopathic Board of Internal Medicine, 2007.  http://www.osteopathic.org/certification<br/>Board certification for Medical Doctors (MDs) is provided by the American Board of Internal  Medicine.  Board certification for Doctors of Osteopathy (DOs) is provided by the American Osteopathic Board of Internal  Medicine.",Geriatric Medicine (Internal Medicine) Physician,Individual
207RH0000X,Allopathic & Osteopathic Physicians,Internal Medicine,Hematology,"An internist with additional training who specializes in diseases of the blood, spleen and lymph. This specialist treats conditions such as anemia, clotting disorders, sickle cell disease, hemophilia, leukemia and lymphoma.","Source: American Board of Medical Specialties, 2007.  www.abms.org [7/1/2007: added definition, added source; 7/1/2011: modified source]<br/>Additional Resources: American Board of Internal Medicine, 2007.  http://www.abim.org/.  American Osteopathic Board of Internal Medicine, 2007.  http://www.osteopathic.org/certification<br/>Board certification for Medical Doctors (MDs) is provided by the American Board of Internal  Medicine.  Board certification for Doctors of Osteopathy (DOs) is provided by the American Osteopathic Board of Internal  Medicine.",Hematology (Internal Medicine) Physician,Individual
207RH0003X,Allopathic & Osteopathic Physicians,Internal Medicine,Hematology & Oncology,An internist doctor of osteopathy that specializes in the treatment of the combination of hematology and oncology disorders.  A doctor of osteopathy that is board eligible/certified by the American Osteopathic Board of Internal Medicine WAS able to obtain a Certificate of Special Qualifications in the field of Hematology and Oncology.  The Certificate is NO longer offered.,"Source: American Osteopathic Board of Internal Medicine, 2007.  [7/1/2008: definition added, source added; 7/1/2011: modified source]<br/>Additional Resources: http://www.osteopathic.org/certification",Hematology & Oncology Physician,Individual
207RI0008X,Allopathic & Osteopathic Physicians,Internal Medicine,Hepatology,"The discipline of Hepatology encompasses the structure, function, and diseases of the liver and biliary tract. The American Board of Internal Medicine considers Hepatology part of the subspecialty of gastroenterology. Physicians who identify themselves as Hepatologists usually, but not always, have been trained in gastrointestinal programs.","Training Programs, and/or Fellowships, Preceptorships: The American Association for the Study of Liver Diseases (AASLD) is the major professional society organized for physicians with an interest in Hepatology. A subcommittee of that organization has published guidelines for training programs in the 1992 November issue of Hepatology. Source: The American Board of Internal Medicine 9/1993    ACGME Accredited Residency Program Requirements:  None",Hepatology Physician,Individual
207RH0002X,Allopathic & Osteopathic Physicians,Internal Medicine,Hospice and Palliative Medicine,"An internal medicine physician with special knowledge and skills to prevent and relieve the suffering experienced by patients with life-limiting illnesses. This specialist works with an interdisciplinary hospice or palliative care team to maximize quality of life while addressing physical, psychological, social and spiritual needs of both patient and family throughout the course of the disease, through the dying process, and beyond for the family.  This specialist has expertise in the assessment of patients with advanced disease; the relief of distressing symptoms; the coordination of interdisciplinary patient and family-centered care in diverse venues; the use of specialized care systems including hospice; the management of the imminently dying patient; and legal and ethical decision making in end-of-life care.","Source: American Academy of Hospice and Palliative Medicine, www.aahpm.org [1/1/2007: new]",Hospice and Palliative Medicine (Internal Medicine) Physician,Individual
207RH0005X,Allopathic & Osteopathic Physicians,Internal Medicine,Hypertension Specialist,A Hypertension Specialist is a physician who concentrates on all aspects of the diagnosis and treatment of hypertension.,"Source:  American Society of Hypertension, www.ash-us.org [7/1/2011: new]  Additional Resources:  The American Society of Hypertension Specialists Program offers an examination and designation for Hypertension Specialists.  This subspecialty is not a Board certificate issued by either the American Board of Internal Medicine or the American Osteopathic Board of Internal Medicine.",Hypertension Specialist Physician,Individual
207RI0200X,Allopathic & Osteopathic Physicians,Internal Medicine,Infectious Disease,An internist who deals with infectious diseases of all types and in all organ systems. Conditions requiring selective use of antibiotics call for this special skill. This physician often diagnoses and treats AIDS patients and patients with fevers which have not been explained. Infectious disease specialists may also have expertise in preventive medicine and travel medicine.,"Source: American Board of Medical Specialties, 2007.  www.abms.org [7/1/2007: added definition, added source; 7/1/2011: modified source]<br/>Additional Resources: American Board of Internal Medicine, 2007.  http://www.abim.org/.  American Osteopathic Board of Internal Medicine, 2007.  http://www.osteopathic.org/certification<br/>Board certification for Medical Doctors (MDs) is provided by the American Board of Internal  Medicine.  Board certification for Doctors of Osteopathy (DOs) is provided by the American Osteopathic Board of Internal  Medicine.",Infectious Disease Physician,Individual
207RI0011X,Allopathic & Osteopathic Physicians,Internal Medicine,Interventional Cardiology,"An area of medicine within the subspecialty of cardiology, which uses specialized imaging and other diagnostic techniques to evaluate blood flow and pressure in the coronary arteries and chambers of the heart and uses technical procedures and medications to treat abnormalities that impair the function of the cardiovascular system.","Source: American Board of Medical Specialties, 2007.  www.abms.org [7/1/2007: added definition, added source]   Additional Resources: American Board of Internal Medicine, 2007. http://www.abim.org/    Board Certification for Medical Doctors (MDs) is provided by the American Board of Internal Medicine.  ACGME Accredited Residency Program Requirements:  1 year of training plus a prerequisite of 3 years Internal Medicine, 3 years Cardiovascular Disease for a total of 7 years.  ABMS Approved Subspecialty Certificate  (Internal Medicine)",Interventional Cardiology Physician,Individual
207RM1200X,Allopathic & Osteopathic Physicians,Internal Medicine,Magnetic Resonance Imaging (MRI),The NUCC recommends this code not be used. Choose a more appropriate code.<br/>,,Magnetic Resonance Imaging (MRI) Internal Medicine Physician,Individual
207RX0202X,Allopathic & Osteopathic Physicians,Internal Medicine,Medical Oncology,An internist who specializes in the diagnosis and treatment of all types of cancer and other benign and malignant tumors. This specialist decides on and administers therapy for these malignancies as well as consults with surgeons and radiotherapists on other treatments for cancer.,"Source: American Board of Medical Specialties, 2007.  www.abms.org [7/1/2007: added definition, added source. 11/5/2007: corrected definition]",Medical Oncology Physician,Individual
207RN0300X,Allopathic & Osteopathic Physicians,Internal Medicine,Nephrology,"An internist who treats disorders of the kidney, high blood pressure, fluid and mineral balance and dialysis of body wastes when the kidneys do not function. This specialist consults with surgeons about kidney transplantation.","Source: American Board of Medical Specialties, 2007.  www.abms.org [7/1/2007: added definition, added source; 7/1/2011: modified source]<br/>Additional Resources: American Board of Internal Medicine, 2007.  http://www.abim.org/.  American Osteopathic Board of Internal Medicine, 2007.  http://www.osteopathic.org/certification<br/>Board certification for Medical Doctors (MDs) is provided by the American Board of Internal  Medicine.  Board certification for Doctors of Osteopathy (DOs) is provided by the American Osteopathic Board of Internal  Medicine.",Nephrology Physician,Individual
207RB0002X,Allopathic & Osteopathic Physicians,Internal Medicine,Obesity Medicine,"A physician who specializes in the treatment of obesity demonstrates competency in and a thorough understanding of the treatment of obesity and the genetic, biologic, environmental, social, and behavioral factors that contribute to obesity. The obesity medicine physician employs therapeutic interventions including diet, physical activity, behavioral change, and pharmacotherapy. The obesity medicine physician utilizes a comprehensive approach, and may include additional resources such as dietitians, exercise physiologists, mental health professionals and bariatric surgeons as indicated to achieve optimal results. Additionally, the obesity medicine physician maintains competency in providing pre- peri- and post-surgical care of bariatric surgery patients, promotes the prevention of obesity, and advocates for those who suffer from obesity.","Source:  American Board of Obesity Medicine, www.abom.org [10/1/2007: new, 7/1/2015: title and definition modified]  Additional Resource: American Society of Bariatric Physicians, www.asbp.org.",Obesity Medicine (Internal Medicine) Physician,Individual
207RP1002X,Allopathic & Osteopathic Physicians,Internal Medicine,Physician Nutrition Specialist,"A physician who specializes in the diagnosis and treatment of primary nutritional diseases (e.g., undernutrition, overnutrition, and genetic or acquired errors of metabolism) and adjunctive nutritional therapeutics (e.g., nutritional therapy or support of diseases states with a metabolic component). Physician Nutrition Specialists also provide services for nutritional disease prevention, including diabetes, cancer, Alzheimer’s, hospital malnutrition screening, and perioperative nutrition.","Source: National Board of Physician Nutrition Specialists, www.nbpns.org.",Physician Nutrition Specialist (Internal Medicine),Individual
207RP1001X,Allopathic & Osteopathic Physicians,Internal Medicine,Pulmonary Disease,"An internist who treats diseases of the lungs and airways. The pulmonologist diagnoses and treats cancer, pneumonia, pleurisy, asthma, occupational and environmental diseases, bronchitis, sleep disorders, emphysema and other complex disorders of the lungs.","Source: American Board of Medical Specialties, 2007.  www.abms.org [7/1/2007: added definition, added source; 7/1/2011: modified source]<br/>Additional Resources: American Board of Internal Medicine, 2007.  http://www.abim.org/.  American Osteopathic Board of Internal Medicine, 2007.  http://www.osteopathic.org/certification<br/>Board certification for Medical Doctors (MDs) is provided by the American Board of Internal  Medicine.  Board certification for Doctors of Osteopathy (DOs) is provided by the American Osteopathic Board of Internal  Medicine.",Pulmonary Disease Physician,Individual
207RR0500X,Allopathic & Osteopathic Physicians,Internal Medicine,Rheumatology,"An internist who treats diseases of joints, muscle, bones and tendons. This specialist diagnoses and treats arthritis, back pain, muscle strains, common athletic injuries and ""collagen"" diseases.","Source: American Board of Medical Specialties, 2007.  www.abms.org [7/1/2007: added definition, added source; 7/1/2011: modified source]<br/>Additional Resources: American Board of Internal Medicine, 2007.  http://www.abim.org/.  American Osteopathic Board of Internal Medicine, 2007.  http://www.osteopathic.org/certification<br/>Board certification for Medical Doctors (MDs) is provided by the American Board of Internal  Medicine.  Board certification for Doctors of Osteopathy (DOs) is provided by the American Osteopathic Board of Internal  Medicine.",Rheumatology Physician,Individual
207RS0012X,Allopathic & Osteopathic Physicians,Internal Medicine,Sleep Medicine,"An Internist who practices Sleep Medicine is certified in the subspecialty of sleep medicine and specializes in the clinical assessment, physiologic testing, diagnosis, management and prevention of sleep and circadian rhythm disorders. Sleep specialists treat patients of any age and use multidisciplinary approaches. Disorders managed by sleep specialists include, but are not limited to, sleep related breathing disorders, insomnia, hypersomnias, circadian rhythm sleep disorders, parasomnias and sleep related movement disorders.","Source: American Academy of Sleep Medicine, www.aasm.org [7/1/2006: new]",Sleep Medicine (Internal Medicine) Physician,Individual
207RS0010X,Allopathic & Osteopathic Physicians,Internal Medicine,Sports Medicine,"An internist trained to be responsible for continuous care in the field of sports medicine, not only for the enhancement of health and fitness, but also for the prevention of injury and illness. A sports medicine physician must have knowledge and experience in the promotion of wellness and the prevention of injury. Knowledge about special areas of medicine such as exercise physiology, biomechanics, nutrition, psychology, physical rehabilitation, epidemiology, physical evaluation, injuries (treatment and prevention and referral practice) and the role of exercise in promoting a healthy lifestyle are essential to the practice of sports medicine. The sports medicine physician requires special education to provide the knowledge to improve the healthcare of the individual.","Source: American Board of Medical Specialties, 2007.  www.abms.org [7/1/2007: added definition, added source; 7/1/2011: modified source]<br/>Additional Resources: American Board of Internal Medicine, 2007.  http://www.abim.org/.  American Osteopathic Board of Internal Medicine, 2007.  http://www.osteopathic.org/certification<br/>Board certification for Medical Doctors (MDs) is provided by the American Board of Internal  Medicine.  Board certification for Doctors of Osteopathy (DOs) is provided by the American Osteopathic Board of Internal  Medicine.",Sports Medicine (Internal Medicine) Physician,Individual
207RT0003X,Allopathic & Osteopathic Physicians,Internal Medicine,Transplant Hepatology,An internist with special knowledge and the skill required of a gastroenterologist to care for patients prior to and following hepatic transplantation that spans all phases of liver transplantation. Selection of appropriate recipients requires assessment by a team having experience in evaluating the severity and prognosis of patients with liver disease.,"Source: American Board of Medical Specialties, 2007.  www.abms.org [7/1/2007: new]    Additional Resources: American Board of Internal Medicine, 2007.  http://www.abim.org/.    Board certification for Medical Doctors (MDs) is provided by the American Board of Internal Medicine.",Transplant Hepatology Physician,Individual
209800000X,Allopathic & Osteopathic Physicians,Legal Medicine,,"Legal Medicine is a special field of medicine that focuses on various aspects of medicine and law. Historically, the practice of legal medicine made contributions to medicine as a scientific instrument to solve criminal perplexities. Since World War II, the domain of legal medicine has broadened to include not only aspects of medical science to solve legal and criminal problems but aspects of law as it applies to medicine. Legal Medicine continues to grow as medicolegal issues like medical malpractice and liability, government regulation of health care, issues of tort reform, and moral and ethical complexities presented by technological advances become increasingly prominent. Many medical schools have implemented courses which supply medicolegal instruction for medical students, and many law schools now offer medicolegal courses. Also, dual degree programs in law and medicine have been created to assist physicians to bridge the gap between medicine and the law.","Source: American Board of Legal Medicine 08/1992. www.ablminc.org [7/1/2009: definition reformatted]    Additional Resources: Training Programs, and/or Fellowships, Preceptorships: Certification available through the American Board of Legal Medicine. ACGME Accredited Residency Program Requirements: None.",Legal Medicine (M.D./D.O.) Physician,Individual
207SG0202X,Allopathic & Osteopathic Physicians,Medical Genetics,Clinical Biochemical Genetics,A clinical biochemical geneticist demonstrates competence in performing and interpreting biochemical analyses relevant to the diagnosis and management of human genetic diseases and is a consultant regarding laboratory diagnosis of a broad range of inherited disorders.,"Source: American Board of Medical Specialties, 2007.  www.abms.org [7/1/2007: definition added, source added]    Additional Resources: American Board of Medical Genetics, 2007.  http://www.abmg.org/.    Board certification for Medical Doctors (MDs) is provided by the American Board of Medical Genetics.",Clinical Biochemical Genetics Physician,Individual
207SC0300X,Allopathic & Osteopathic Physicians,Medical Genetics,Clinical Cytogenetics,"A clinical cytogeneticist demonstrates competence in providing laboratory diagnostic and clinical interpretive services dealing with cellular components, particularly chromosomes, associated with heredity.","Source: American Board of Medical Specialties, 2007.  www.abms.org [7/1/2007: definition added, source added]    Additional Resources: American Board of Medical Genetics, 2007.  http://www.abmg.org/.    Board certification for Medical Doctors (MDs) is provided by the American Board of Medical Genetics.   A general certificate was first issued by the ABMS in 1982.  ACGME Accredited Residency Program Requirements:  None.",Clinical Cytogenetics Physician,Individual
207SG0201X,Allopathic & Osteopathic Physicians,Medical Genetics,Clinical Genetics (M.D.),"A clinical geneticist demonstrates competence in providing comprehensive diagnostic, management and counseling services for genetic disorders.","Source: American Board of Medical Specialties, 2007.  www.abms.org [7/1/2007: definition added, source added]    Additional Resources: American Board of Medical Genetics, 2007.  http://www.abmg.org/.    Board certification for Medical Doctors (MDs) is provided by the American Board of Medical Genetics.",Clinical Genetics (M.D.) Physician,Individual
207SG0203X,Allopathic & Osteopathic Physicians,Medical Genetics,Clinical Molecular Genetics,A clinical molecular geneticist demonstrates competence in performing and interpreting molecular analyses relevant to the diagnosis and management of human genetic diseases and is a consultant regarding laboratory diagnosis of a broad range of inherited disorders.,"Source: American Board of Medical Specialties, 2007.  www.abms.org [7/1/2007: definition added, source added]    Additional Resources: American Board of Medical Genetics, 2007.  http://www.abmg.org/.    Board certification for Medical Doctors (MDs) is provided by the American Board of Medical Genetics.",Clinical Molecular Genetics Physician,Individual
207SG0207X,Allopathic & Osteopathic Physicians,Medical Genetics,Medical Biochemical Genetics,"A medical biochemical geneticist specializes in the diagnosis, evaluation, prevention, and treatment of patients with biochemical genetic disorders, defined as inborn errors of metabolism at any age of onset. Training does not include those skills and knowledge necessary to direct a clinical laboratory.","Source: American Board of Medical Genetics and Genomics, www.abmgg.org. [10/1/2023: New]",Medical Biochemical Genetics,Individual
207SM0001X,Allopathic & Osteopathic Physicians,Medical Genetics,Molecular Genetic Pathology,"A board certified subspecialty, the molecular genetic pathologist is expert in the principles, theory and technologies of molecular biology and molecular genetics. This expertise is used to make or confirm diagnoses of Mendelian genetic disorders, of human development, infectious diseases and malignancies and to assess the natural history of those disorders. A molecular genetic pathologist provides information about gene structure, function and alteration, and applies laboratory techniques for diagnosis, treatment and prognosis for individuals with related disorders.","Source: American Board of Medical Specialties, 2007.  www.abms.org [7/1/2007: definition added, source added]    Additional Resources: American Board of Medical Genetics, 2007.  http://www.abmg.org/.    Board certification for Medical Doctors (MDs) is provided by the American Board of Medical Genetics.    A subspecialty certificate for MGG was approved by the ABMS in 1999.    ACGME Accredited Residency Program Requirements:  Proposal under development.",Molecular Genetic Pathology (Medical Genetics) Physician,Individual
207SG0205X,Allopathic & Osteopathic Physicians,Medical Genetics,Ph.D. Medical Genetics,"A medical geneticist works in association with a medical specialist, is affiliated with a clinical genetics program and serves as a consultant to medical and dental specialists.","Source: American Board of Medical Specialties, 2007.  www.abms.org [7/1/2007: definition added, source added]    Additional Resources: American Board of Medical Genetics, 2007.  http://www.abmg.org/.    Board certification for Medical Doctors (MDs) is provided by the American Board of Medical Genetics.",Ph.D. Medical Genetics Physician,Individual
207T00000X,Allopathic & Osteopathic Physicians,Neurological Surgery,,"A neurological surgeon provides the operative and non-operative management (i.e., prevention, diagnosis, evaluation, treatment, critical care, and rehabilitation) of disorders of the central, peripheral, and autonomic nervous systems, including their supporting structures and vascular supply; the evaluation and treatment of pathological processes which modify function or activity of the nervous system; and the operative and non-operative management of pain. A neurological surgeon treats patients with disorders of the nervous system; disorders of the brain, meninges, skull, and their blood supply, including the extracranial carotid and vertebral arteries; disorders of the pituitary gland; disorders of the spinal cord, meninges, and vertebral column, including those which may require treatment by spinal fusion or instrumentation; and disorders of the cranial and spinal nerves throughout their distribution.","Source: American Board of Medical Specialties, 2007.  www.abms.org [7/1/2007: definition added, source added]    Additional Resources: American Board of Neurological Surgery, 2007.  http://www.abns.org/.    Board certification for Medical Doctors (MDs) is provided by the American Board of Neurological Surgery.",Neurological Surgery Physician,Individual
204D00000X,Allopathic & Osteopathic Physicians,Neuromusculoskeletal Medicine & OMM,,"The Neuromusculoskeletal Medicine and Osteopathic Manipulative Medicine physician directs special attention to the neuromusculoskeletal system and its interaction with other body systems. Neuromusculoskeletal Medicine and Osteopathic Manipulative Medicine encompasses increased knowledge and understanding of osteopathic principles and practice and heightened technical skills of osteopathic manipulative medicine, and integrates each of these into the management of pediatric, adolescent, adult, and geriatric patients.","Source: American Osteopathic Association, 2017 [7/1/2017: added definition]<br/>Additional Resources: American Osteopathic Board of Neuromusculoskeletal Medicine, 2017, http://www.osteopathic.org/certification",Neuromusculoskeletal Medicine & OMM Physician,Individual
204C00000X,Allopathic & Osteopathic Physicians,"Neuromusculoskeletal Medicine, Sports Medicine",,A Neuromusculoskeletal Medicine and Osteopathic Manipulative Medicine physician trained to be responsible for the continuous care in the field of sports medicine encompasses increased knowledge and understanding of osteopathic principles and practice and heightened technical skills of osteopathic manipulative medicine and integrates each of these into the management of the individual engaged in physical exercise (sports) whether as an individual or in team participation.,Source: American Osteopathic Association<br/>Additional Resources: AOA Osteopathic Board Certification in Neuromusculoskeletal Medicine; https://certification.osteopathic.org/sports-medicine/<br/>,Sports Medicine (Neuromusculoskeletal Medicine) Physician,Individual
207U00000X,Allopathic & Osteopathic Physicians,Nuclear Medicine,,"A nuclear medicine specialist employs the properties of radioactive atoms and molecules in the diagnosis and treatment of disease and in research. Radiation detection and imaging instrument systems are used to detect disease as it changes the function and metabolism of normal cells, tissues and organs. A wide variety of diseases can be found in this way, usually before the structure of the organ involved by the disease can be seen to be abnormal by any other techniques. Early detection of coronary artery disease (including acute heart attack), early cancer detection and evaluation of the effect of tumor treatment, diagnosis of infection and inflammation anywhere in the body and early detection of blood clot in the lungs are all possible with these techniques. Unique forms of radioactive molecules can attack and kill cancer cells (e.g., lymphoma, thyroid cancer) or can relieve the severe pain of cancer that has spread to bone","Source: American Board of Medical Specialties, 2007.  www.abms.org [7/1/2007: definition added, source added; 7/1/2011: modified source]<br/>Additional Resources: American Board of Nuclear Medicine, 2007.  http://www.abnm.org/.    A doctor of osteopathy was able to obtain a Certificate of Added Qualifications in the field of Nuclear Medicine.  The Certificate is NO longer offered.<br/>American Osteopathic Board of Nuclear Medicine, 2007.  http://www.osteopathic.org/certification<br/>Board certification for Medical Doctors (MDs) is provided by the American Board of Nuclear Medicine.",Nuclear Medicine Physician,Individual
207UN0903X,Allopathic & Osteopathic Physicians,Nuclear Medicine,In Vivo & In Vitro Nuclear Medicine,A nuclear medicine physician who specializes in in vivo and in vitro nuclear medicine.,"Source: National Uniform Claim Committee, 2009 [1/1/2010: definition added, source added]    Additional Resources: A Certification of Added Qualifications (CAQ) was, but is no longer issued by the American Osteopathic Board of Nuclear Medicine.",In Vivo & In Vitro Nuclear Medicine Physician,Individual
207UN0901X,Allopathic & Osteopathic Physicians,Nuclear Medicine,Nuclear Cardiology,A nuclear medicine physician who specializes in nuclear cardiology.,"Source: National Uniform Claim Committee, 2009 [1/1/2010: definition added, source added]    Additional Resources: A Certification of Added Qualifications (CAQ) was, but is no longer issued by the American Osteopathic Board of Nuclear Medicine.",Nuclear Cardiology Physician,Individual
207UN0902X,Allopathic & Osteopathic Physicians,Nuclear Medicine,Nuclear Imaging & Therapy,A nuclear medicine physician who specializes in nuclear imaging and therapy.,"Source: National Uniform Claim Committee, 2009 [1/1/2010: definition added, source added]    Additional Resources: A Certification of Added Qualifications (CAQ) was, but is no longer issued by the American Osteopathic Board of Nuclear Medicine.",Nuclear Imaging & Therapy Physician,Individual
207V00000X,Allopathic & Osteopathic Physicians,Obstetrics & Gynecology,,"An obstetrician/gynecologist possesses special knowledge, skills and professional capability in the medical and surgical care of the female reproductive system and associated disorders. This physician serves as a consultant to other physicians and as a primary physician for women.","Source: American Board of Medical Specialties, 2007.  www.abms.org [7/1/2007: definition added, source added; 7/1/2011: modified source]<br/>Additional Resources: American Board of Obstetrics and Gynecology, 2007.  http://www.abog.org/.  American Osteopathic Board of Obstetrics and Gynecology, 2007.  http://www.osteopathic.org/certification<br/>Board certification for Medical Doctors (MDs) is provided by the American Board of Obstetrics and Gynecology.  Board certification for Doctors of Osteopathy (DOs) is provided by the American Osteopathic Board of Obstetrics and Gynecology.",Obstetrics & Gynecology Physician,Individual
207VC0300X,Allopathic & Osteopathic Physicians,Obstetrics & Gynecology,Complex Family Planning,"A complex family planning physician specializes in the diagnosis and treatment of individuals with complex reproductive needs. These physicians are experts in abortion and contraception clinical care, research, education, and advocacy.","Source: National Uniform Claim Committee, 2021. Resources: Society of Family Planning, www.societyfp.org.<br/>",Complex Family Planning Physician,Individual
207VC0200X,Allopathic & Osteopathic Physicians,Obstetrics & Gynecology,Critical Care Medicine,"An obstetrician/gynecologist, who specializes in critical care medicine diagnoses, treats and supports female patients with multiple organ dysfunction. This specialist may have administrative responsibilities for intensive care units and may also facilitate and coordinate patient care among the primary physician, the critical care staff and other specialists.","Source: American Board of Medical Specialties, 2007.  www.abms.org [7/1/2007: definition added, source added; 7/1/2011: modified source]<br/>Additional Resources: American Board of Obstetrics and Gynecology, 2007.  http://www.abog.org/.  American Osteopathic Board of Obstetrics and Gynecology, 2007.  http://www.osteopathic.org/certification<br/>Board certification for Medical Doctors (MDs) is provided by the American Board of Obstetrics and Gynecology.  Board certification for Doctors of Osteopathy (DOs) is provided by the American Osteopathic Board of Obstetrics and Gynecology.",Critical Care Medicine (Obstetrics & Gynecology) Physician,Individual
207VF0040X,Allopathic & Osteopathic Physicians,Obstetrics & Gynecology,Urogynecology and Reconstructive Pelvic Surgery,"A subspecialist in Urogynecology and Reconstructive Pelvic Surgery is a physician in Urology or Obstetrics and Gynecology who, by virtue of education and training, is prepared to provide consultation and comprehensive management of women with complex benign pelvic conditions, lower urinary tract disorders, and pelvic floor dysfunction. Comprehensive management includes those diagnostic and therapeutic procedures necessary for the total care of the patient with these conditions and complications resulting from them.","Source: American Board of Medical Specialties, 2011. [1/1/2012: new, 7/1/24: modified]  Resources:  www.abms.org",Urogynecology and Reconstructive Pelvic Surgery (Obstetrics & Gynecology) Physician,Individual
207VX0201X,Allopathic & Osteopathic Physicians,Obstetrics & Gynecology,Gynecologic Oncology,"An obstetrician/gynecologist who provides consultation and comprehensive management of patients with gynecologic cancer, including those diagnostic and therapeutic procedures necessary for the total care of the patient with gynecologic cancer and resulting complications.","Source: American Board of Medical Specialties, 2007.  www.abms.org [7/1/2007: definition added, source added; 7/1/2011: modified source]<br/>Additional Resources: American Board of Obstetrics and Gynecology, 2007.  http://www.abog.org/.  American Osteopathic Board of Obstetrics and Gynecology, 2007.  http://www.osteopathic.org/certification<br/>Board certification for Medical Doctors (MDs) is provided by the American Board of Obstetrics and Gynecology.  Board certification for Doctors of Osteopathy (DOs) is provided by the American Osteopathic Board of Obstetrics and Gynecology.",Gynecologic Oncology Physician,Individual
207VG0400X,Allopathic & Osteopathic Physicians,Obstetrics & Gynecology,Gynecology,"A physician who specializes in diagnosis, treatment, and management of patients with gynecologic conditions.",Source: National Uniform Claim Committee,Gynecology Physician,Individual
207VH0002X,Allopathic & Osteopathic Physicians,Obstetrics & Gynecology,Hospice and Palliative Medicine,"An obstetrician/gynecologist with special knowledge and skills to prevent and relieve the suffering experienced by patients with life-limiting illnesses. This specialist works with an interdisciplinary hospice or palliative care team to maximize quality of life while addressing physical, psychological, social and spiritual needs of both patient and family throughout the course of the disease, through the dying process, and beyond for the family.  This specialist has expertise in the assessment of patients with advanced disease; the relief of distressing symptoms; the coordination of interdisciplinary patient and family-centered care in diverse venues; the use of specialized care systems including hospice; the management of the imminently dying patient; and legal and ethical decision making in end-of-life care.","Source: American Academy of Hospice and Palliative Medicine, www.aahpm.org [1/1/2007: new]",Hospice and Palliative Medicine (Obstetrics & Gynecology) Physician,Individual
207VM0101X,Allopathic & Osteopathic Physicians,Obstetrics & Gynecology,Maternal & Fetal Medicine,"An obstetrician/gynecologist who cares for, or provides consultation on, patients with complications of pregnancy. This specialist has advanced knowledge of the obstetrical, medical and surgical complications of pregnancy and their effect on both the mother and the fetus. The specialist also possesses expertise in the most current diagnostic and treatment modalities used in the care of patients with complicated pregnancies.","Source: American Board of Medical Specialties, 2007.  www.abms.org [7/1/2007: definition added, source added; 7/1/2011: modified source]<br/>Additional Resources: American Board of Obstetrics and Gynecology, 2007.  http://www.abog.org/.  American Osteopathic Board of Obstetrics and Gynecology, 2007.  http://www.osteopathic.org/certification<br/>Board certification for Medical Doctors (MDs) is provided by the American Board of Obstetrics and Gynecology.  Board certification for Doctors of Osteopathy (DOs) is provided by the American Osteopathic Board of Obstetrics and Gynecology.",Maternal & Fetal Medicine Physician,Individual
207VB0002X,Allopathic & Osteopathic Physicians,Obstetrics & Gynecology,Obesity Medicine,"A physician who specializes in the treatment of obesity demonstrates competency in and a thorough understanding of the treatment of obesity and the genetic, biologic, environmental, social, and behavioral factors that contribute to obesity. The obesity medicine physician employs therapeutic interventions including diet, physical activity, behavioral change, and pharmacotherapy. The obesity medicine physician utilizes a comprehensive approach, and may include additional resources such as dietitians, exercise physiologists, mental health professionals and bariatric surgeons as indicated to achieve optimal results. Additionally, the obesity medicine physician maintains competency in providing pre- peri- and post-surgical care of bariatric surgery patients, promotes the prevention of obesity, and advocates for those who suffer from obesity.","Source:  American Board of Obesity Medicine, www.abom.org [10/1/2007: new, 7/1/2015: title and definition modified]  Additional Resource: American Society of Bariatric Physicians, www.asbp.org.",Obesity Medicine (Obstetrics & Gynecology) Physician,Individual
207VX0000X,Allopathic & Osteopathic Physicians,Obstetrics & Gynecology,Obstetrics,"A physician who specializes in diagnosis, treatment, and management of patients with obstetric conditions.",Source: National Uniform Claim Committee,Obstetrics Physician,Individual
207VE0102X,Allopathic & Osteopathic Physicians,Obstetrics & Gynecology,Reproductive Endocrinology,An obstetrician/gynecologist who is capable of managing complex problems relating to reproductive endocrinology and infertility.,"Source: American Board of Medical Specialties, 2007.  www.abms.org [7/1/2007: definition added, source added; 7/1/2011: modified source]<br/>Additional Resources: American Board of Obstetrics and Gynecology, 2007.  http://www.abog.org/.  American Osteopathic Board of Obstetrics and Gynecology, 2007.  http://www.osteopathic.org/certification<br/>Board certification for Medical Doctors (MDs) is provided by the American Board of Obstetrics and Gynecology.  Board certification for Doctors of Osteopathy (DOs) is provided by the American Osteopathic Board of Obstetrics and Gynecology.",Reproductive Endocrinology Physician,Individual
207W00000X,Allopathic & Osteopathic Physicians,Ophthalmology,,"An ophthalmologist has the knowledge and professional skills needed to provide comprehensive eye and vision care. Ophthalmologists are medically trained to diagnose, monitor and medically or surgically treat all ocular and visual disorders. This includes problems affecting the eye and its component structures, the eyelids, the orbit and the visual pathways. In so doing, an ophthalmologist prescribes vision services, including glasses and contact lenses.","Source: American Board of Medical Specialties, 2007.  www.abms.org [7/1/2007: definition added, source added; 7/1/2011: modified source]<br/>Additional Resources: American Board of Ophthalmology, 2007.  http://www.abop.org/.  American Osteopathic Board of Ophthalmology and Otolaryngology, 2007.  http://www.osteopathic.org/certification<br/>Board certification for Medical Doctors (MDs) is provided by the American Board of Ophthalmology.  Board certification for Doctors of Osteopathy (DOs) is provided by the American Osteopathic Board of Ophthalmology and Otolaryngology.",Ophthalmology Physician,Individual
207WX0120X,Allopathic & Osteopathic Physicians,Ophthalmology,Cornea and External Diseases Specialist,"An ophthalmologist who specializes in diseases of the cornea, sclera, eyelids, conjunctiva, and anterior segment of the eye.","Source: American Academy of Ophthalmology, www.aao.org [1/1/2018: new]",Cornea and External Diseases Specialist Physician,Individual
207WX0009X,Allopathic & Osteopathic Physicians,Ophthalmology,Glaucoma Specialist,An ophthalmologist who specializes in the treatment of glaucoma and other disorders related to increased intraocular pressure and optic nerve damage.  This specialty involves the medical and surgical treatment of these conditions.,"Source: American Academy of Ophthalmology, www.aao.org [1/1/2017: new]  Additional Resources: Association of University Professors of Ophthalmology, www.aupo.org",Glaucoma Specialist (Ophthalmology) Physician,Individual
207WX0109X,Allopathic & Osteopathic Physicians,Ophthalmology,Neuro-ophthalmology,"A neuro-ophthalmologist is a subspecialist of ophthalmology.  This physician evaluates, treats, and studies disorders of the eye, orbit and nervous system having to do with interactions of the visual motor and visual sensory systems with the central nervous system. Neuro-ophthalmologists manage patients with complex and severe neuro-ophthalmological disorders.","Source: American Academy of Ophthalmology, www.aao.org [7/1/2017: new]<br/>Additional Resources: Association of University Professors of Ophthalmology, www.aupo.org.",Neuro-ophthalmology Physician,Individual
207WX0200X,Allopathic & Osteopathic Physicians,Ophthalmology,Ophthalmic Plastic and Reconstructive Surgery,"A physician who specializes in oculofacial plastic and reconstructive surgery. This subspecialty combines orbital and periocular surgery with facial plastic surgery, and includes aesthetic and reconstructive surgery of the face, orbit, eyelid, and lacrimal system. Practitioners evaluate, diagnose and treat conditions involving the eyelids, brows, midface, orbits, lacrimal systems and surrounding and supporting structures of the face and neck.","Source:  American Academy of Ophthalmology, 2015. www.aao.org [1/1/2016: new]",Ophthalmic Plastic and Reconstructive Surgery Physician,Individual
207WX0110X,Allopathic & Osteopathic Physicians,Ophthalmology,Pediatric Ophthalmology and Strabismus Specialist,"An ophthalmologist who specializes in pediatric ophthalmology and strabismus management. The subspecialty includes the medical and surgical management of eye disorders found in children. Some of the more common disorders include amblyopia, strabismus, refractive error, cataract and glaucoma. These disorders may be related to neurological and endocrinological diseases, trauma, or aging changes in the extraocular muscles requiring medical, optical and surgical management.","Source: American Academy of Ophthalmology, www.aao.org [7/1/2017: new]<br/>Additional Resources: Association of University Professors of Ophthalmology, www.aupo.org.",Pediatric Ophthalmology and Strabismus Specialist Physician,Individual
207WX0107X,Allopathic & Osteopathic Physicians,Ophthalmology,Retina Specialist,An ophthalmologist who specializes in the diagnosis and treatment of vitreoretinal diseases.,"Source: American Society of Retina Specialists, www.asrs.org [1/1/2017: new]<br/>Additional Resources: American Academy of Ophthalmology, www.aao.org.  Macula Society, www.maculasociety.org.  Retina Society, www.retinasociety.org.  Association of University Professors of Ophthalmology, www.aupo.org.",Retina Specialist (Ophthalmology) Physician,Individual
207WX0108X,Allopathic & Osteopathic Physicians,Ophthalmology,Uveitis and Ocular Inflammatory Disease,"An ophthalmologist who specializes in the treatment of intraocular inflammation, scleritis, keratitis and infectious disorders affecting the eye and inflammatory disorders of the adnexa and/or orbit.","Source: American Academy of Ophthalmology, www.aao.org [1/1/2017: new]<br/>Additional Resources: Association of University Professors of Ophthalmology, www.aupo.org",Uveitis and Ocular Inflammatory Disease (Ophthalmology) Physician,Individual
204E00000X,Allopathic & Osteopathic Physicians,Oral & Maxillofacial Surgery,,"Oral and maxillofacial surgeons are trained to recognize and treat a wide spectrum of diseases, injuries and defects in the head, neck, face, jaws and the hard and soft tissues of the oral and maxillofacial region. They are also trained to administer anesthesia, and provide care in an office setting. They are trained to treat problems such as the extraction of wisdom teeth, misaligned jaws, tumors and cysts of the jaw and mouth, and to perform dental implant surgery."," Source: American College of Surgeons, 2013. www.facs.org [7/1/2013: definition added, source added, additional resources added]    Additional Resources: American Board of Oral and Maxillofacial Surgery and American Association of Oral and Maxillofacial Surgeons    While this is generally considered a specialty of dentistry, physicians can also be board certified as oral and maxillofacial surgeons through the American Board of Oral and Maxillofacial Surgery.",Oral & Maxillofacial Surgery (D.M.D.),Individual
207X00000X,Allopathic & Osteopathic Physicians,Orthopaedic Surgery,,"An orthopaedic surgeon is trained in the preservation, investigation and restoration of the form and function of the extremities, spine and associated structures by medical, surgical and physical means.  An orthopaedic surgeon is involved with the care of patients whose musculoskeletal problems include congenital deformities, trauma, infections, tumors, metabolic disturbances of the musculoskeletal system, deformities, injuries and degenerative diseases of the spine, hands, feet, knee, hip, shoulder and elbow in children and adults. An orthopaedic surgeon is also concerned with primary and secondary muscular problems and the effects of central or peripheral nervous system lesions of the musculoskeletal system.","Source: American Board of Medical Specialties, 2007.  www.abms.org [7/1/2007: definition added, source added; 7/1/2011: modified source]<br/>Additional Resources: American Board of Orthopaedic Surgery, 2007.  http://www.abos.org/.  American Osteopathic Board of Orthopaedic Surgery, 2007.  http://www.osteopathic.org/certification<br/>Board certification for Medical Doctors (MDs) is provided by the American Board of Orthopaedic Surgery.  Board certification for Doctors of Osteopathy (DOs) is provided by the American Osteopathic Board of Orthopaedic Surgery.",Orthopaedic Surgery Physician,Individual
207XS0114X,Allopathic & Osteopathic Physicians,Orthopaedic Surgery,Adult Reconstructive Orthopaedic Surgery,"Recognized by several state medical boards as a fellowship subspecialty program of orthopaedic surgery, adult reconstructive orthopaedic surgeons deal with reconstructive procedures such as joint arthroplasty (i.e., hip and knee), osteotomy, arthroscopy, soft-tissue reconstruction, and a variety of other adult reconstructive surgical procedures.","Source: American Board of Medical Specialties, 2007.  www.abms.org [7/1/2007: definition added, source added]    Additional Resources: American Board of Orthopaedic Surgery, 2007.  http://www.abos.org/.      Separate board certification is not currently offered.",Adult Reconstructive Orthopaedic Surgery Physician,Individual
207XX0004X,Allopathic & Osteopathic Physicians,Orthopaedic Surgery,Foot and Ankle Surgery,"Recognized by several state medical boards as a fellowship subspecialty program of orthopaedic surgery, foot and ankle surgeons deal with adult reconstructive foot and ankle surgery, adult foot and ankle trauma, sports medicine foot and ankle, and children's foot and ankle reconstructive surgery.","Source: American Board of Medical Specialties, 2007.  www.abms.org [7/1/2007: title modified, definition added, source added]    Additional Resources: American Board of Orthopaedic Surgery, 2007.  http://www.abos.org/.    Separate board certification is not currently offered.    ACGME Accredited Residency Program Requirements:  1 year of training with 5 years Orthopedic Surgery for a total of 6 years.",Orthopaedic Foot and Ankle Surgery Physician,Individual
207XS0106X,Allopathic & Osteopathic Physicians,Orthopaedic Surgery,Hand Surgery,"An orthopaedic surgeon trained in the investigation, preservation and restoration by medical, surgical and rehabilitative means of all structures of the upper extremity directly affecting the form and function of the hand and wrist.","Source: American Board of Medical Specialties, 2007.  www.abms.org [7/1/2007: definition added, source added; 7/1/2011: modified source]<br/>Additional Resources: American Board of Orthopaedic Surgery, 2007.  http://www.abos.org/.  American Osteopathic Board of Orthopaedic Surgery, 2007.  http://www.osteopathic.org/certification<br/>Board certification for Medical Doctors (MDs) is provided by the American Board of Orthopaedic Surgery.  Board certification for Doctors of Osteopathy (DOs) is provided by the American Osteopathic Board of Orthopaedic Surgery.",Orthopaedic Hand Surgery Physician,Individual
207XS0117X,Allopathic & Osteopathic Physicians,Orthopaedic Surgery,Orthopaedic Surgery of the Spine,"Recognized by several state medical boards as a fellowship subspecialty program of orthopaedic surgery, orthopaedic surgeons of the spine deal with the evaluation and nonoperative and operative treatment of the full spectrum of primary spinal disorders including trauma, degenerative, deformity, tumor, and reconstructive.","Source: American Board of Medical Specialties, 2007.  www.abms.org [7/1/2007: definition added, source added]    Additional Resources: American Board of Orthopaedic Surgery, 2007.  http://www.abos.org/.     Separate board certification is not currently offered.",Orthopaedic Surgery of the Spine Physician,Individual
207XX0801X,Allopathic & Osteopathic Physicians,Orthopaedic Surgery,Orthopaedic Trauma,"Recognized by several state medical boards as a fellowship subspecialty program of orthopaedic surgery, orthopaedic trauma surgeons deal with the evaluation and management of acute orthopaedic injuries, evaluation and treatment of post-traumatic deformities and nonunions, acute and delayed reconstruction of pelvic and acetabular fractures, as well as osteotomy in the adult hip for treatment of hip arthritis.","Source: American Board of Medical Specialties, 2007.  www.abms.org [7/1/2007: definition added, source added]    Additional Resources: American Board of Orthopaedic Surgery, 2007.  http://www.abos.org/.     Separate board certification is not currently offered.",Orthopaedic Trauma Physician,Individual
207XP3100X,Allopathic & Osteopathic Physicians,Orthopaedic Surgery,Pediatric Orthopaedic Surgery,"An orthopedic surgeon who has additional training and experience in diagnosing, treating and managing musculoskeletal problems in infants, children and adolescents.  These may include limb and spine deformities (such as club foot, scoliosis); gait abnormalities (limping); bone and joint infections; broken bones.","Source: American Academy of Pediatrics, www.aap.org [7/1/2006: new]",Pediatric Orthopaedic Surgery Physician,Individual
207XX0005X,Allopathic & Osteopathic Physicians,Orthopaedic Surgery,Sports Medicine,"An orthopaedic surgeon trained in sports medicine provides appropriate care for all structures of the musculoskeletal system directly affected by participation in sporting activity. This specialist is proficient in areas including conditioning, training and fitness, athletic performance and the impact of dietary supplements, pharmaceuticals, and nutrition on performance and health, coordination of care within the team setting utilizing other health care professionals, field evaluation and management, soft tissue biomechanics and injury healing and repair. Knowledge and understanding of the principles and techniques of rehabilitation, athletic equipment and orthotic devices enables the specialist to prevent and manage athletic injuries.","Source: American Board of Medical Specialties, 2007.  www.abms.org [7/1/2007: definition changed, source changed]    Additional Resources: American Board of Orthopaedic Surgery, 2007.  http://www.abos.org/.     Board certification for Medical Doctors (MDs) is provided by the American Board of Orthopaedic Surgery.    ACGME Accredited Program Requirements: 1 year GME in the specialty + 5 years of Orthopaedic Surgery for a total of 6 years",Sports Medicine (Orthopaedic Surgery) Physician,Individual
207Y00000X,Allopathic & Osteopathic Physicians,Otolaryngology,,"An otolaryngologist-head and neck surgeon provides comprehensive medical and surgical care for patients with diseases and disorders that affect the ears, nose, throat, the respiratory and upper alimentary systems and related structures of the head and neck. An otolaryngologist diagnoses and provides medical and/or surgical therapy or prevention of diseases, allergies, neoplasms, deformities, disorders and/or injuries of the ears, nose, sinuses, throat, respiratory and upper alimentary systems, face, jaws and the other head and neck systems. Head and neck oncology, facial plastic and reconstructive surgery and the treatment of disorders of hearing and voice are fundamental areas of expertise.","Source: American Board of Medical Specialties, 2007.  www.abms.org [7/1/2007: definition added, source added; 7/1/2011: modified source]<br/>Additional Resources: American Board of Otolaryngology, 2007.  http://www.aboto.org/.  American Osteopathic Board of Ophthalmology and Otolaryngology, 2007.  http://www.osteopathic.org/certification<br/>Board certification for Medical Doctors (MDs) is provided by the American Board of Otolaryngology.   Board certification for Doctors of Osteopathy (DOs) is provided by the American Osteopathic Board of Ophthalmology and Otolaryngology.",Otolaryngology Physician,Individual
207YS0123X,Allopathic & Osteopathic Physicians,Otolaryngology,Facial Plastic Surgery,An otolaryngologist who specializes in facial plastic surgery.,"Source: National Uniform Claim Committee, 2009 [1/1/2010: definition added, source added]    Additional Resources: A General Certificate was, but is no longer issued by the American Osteopathic Board of Ophthalmology and Otolaryngology.",Facial Plastic Surgery Physician,Individual
207YX0602X,Allopathic & Osteopathic Physicians,Otolaryngology,Otolaryngic Allergy,An otolaryngologist who specializes in the diagnosis and treatment of otolaryngic allergies and other allergic diseases.,"Source: National Uniform Claim Committee, 2009 [1/1/2010: definition added, source added]    Additional Resources: A Certification of Added Qualifications (CAQ) is issued by the American Osteopathic Board of Ophthalmology and Otolaryngology.",Otolaryngic Allergy Physician,Individual
207YX0905X,Allopathic & Osteopathic Physicians,Otolaryngology,Otolaryngology/Facial Plastic Surgery,An otolaryngologist who specializes in the diagnosis and surgical treatment of head and neck conditions.,"Source: National Uniform Claim Committee, 2009 [1/1/2010: definition added, source added]    Additional Resources: A General Certificate is issued by the American Osteopathic Board of Ophthalmology and Otolaryngology.",Otolaryngology/Facial Plastic Surgery Physician,Individual
207YX0901X,Allopathic & Osteopathic Physicians,Otolaryngology,Otology & Neurotology,"An otolaryngologist who treats diseases of the ear and temporal bone, including disorders of hearing and balance. The additional training in otology and neurotology emphasizes the study of embryology, anatomy, physiology, epidemiology, pathophysiology, pathology, genetics, immunology, microbiology and the etiology of diseases of the ear and temporal bone.","Source: American Board of Medical Specialties, 2007.  www.abms.org [7/1/2007: definition added, source added]    Additional Resources: American Board of Otolaryngology, 2007.  http://www.aboto.org/.    Board certification for Medical Doctors (MDs) is provided by the American Board of Otolaryngology.",Otology & Neurotology Physician,Individual
207YP0228X,Allopathic & Osteopathic Physicians,Otolaryngology,Pediatric Otolaryngology,"A pediatric otolaryngologist has special expertise in the management of infants and children with disorders that include congenital and acquired conditions involving the aerodigestive tract, nose and paranasal sinuses, the ear and other areas of the head and neck. The pediatric otolaryngologist has special skills in the diagnosis, treatment, and management of childhood disorders of voice, speech, language and hearing.","Source: American Board of Medical Specialties, 2007.  www.abms.org [7/1/2007: definition added, source added]    Additional Resources: American Board of Otolaryngology, 2007.  http://www.aboto.org/.    Board certification for Medical Doctors (MDs) is provided by the American Board of Otolaryngology.",Pediatric Otolaryngology Physician,Individual
207YX0007X,Allopathic & Osteopathic Physicians,Otolaryngology,Plastic Surgery within the Head & Neck,"An otolaryngologist with additional training in plastic and reconstructive procedures within the head, face, neck and associated structures, including cutaneous head and neck oncology and reconstruction, management of maxillofacial trauma, soft tissue repair and neural surgery. The field is diverse and involves a wide age range of patients, from the newborn to the aged. While both cosmetic and reconstructive surgeries are practiced, there are many additional procedures which interface with them.","Source: American Board of Medical Specialties, 2007.  www.abms.org [7/1/2007: definition added, source added]    Additional Resources: American Board of Otolaryngology, 2007.  http://www.aboto.org/.    Board certification for Medical Doctors (MDs) is provided by the American Board of Otolaryngology.   Board certification for Doctors of Osteopathy is currently provided in the subspecialty of Otolaryngology/Facial Plastic Surgery (see Taxonomy Code 207YX0905X)",Plastic Surgery within the Head & Neck (Otolaryngology) Physician,Individual
207YS0012X,Allopathic & Osteopathic Physicians,Otolaryngology,Sleep Medicine,"An Otolaryngologist who practices Sleep Medicine is certified in the subspecialty of sleep medicine and specializes in the clinical assessment, physiologic testing, diagnosis, management and prevention of sleep and circadian rhythm disorders. Sleep specialists treat patients of any age and use multidisciplinary approaches. Disorders managed by sleep specialists include, but are not limited to, sleep related breathing disorders, insomnia, hypersomnias, circadian rhythm sleep disorders, parasomnias and sleep related movement disorders.","Source: American Academy of Sleep Medicine, www.aasm.org [7/1/2006: new]",Sleep Medicine (Otolaryngology) Physician,Individual
208VP0014X,Allopathic & Osteopathic Physicians,Pain Medicine,Interventional Pain Medicine,"Interventional Pain Medicine is the discipline of medicine devoted to the diagnosis and treatment of pain and related disorders principally with the application of interventional techniques in managing subacute, chronic, persistent, and intractable pain, independently or in conjunction with other modalities of treatment.",,Interventional Pain Medicine Physician,Individual
208VP0000X,Allopathic & Osteopathic Physicians,Pain Medicine,Pain Medicine,"Pain Medicine is a primary medical specialty based on a distinct body of knowledge and a well-defined scope of clinical practice that is founded on science, research and education.  It is concerned with the study of pain, the prevention of pain, and the evaluation, treatment, and rehabilitation of persons in pain.  A comprehensive evaluation incorporates the physical, psychological, cognitive and socio-cultural contributions to pain.  The treatment protocol may include pharmacological, invasive, behavioral, cognitive, rehabilitative and complementary strategies provided in a concurrent focused and patient specific manner.  The pain medicine physician often serves the patient as a frontline physician regarding their pain, but also may serve as a consultant to other physicians, direct an interdisciplinary/multidisciplinary treatment team, conduct research, or advocate for the patient's pain care with public and private agencies.  The Pain Medicine physician may work in variety of settings including office, clinic, hospital, university, or governmental/public agencies.","Source: American Academy of Pain Medicine, www.painmed.org<br/>Additional Resources: The American Board of Pain Medicine provides Board Certification.",Pain Medicine Physician,Individual
207ZP0101X,Allopathic & Osteopathic Physicians,Pathology,Anatomic Pathology,"A pathologist deals with the causes and nature of disease and contributes to diagnosis, prognosis and treatment through knowledge gained by the laboratory application of the biologic, chemical and physical sciences. A pathologist uses information gathered from the microscopic examination of tissue specimens, cells and body fluids, and from clinical laboratory tests on body fluids and secretions for the diagnosis, exclusion and monitoring of disease.","Source: American Board of Medical Specialties, 2007. [7/1/2007: definition added, source added, 7/1/2009: definition reformatted; 7/1/2011: modified source]<br/>Additional Resources: American Board of Pathology, 2007. http://www.abpath.org/. American Osteopathic Board of Pathology, 2007. http://www.osteopathic.org/certification<br/>Board certification for Medical Doctors (MDs) is provided by the American Board of Pathology (note: this taxonomy code identifies the ""anatomic pathology only"" route). To acknowledge the diverse activities in the practice of pathology and to accommodate the interests of individuals wanting to enter the field, the ABP offers primary certification through the following three routes: combined anatomic pathology and clinical pathology, anatomic pathology only and clinical pathology only. Primary certification in anatomic pathology or clinical pathology may be combined with some of the subspecialty certifications.",Anatomic Pathology Physician,Individual
207ZP0102X,Allopathic & Osteopathic Physicians,Pathology,Anatomic Pathology & Clinical Pathology,"A pathologist deals with the causes and nature of disease and contributes to diagnosis, prognosis and treatment through knowledge gained by the laboratory application of the biologic, chemical and physical sciences. A pathologist uses information gathered from the microscopic examination of tissue specimens, cells and body fluids, and from clinical laboratory tests on body fluids and secretions for the diagnosis, exclusion and monitoring of disease.","Source: American Board of Medical Specialties, 2007.  www.abms.org [7/1/2007: definition added, source added, 7/1/2009: definition reformatted]    Additional Resources: American Board of Pathology, 2007. http://www.abpath.org/    This taxonomy code identifies the combined anatomic pathology & clinical pathology route. Board certification for Medical Doctors (MDs) is provided by the American Board of Pathology. To acknowledge the diverse activities in the practice of pathology and to accommodate the interests of individuals wanting to enter the field, the ABP offers primary certification through the following three routes: combined anatomic pathology and clinical pathology, anatomic pathology only and clinical pathology only. Primary certification in anatomic pathology or clinical pathology may be combined with some of the subspecialty certifications.",Anatomic Pathology & Clinical Pathology Physician,Individual
207ZB0001X,Allopathic & Osteopathic Physicians,Pathology,Blood Banking & Transfusion Medicine,"A physician who specializes in blood banking/transfusion medicine is responsible for the maintenance of an adequate blood supply, blood donor and patient-recipient safety and appropriate blood utilization. Pre-transfusion compatibility testing and antibody testing assure that blood transfusions, when indicated, are as safe as possible. This physician directs the preparation and safe use of specially prepared blood components, including red blood cells, white blood cells, platelets and plasma constituents, and marrow or stem cells for transplantation.","Source: American Board of Medical Specialties, 2007.  www.abms.org [7/1/2007: definition added, source added; 7/1/2011: modified source]<br/>Additional Resources: American Board of Pathology, 2007.  http://www.abpath.org/.  American Osteopathic Board of Pathology, 2007.  http://www.osteopathic.org/certification<br/>Board certification for Medical Doctors (MDs) is provided by the American Board of Pathology.  Board certification for Doctors of Osteopathy (DOs) was provided by the American Osteopathic Board of Pathology.  The Certification is NO longer provided.",Blood Banking & Transfusion Medicine Physician,Individual
207ZP0104X,Allopathic & Osteopathic Physicians,Pathology,Chemical Pathology,"A chemical pathologist has expertise in the biochemistry of the human body as it applies to the understanding of the cause and progress of disease. This physician functions as a clinical consultant in the diagnosis and treatment of human disease. Chemical pathology entails the application of biochemical data to the detection, confirmation or monitoring of disease.","Source: American Board of Medical Specialties, 2007.  www.abms.org [7/1/2007: definition added, source added; 7/1/2011: modified source]<br/>Additional Resources: American Board of Pathology, 2007.  http://www.abpath.org/.  American Osteopathic Board of Pathology, 2007.  http://www.osteopathic.org/certification<br/>Board certification for Medical Doctors (MDs) is provided by the American Board of Pathology.  Board certification for Doctors of Osteopathy (DOs) was provided by the American Osteopathic Board of Pathology.  The Certification is NO longer provided.",Chemical Pathology Physician,Individual
207ZC0008X,Allopathic & Osteopathic Physicians,Pathology,Clinical Informatics,"Physicians who practice Clinical Informatics collaborate with other health care and information technology professionals to analyze, design, implement and evaluate information and communication systems that enhance individual and population health outcomes, improve patient care, and strengthen the clinician-patient relationship. Clinical Informaticians use their knowledge of patient care combined with their understanding of informatics concepts, methods, and tools to: assess information and knowledge needs of health care professionals and patients; characterize, evaluate, and refine clinical processes; develop, implement, and refine clinical decision support systems; and lead or participate in the procurement, customization, development, implementation, management, evaluation, and continuous improvement of clinical information systems.","Source: The American Board of Preventive Medicine, 2013. www.theabpm.org [1/1/2014: new]  Additional Resources: The American Board of Pathology, www.abpath.org",Clinical Informatics (Pathology) Physician,Individual
207ZC0006X,Allopathic & Osteopathic Physicians,Pathology,Clinical Pathology,"A pathologist deals with the causes and nature of disease and contributes to diagnosis, prognosis and treatment through knowledge gained by the laboratory application of the biologic, chemical and physical sciences. A pathologist uses information gathered from the microscopic examination of tissue specimens, cells and body fluids, and from clinical laboratory tests on body fluids and secretions for the diagnosis, exclusion and monitoring of disease.","Source: American Board of Medical Specialties, 2007. www.abms.org [7/1/2007: new, 7/1/2009: definition reformatted]   Additional Resources: American Board of Pathology, 2007. http://www.abpath.org/   This taxonomy code identifies the combined anatomic ""clinical pathology only"" route. Board Certification for Medical Doctors (MDs) is provided by the American Board of Pathology. To acknowledge the diverse activities in the practice of pathology and to accommodate the interests of individuals wanting to enter the field, the ABP offers primary certification through the following three routes: combined anatomic pathology and clinical pathology, anatomic pathology only and clinical pathology only. Primary certification in anatomic pathology or clinical pathology may be combined with some of the subspecialty certifications.",Clinical Pathology Physician,Individual
207ZP0105X,Allopathic & Osteopathic Physicians,Pathology,Clinical Pathology/Laboratory Medicine,"A pathologist deals with the causes and nature of disease and contributes to diagnosis, prognosis and treatment through knowledge gained by the laboratory application of the biologic, chemical and physical sciences. A pathologist uses information gathered from the microscopic examination of tissue specimens, cells and body fluids, and from clinical laboratory tests on body fluids and secretions for the diagnosis, exclusion and monitoring of disease.","Source: American Board of Medical Specialties, 2007.  www.abms.org [7/1/2007: definition added, source added; 7/1/2011: modified source]<br/>Additional Resources: American Board of Pathology, 2007.  http://www.abpath.org/.  American Osteopathic Board of Pathology, 2007.  http://www.osteopathic.org/certification<br/>Board certification for Medical Doctors (MDs) is provided by the American Board of Pathology.  Board certification for Doctors of Osteopathy (DOs) is provided by the American Osteopathic Board of Pathology.",Clinical Pathology/Laboratory Medicine Physician,Individual
207ZC0500X,Allopathic & Osteopathic Physicians,Pathology,Cytopathology,"A cytopathologist is an anatomic pathologist trained in the diagnosis of human disease by means of the study of cells obtained from body secretions and fluids, by scraping, washing, or sponging the surface of a lesion, or by the aspiration of a tumor mass or body organ with a fine needle.  A major aspect of a cytopathologist's practice is the interpretation of Papanicolaou-stained smears of cells from the female reproductive systems, the ""Pap"" test.  However, the cytopathologist's expertise is applied to the diagnosis of cells from all systems and areas of the body.  He/she is a consultant to all medical specialists.","Source: American Board of Medical Specialties, 2007.  www.abms.org [7/1/2007: definition changed, source added]    Additional Resources: American Board of Pathology, 2007.  http://www.abpath.org/.     Board certification for Medical Doctors (MDs) is provided by the American Board of Pathology.",Cytopathology Physician,Individual
207ZD0900X,Allopathic & Osteopathic Physicians,Pathology,Dermatopathology,"A dermatopathologist is an expert in diagnosing and monitoring diseases of the skin including infectious, immunologic, degenerative, and neoplastic diseases.  This entails the examination and interpretation of specially prepared tissue sections, cellular scrapings, and smears of skin lesions by means of light microscopy, electron microscopy, and fluorescence microscopy.","Source: American Board of Medical Specialties, 2007.  www.abms.org [7/1/2007: definition changed, source added]    Additional Resources: American Board of Pathology, 2007.  http://www.abpath.org/.     Board certification for Medical Doctors (MDs) is provided by the American Board of Pathology.    A subspecialty certificate was first issued by the ABMS in 1974.    ACGME Accredited Residency Program Requirements:  None.",Dermatopathology (Pathology) Physician,Individual
207ZF0201X,Allopathic & Osteopathic Physicians,Pathology,Forensic Pathology,"A forensic pathologist is expert in investigating and evaluating cases of sudden, unexpected, suspicious and violent death as well as other specific classes of death defined by law. The forensic pathologist serves the public as coroner or medical examiner, or by performing medicolegal autopsies for such officials.","Source: American Board of Medical Specialties, 2007.  www.abms.org [7/1/2007: definition added, source added; 7/1/2011: modified source]<br/>Additional Resources: American Board of Pathology, 2007.  http://www.abpath.org/.  American Osteopathic Board of Pathology, 2007.  http://www.osteopathic.org/certification<br/>Board certification for Medical Doctors (MDs) is provided by the American Board of Pathology.  Board certification for Doctors of Osteopathy (DOs) is provided by the American Osteopathic Board of Pathology.",Forensic Pathology Physician,Individual
207ZH0000X,Allopathic & Osteopathic Physicians,Pathology,Hematology,"A hematopathologist is expert in diseases that affect blood cells, blood clotting mechanisms, bone marrow and lymph nodes. This physician has the knowledge and technical skills essential for the laboratory diagnosis of anemias, leukemias, lymphomas, bleeding disorders and blood clotting disorders.","Source: American Board of Medical Specialties, 2007.  www.abms.org [7/1/2007: definition added, source added; 7/1/2011: modified source]<br/>Additional Resources: American Board of Pathology, 2007.  http://www.abpath.org/.  American Osteopathic Board of Pathology, 2007.  http://www.osteopathic.org/certification<br/>Board certification for Medical Doctors (MDs) is provided by the American Board of Pathology.  Board certification for Doctors of Osteopathy (DOs) was provided by the American Osteopathic Board of Pathology.  The Certification is NO longer provided.",Hematology (Pathology) Physician,Individual
207ZI0100X,Allopathic & Osteopathic Physicians,Pathology,Immunopathology,A pathologist who specializes in the diagnosis of immunologic diseases.,"Source: National Uniform Claim Committee, 2009 [1/1/2010: definition added, source added]    Additional Resources: A Certification of Added Qualifications (CAQ) was, but is no longer issued by the American Osteopathic Board of Pathology.",Immunopathology Physician,Individual
207ZM0300X,Allopathic & Osteopathic Physicians,Pathology,Medical Microbiology,"A medical microbiologist is expert in the isolation and identification of microbial agents that cause infectious disease. Viruses, bacteria and fungi, as well as parasites, are identified and, where possible, tested for susceptibility to appropriate antimicrobial agents.","Source: American Board of Medical Specialties, 2007.  www.abms.org [7/1/2007: definition added, source added; 7/1/2011: modified source]<br/>Additional Resources: American Board of Pathology, 2007.  http://www.abpath.org/.  American Osteopathic Board of Pathology, 2007.  http://www.osteopathic.org/certification<br/>Board certification for Medical Doctors (MDs) is provided by the American Board of Pathology.  Board certification for Doctors of Osteopathy (DOs) was provided by the American Osteopathic Board of Pathology.  The Certification is NO longer provided.",Medical Microbiology Physician,Individual
207ZP0007X,Allopathic & Osteopathic Physicians,Pathology,Molecular Genetic Pathology,"A molecular genetic pathologist is expert in the principles, theory and technologies of molecular biology and molecular genetics. This expertise is used to make or confirm diagnoses of Mendelian genetic disorders, disorders of human development, infectious diseases and malignancies, and to assess the natural history of those disorders. A molecular genetic pathologist provides information about gene structure, function and alteration and applies laboratory techniques for diagnosis, treatment and prognosis for individuals with related disorders.","Source: American Board of Medical Specialties, 2007.  www.abms.org [7/1/2007: definition changed, source changed]    Additional Resources: American Board of Pathology, 2007.  http://www.abpath.org/.     Board certification for Medical Doctors (MDs) is provided by the American Board of Pathology.       A subspecialty certificate for MGG was approved by the ABMS in 1999.     ACGME Accredited Residency Program Requirements:  Proposal under development.",Molecular Genetic Pathology (Pathology) Physician,Individual
207ZN0500X,Allopathic & Osteopathic Physicians,Pathology,Neuropathology,"A neuropathologist is expert in the diagnosis of diseases of the nervous system and skeletal muscles and functions as a consultant primarily to neurologists and neurosurgeons. The neuropathologist is knowledgeable in the infirmities of humans as they affect the nervous and neuromuscular systems, be they degenerative, infectious, metabolic, immunologic, neoplastic, vascular or physical in nature.","Source: American Board of Medical Specialties, 2007.  www.abms.org [7/1/2007: definition added, source added; 7/1/2011: modified source]<br/>Additional Resources: American Board of Pathology, 2007.  http://www.abpath.org/.  American Osteopathic Board of Pathology, 2007.  http://www.osteopathic.org/certification<br/>Board certification for Medical Doctors (MDs) is provided by the American Board of Pathology.  Board certification for Doctors of Osteopathy (DOs) was provided by the American Osteopathic Board of Pathology.  The Certification is NO longer provided.",Neuropathology Physician,Individual
207ZP0213X,Allopathic & Osteopathic Physicians,Pathology,Pediatric Pathology,"A pediatric pathologist is expert in the laboratory diagnosis of diseases that occur during fetal growth, infancy and child development. The practice requires a strong foundation in general pathology and substantial understanding of normal growth and development, along with extensive knowledge of pediatric medicine.","Source: American Board of Medical Specialties, 2007.  www.abms.org [7/1/2007: definition added, source added]    Additional Resources: American Board of Pathology, 2007.  http://www.abpath.org/.     Board certification for Medical Doctors (MDs) is provided by the American Board of Pathology.",Pediatric Pathology Physician,Individual
208000000X,Allopathic & Osteopathic Physicians,Pediatrics,,"A pediatrician is concerned with the physical, emotional and social health of children from birth to young adulthood. Care encompasses a broad spectrum of health services ranging from preventive healthcare to the diagnosis and treatment of acute and chronic diseases. A pediatrician deals with biological, social and environmental influences on the developing child, and with the impact of disease and dysfunction on development.","Source: American Board of Medical Specialties, 2007.  www.abms.org [7/1/2007: definition added, source added; 7/1/2011: modified source]<br/>Additional Resources: American Board of Pediatrics, 2007.  http://www.abp.org/.  American Osteopathic Board of Pediatrics, 2007.  http://www.osteopathic.org/certificatio<br/>Board certification for Medical Doctors (MDs) is provided by the American Board of Pediatrics.  Board certification for Doctors of Osteopathy (DOs) is provided by the American Osteopathic Board of Pediatrics.",Pediatrics Physician,Individual
2080A0000X,Allopathic & Osteopathic Physicians,Pediatrics,Adolescent Medicine,"A pediatrician who specializes in adolescent medicine is a multi-disciplinary healthcare specialist trained in the unique physical, psychological and social characteristics of adolescents, their healthcare problems and needs.","Source: American Board of Medical Specialties, 2007.  www.abms.org [7/1/2007: definition added, source added; 7/1/2011: modified source]<br/>Additional Resources: American Board of Pediatrics, 2007.  http://www.abp.org/.  American Osteopathic Board of Pediatrics, 2007.  http://www.osteopathic.org/certification<br/>Board certification for Medical Doctors (MDs) is provided by the American Board of Pediatrics.  Board certification for Doctors of Osteopathy (DOs) is provided by the American Osteopathic Board of Pediatrics.",Pediatric Adolescent Medicine Physician,Individual
2080C0008X,Allopathic & Osteopathic Physicians,Pediatrics,Child Abuse Pediatrics,"A Child Abuse Pediatrician serves as a resource to children, families and communities by accurately diagnosing abuse; consulting with community agencies on child safety; providing expertise in courts of law; treating consequences of abuse and neglect; directing child abuse and neglect prevention programs and participating on multidisciplinary teams investigating; and managing child abuse cases.","Source: American Board of Medical Specialties, 2009 [7/1/2009: new]",Child Abuse Pediatrics Physician,Individual
2080I0007X,Allopathic & Osteopathic Physicians,Pediatrics,Clinical & Laboratory Immunology,A pediatrician who specializes in clinical and laboratory immunology disease management.,"Source: National Uniform Claim Committee, 2009 [1/1/2010: definition added, source added]    Additional Resources: A certification was, but is no longer issued by the American Board of Pediatrics.",Pediatric Clinical & Laboratory Immunology Physician,Individual
2080P0006X,Allopathic & Osteopathic Physicians,Pediatrics,Developmental - Behavioral Pediatrics,"A developmental-behavioral specialist is a pediatrician with special training and experience who aims to foster understanding and promotion of optimal development of children and families through research, education, clinical care and advocacy efforts. This physician assists in the prevention, diagnosis, and management of developmental difficulties and problematic behaviors in children and in the family dysfunctions that compromise children's development.","Source: American Board of Medical Specialties, 2007.  www.abms.org [7/1/2007: definition changed, source changed, 3/26/2008: definition corrected]    Additional Resources: American Board of Pediatrics, 2007.  http://www.abp.org/.    Board certification for Medical Doctors (MDs) is provided by the American Board of Pediatrics.",Developmental - Behavioral Pediatrics Physician,Individual
2080H0002X,Allopathic & Osteopathic Physicians,Pediatrics,Hospice and Palliative Medicine,"A pediatrician with special knowledge and skills to prevent and relieve the suffering experienced by patients with life-limiting illnesses. This specialist works with an interdisciplinary hospice or palliative care team to maximize quality of life while addressing physical, psychological, social and spiritual needs of both patient and family throughout the course of the disease, through the dying process, and beyond for the family.  This specialist has expertise in the assessment of patients with advanced disease; the relief of distressing symptoms; the coordination of interdisciplinary patient and family-centered care in diverse venues; the use of specialized care systems including hospice; the management of the imminently dying patient; and legal and ethical decision making in end-of-life care.","Source: American Academy of Hospice and Palliative Medicine, www.aahpm.org [1/1/2007: new]",Pediatric Hospice and Palliative Medicine Physician,Individual
2080T0002X,Allopathic & Osteopathic Physicians,Pediatrics,Medical Toxicology,"Medical toxicologists are physicians that specialize in the prevention, evaluation, treatment and monitoring of injury and illness from exposures to drugs and chemicals, as well as biological and radiological agents. Medical toxicologists care for people in clinical, academic, governmental and public health settings, and provide poison control center leadership. Important areas of medical toxicology include acute drug poisoning, adverse drug events, drug abuse, addiction and withdrawal, chemicals and hazardous materials, terrorism preparedness, venomous bites and stings, and environmental and workplace exposures.","Source: American Board of Medical Specialties, 2007.  www.abms.org [7/1/2007: definition changed, source added]    Additional Resources: American Board of Pediatrics, 2007.  http://www.abp.org/.    Board certification for Medical Doctors (MDs) is provided by the American Board of Pediatrics.    ACGME Accredited Residency Program Requirements:  Medical Toxicology (EM) 2 years with 3-4 years Emergency Medicine for a total of 5-6 years; for Medical Toxicology (Preventive Medicine) 2 years with 3 years Preventive Medicine for a total of 5 years.  Medical Toxicology (Pediatrics):  None.    ABMS Approved Subspecialty Certificates (Emergency Medicine) (Pediatrics) (Preventive Medicine)",Pediatric Medical Toxicology Physician,Individual
2080N0001X,Allopathic & Osteopathic Physicians,Pediatrics,Neonatal-Perinatal Medicine,A pediatrician who is the principal care provider for sick newborn infants. Clinical expertise is used for direct patient care and for consulting with obstetrical colleagues to plan for the care of mothers who have high-risk pregnancies.,"Source: American Board of Medical Specialties, 2007.  www.abms.org [7/1/2007: definition added, source added; 7/1/2011: modified source]<br/>Additional Resources: American Board of Pediatrics, 2007.  http://www.abp.org/.  American Osteopathic Board of Pediatrics, 2007.  http://www.osteopathic.org/certification<br/>Board certification for Medical Doctors (MDs) is provided by the American Board of Pediatrics.  Board certification for Doctors of Osteopathy (DOs) is provided by the American Osteopathic Board of Pediatrics.",Neonatal-Perinatal Medicine Physician,Individual
2080P0008X,Allopathic & Osteopathic Physicians,Pediatrics,Neurodevelopmental Disabilities,"A pediatrician who specializes in the treatment of individuals with developmental delays and learning disorders associated with cerebral palsy, spina bifida, autism, and other chronic neurologic conditions.","Source: National Uniform Claim Committee, www.nucc.org",Pediatric Neurodevelopmental Disabilities Physician,Individual
2080B0002X,Allopathic & Osteopathic Physicians,Pediatrics,Obesity Medicine,"A physician who specializes in the treatment of obesity demonstrates competency in and a thorough understanding of the treatment of obesity and the genetic, biologic, environmental, social, and behavioral factors that contribute to obesity. The obesity medicine physician employs therapeutic interventions including diet, physical activity, behavioral change, and pharmacotherapy. The obesity medicine physician utilizes a comprehensive approach, and may include additional resources such as dietitians, exercise physiologists, mental health professionals and bariatric surgeons as indicated to achieve optimal results. Additionally, the obesity medicine physician maintains competency in providing pre- peri- and post-surgical care of bariatric surgery patients, promotes the prevention of obesity, and advocates for those who suffer from obesity.","Source:  American Board of Obesity Medicine, www.abom.org [7/1/2015: new]  Additional Resource: American Society of Bariatric Physicians, www.asbp.org.",Pediatric Obesity Medicine Physician,Individual
2080P0201X,Allopathic & Osteopathic Physicians,Pediatrics,Pediatric Allergy/Immunology,"A pediatrician who specializes in the diagnosis and treatment of allergies, allergic reactions, and immunologic diseases in children.","Source: National Uniform Claim Committee, 2009 [1/1/2010: title modified, definition added, source added]    Additional Resources: A Certification of Special Qualifications (CSQ) is issued by the American Osteopathic Board of Pediatrics.",Pediatric Allergy/Immunology Physician,Individual
2080P0202X,Allopathic & Osteopathic Physicians,Pediatrics,Pediatric Cardiology,"A pediatric cardiologist provides comprehensive care to patients with cardiovascular problems. This specialist is skilled in selecting, performing and evaluating the structural and functional assessment of the heart and blood vessels, and the clinical evaluation of cardiovascular disease.","Source: American Board of Medical Specialties, 2007.  www.abms.org [7/1/2007: definition added, source added; 7/1/2011: modified source]<br/>Additional Resources: American Board of Pediatrics, 2007.  http://www.abp.org/.  American Osteopathic Board of Pediatrics, 2007.  http://www.osteopathic.org/certification<br/>Board certification for Medical Doctors (MDs) is provided by the American Board of Pediatrics.  Board certification for Doctors of Osteopathy (DOs) was provided by the American Osteopathic Board of Pediatrics.  The Certification is no longer offered.",Pediatric Cardiology Physician,Individual
2080P0203X,Allopathic & Osteopathic Physicians,Pediatrics,Pediatric Critical Care Medicine,A pediatrician expert in advanced life support for children from the term or near-term neonate to the adolescent. This competence extends to the critical care management of life-threatening organ system failure from any cause in both medical and surgical patients and to the support of vital physiological functions. This specialist may have administrative responsibilities for intensive care units and also facilitates patient care among other specialists.,"Source: American Board of Medical Specialties, 2007.  www.abms.org [7/1/2007: definition changed, source added]    Additional Resources: American Board of Pediatrics, 2007.  http://www.abp.org/.    Board certification for Medical Doctors (MDs) is provided by the American Board of Pediatrics.    ACGME Accredited Residency Program Requirements: 2 years of training with 3 years Pediatrics plus 1 year Pediatric Critical Care for certification for a total of 6 years.    ABMS Approved Subspecialty Certificate (Pediatrics)",Pediatric Critical Care Medicine Physician,Individual
2080P0204X,Allopathic & Osteopathic Physicians,Pediatrics,Pediatric Emergency Medicine,A pediatrician who has special qualifications to manage emergencies in infants and children.,"Source: American Board of Medical Specialties, 2007.  www.abms.org [7/1/2007: definition added, source added]    Additional Resources: American Board of Pediatrics, 2007.  http://www.abp.org/.    Board certification for Medical Doctors (MDs) is provided by the American Board of Pediatrics.",Pediatric Emergency Medicine (Pediatrics) Physician,Individual
2080P0205X,Allopathic & Osteopathic Physicians,Pediatrics,Pediatric Endocrinology,"A pediatrician who provides expert care to infants, children and adolescents who have diseases that result from an abnormality in the endocrine glands (glands which secrete hormones). These diseases include diabetes mellitus, growth failure, unusual size for age, early or late pubertal development, birth defects, the genital region and disorders of the thyroid, the adrenal and pituitary glands.","Source: American Board of Medical Specialties, 2007.  www.abms.org [7/1/2007: definition added, source added; 7/1/2011: modified source]<br/>Additional Resources: American Board of Pediatrics, 2007.  http://www.abp.org/.  American Osteopathic Board of Pediatrics, 2007.  http://www.osteopathic.org/certification<br/>Board certification for Medical Doctors (MDs) is provided by the American Board of Pediatrics.  Board certification for Doctors of Osteopathy (DOs) is provided by the American Osteopathic Board of Pediatrics.",Pediatric Endocrinology Physician,Individual
2080P0206X,Allopathic & Osteopathic Physicians,Pediatrics,Pediatric Gastroenterology,"A pediatrician who specializes in the diagnosis and treatment of diseases of the digestive systems of infants, children and adolescents. This specialist treats conditions such as abdominal pain, ulcers, diarrhea, cancer and jaundice and performs complex diagnostic and therapeutic procedures using lighted scopes to see internal organs.","Source: American Board of Medical Specialties, 2007.  www.abms.org [7/1/2007: definition added, source added]    Additional Resources: American Board of Pediatrics, 2007.  http://www.abp.org/.    Board certification for Medical Doctors (MDs) is provided by the American Board of Pediatrics.",Pediatric Gastroenterology Physician,Individual
2080P0207X,Allopathic & Osteopathic Physicians,Pediatrics,Pediatric Hematology-Oncology,"A pediatrician trained in the combination of pediatrics, hematology and oncology to recognize and manage pediatric blood disorders and cancerous diseases.","Source: American Board of Medical Specialties, 2007.  www.abms.org [7/1/2007: definition added, source added; 7/1/2011: modified source]<br/>Additional Resources: American Board of Pediatrics, 2007.  http://www.abp.org/.  American Osteopathic Board of Pediatrics, 2007.  http://www.osteopathic.org/certification<br/>Board certification for Medical Doctors (MDs) is provided by the American Board of Pediatrics.  Board certification for Doctors of Osteopathy (DOs) was provided by the American Osteopathic Board of Pediatrics.  The Certification is no longer offered.",Pediatric Hematology & Oncology Physician,Individual
2080P0208X,Allopathic & Osteopathic Physicians,Pediatrics,Pediatric Infectious Diseases,"A pediatrician trained to care for children in the diagnosis, treatment and prevention of infectious diseases. This specialist can apply specific knowledge to affect a better outcome for pediatric infections with complicated courses, underlying diseases that predispose to unusual or severe infections, unclear diagnoses, uncommon diseases and complex or investigational treatments.","Source: American Board of Medical Specialties, 2007.  www.abms.org [7/1/2007: definition added, source added; 7/1/2011: modified source]<br/>Additional Resources: American Board of Pediatrics, 2007.  http://www.abp.org/.  American Osteopathic Board of Pediatrics, 2007.  http://www.osteopathic.org/certification<br/>Board certification for Medical Doctors (MDs) is provided by the American Board of Pediatrics.  Board certification for Doctors of Osteopathy (DOs) was provided by the American Osteopathic Board of Pediatrics.  The Certification is no longer offered.",Pediatric Infectious Diseases Physician,Individual
2080P0210X,Allopathic & Osteopathic Physicians,Pediatrics,Pediatric Nephrology,"A pediatrician who deals with the normal and abnormal development and maturation of the kidney and urinary tract, the mechanisms by which the kidney can be damaged, the evaluation and treatment of renal diseases, fluid and electrolyte abnormalities, hypertension and renal replacement therapy.","Source: American Board of Medical Specialties, 2007.  www.abms.org [7/1/2007: definition added, source added; 7/1/2011: modified source]<br/>Additional Resources: American Board of Pediatrics, 2007.  http://www.abp.org/.  American Osteopathic Board of Pediatrics, 2007.  http://www.osteopathic.org/certification<br/>Board certification for Medical Doctors (MDs) is provided by the American Board of Pediatrics.  Board certification for Doctors of Osteopathy (DOs) was provided by the American Osteopathic Board of Pediatrics.  The Certification is no longer offered.",Pediatric Nephrology Physician,Individual
2080P0214X,Allopathic & Osteopathic Physicians,Pediatrics,Pediatric Pulmonology,"A pediatrician dedicated to the prevention and treatment of all respiratory diseases affecting infants, children and young adults. This specialist is knowledgeable about the growth and development of the lung, assessment of respiratory function in infants and children, and experienced in a variety of invasive and noninvasive diagnostic techniques.","Source: American Board of Medical Specialties, 2007.  www.abms.org [7/1/2007: definition added, source added; 7/1/2011: modified source]<br/>Additional Resources: American Board of Pediatrics, 2007.  http://www.abp.org/.  American Osteopathic Board of Pediatrics, 2007.  http://www.osteopathic.org/certification<br/>Board certification for Medical Doctors (MDs) is provided by the American Board of Pediatrics.  Board certification for Doctors of Osteopathy (DOs) was provided by the American Osteopathic Board of Pediatrics.  The Certification is no longer offered.",Pediatric Pulmonology Physician,Individual
2080P0216X,Allopathic & Osteopathic Physicians,Pediatrics,Pediatric Rheumatology,"A pediatrician who treats diseases of joints, muscle, bones and tendons. A pediatric rheumatologist diagnoses and treats arthritis, back pain, muscle strains, common athletic injuries and ""collagen"" diseases.","Source: American Board of Medical Specialties, 2007.  www.abms.org [7/1/2007: definition added, source added]    Additional Resources: American Board of Pediatrics, 2007.  http://www.abp.org/.    Board certification for Medical Doctors (MDs) is provided by the American Board of Pediatrics.",Pediatric Rheumatology Physician,Individual
2080T0004X,Allopathic & Osteopathic Physicians,Pediatrics,Pediatric Transplant Hepatology,A pediatrician with expertise in transplant hepatology encompasses the special knowledge and skill required of pediatric gastroenterologists to care for patients prior to and following hepatic transplantation; it spans all phases of liver transplantation.,"Source: American Board of Medical Specialties, 2007.  www.abms.org [7/1/2007: new]    Additional Resources; American Board of Pediatrics, 2007.  http://www.abp.org/.    Board certification for Medical Doctors (MDs) is provided by the American Board of Pediatrics.",Pediatric Transplant Hepatology Physician,Individual
2080P1004X,Allopathic & Osteopathic Physicians,Pediatrics,Physician Nutrition Specialist,"A physician who specializes in the diagnosis and treatment of primary nutritional diseases (e.g., undernutrition, overnutrition, and genetic or acquired errors of metabolism) and adjunctive nutritional therapeutics (e.g., nutritional therapy or support of diseases states with a metabolic component). Physician Nutrition Specialists also provide services for nutritional disease prevention, including diabetes, cancer, Alzheimer’s, hospital malnutrition screening, and perioperative nutrition.","Source: National Board of Physician Nutrition Specialists, www.nbpns.org.",Physician Nutrition Specialist (Pediatrics),Individual
2080S0012X,Allopathic & Osteopathic Physicians,Pediatrics,Sleep Medicine,"A Pediatrician who practices Sleep Medicine is certified in the subspecialty of sleep medicine and specializes in the clinical assessment, physiologic testing, diagnosis, management and prevention of sleep and circadian rhythm disorders. Sleep specialists treat patients of any age and use multidisciplinary approaches. Disorders managed by sleep specialists include, but are not limited to, sleep related breathing disorders, insomnia, hypersomnias, circadian rhythm sleep disorders, parasomnias and sleep related movement disorders.","Source: American Academy of Sleep Medicine, www.aasm.org [7/1/2006: new]",Pediatric Sleep Medicine Physician,Individual
2080S0010X,Allopathic & Osteopathic Physicians,Pediatrics,Sports Medicine,"A pediatrician who is responsible for continuous care in the field of sports medicine, not only for the enhancement of health and fitness, but also for the prevention of injury and illness. A sports medicine physician must have knowledge and experience in the promotion of wellness and the prevention of injury. Knowledge about special areas of medicine such as exercise physiology, biomechanics, nutrition, psychology, physical rehabilitation, epidemiology, physical evaluation, injuries (treatment and prevention and referral practice) and the role of exercise in promoting a healthy lifestyle are essential to the practice of sports medicine. The sports medicine physician requires special education to provide the knowledge to improve the healthcare of the individual engaged in physical exercise (sports) whether as an individual or in team participation.","Source: American Board of Medical Specialties, 2007.  www.abms.org [7/1/2007: definition added, source added; 7/1/2011: modified source]<br/>Additional Resources: American Board of Pediatrics, 2007.  http://www.abp.org/.  American Osteopathic Board of Pediatrics, 2007.  http://www.osteopathic.org/certification<br/>Board certification for Medical Doctors (MDs) is provided by the American Board of Pediatrics.  Board certification for Doctors of Osteopathy (DOs) is provided by the American Osteopathic Board of Pediatrics.",Pediatric Sports Medicine Physician,Individual
202K00000X,Allopathic & Osteopathic Physicians,Phlebology,,"Phlebology is the medical discipline that involves the diagnosis and treatment of venous disorders, including spider veins, varicose veins, chronic venous insufficiency, venous leg ulcers, congenital venous abnormalities, venous thromboembolism and other disorders of venous origin.   A phlebologist has attained a minimum of 50 hours of CME units in phlebology-related courses, and is knowledgeable of and trained in a variety of diagnostic techniques including physical examination, venous imaging techniques such as duplex ultrasound, CT and MR, plethysmographic techniques and laboratory evaluation related to venous thromboembolism.  The phlebologist is also trained in a variety of therapeutic interventions, which may include compression, sclerotherapy, cutaneous vascular laser, endovenous thermoablation procedures (laser and radiofrequency) endovenous chemical ablation, surgical procedures (e.g., ambulatory phlebectomy, venous ligation), vasoactive medications and the management of venous thromboembolism.","Source: American College of Phlebology 12/2006. www.phelbology.org [1/1/2007: new, 7/1/2009: definition reformatted]    Additional Resources: Training Programs, Fellowships, and/or Preceptorships: Certification exam is being established by the American Board of Phlebology. ACGME Accredited Residency Program Requirements: None",Phlebology Physician,Individual
208100000X,Allopathic & Osteopathic Physicians,Physical Medicine & Rehabilitation,,"Physical medicine and rehabilitation, also referred to as rehabilitation medicine, is the medical specialty concerned with diagnosing, evaluating, and treating patients with physical disabilities. These disabilities may arise from conditions affecting the musculoskeletal system such as neck and back pain, sports injuries, or other painful conditions affecting the limbs, such as carpal tunnel syndrome. Alternatively, the disabilities may result from neurological trauma or disease such as spinal cord injury, head injury or stroke. A physician certified in physical medicine and rehabilitation is often called a physiatrist. The primary goal of the physiatrist is to achieve maximal restoration of physical, psychological, social and vocational function through comprehensive rehabilitation. Pain management is often an important part of the role of the physiatrist. For diagnosis and evaluation, a physiatrist may include the techniques of electromyography to supplement the standard history, physical, x-ray and laboratory examinations. The physiatrist has expertise in the appropriate use of therapeutic exercise, prosthetics (artificial limbs), orthotics and mechanical and electrical devices.","Source: American Board of Medical Specialties, 2007.  www.abms.org [7/1/2007: definition added, source added; 7/1/2011: modified source]<br/>Additional Resources: American Board of Physical Medicine and Rehabilitation, 2007.  http://www.abpmr.org/.  American Osteopathic Board of Physical Medicine and Rehabilitation, 2007.  http://www.osteopathic.org/certification<br/>Board certification for Medical Doctors (MDs) is provided by the American Board of Physical Medicine and Rehabilitation.  Board certification for Doctors of Osteopathy (DOs) is provided by the American Osteopathic Board of Physical Medicine and Rehabilitation.",Physical Medicine & Rehabilitation Physician,Individual
2081P0301X,Allopathic & Osteopathic Physicians,Physical Medicine & Rehabilitation,Brain Injury Medicine,"A Brain Injury Medicine physician specializes in disorders of brain function due to injury and disease.  These disorders encompass a range of medical, physical, neurologic, cognitive, sensory, and behavioral disorders that result in psychosocial, educational, and vocational consequences.","Source: American Board of Physical Medicine and Rehabilitation, 2015. www.abpmr.org [1/1/2016: new]",Brain Injury Medicine (Physical Medicine & Rehabilitation) Physician,Individual
2081H0002X,Allopathic & Osteopathic Physicians,Physical Medicine & Rehabilitation,Hospice and Palliative Medicine,"A physical medicine and rehabilitation physician with special knowledge and skills to prevent and relieve the suffering experienced by patients with life-limiting illnesses. This specialist works with an interdisciplinary hospice or palliative care team to maximize quality of life while addressing physical, psychological, social and spiritual needs of both patient and family throughout the course of the disease, through the dying process, and beyond for the family.  This specialist has expertise in the assessment of patients with advanced disease; the relief of distressing symptoms; the coordination of interdisciplinary patient and family-centered care in diverse venues; the use of specialized care systems including hospice; the management of the imminently dying patient; and legal and ethical decision making in end-of-life care.","Source: American Academy of Hospice and Palliative Medicine, www.aahpm.org [1/1/2007: new]",Hospice and Palliative Medicine (Physical Medicine & Rehabilitation) Physician,Individual
2081N0008X,Allopathic & Osteopathic Physicians,Physical Medicine & Rehabilitation,Neuromuscular Medicine,"A physician who specializes in neuromuscular medicine possesses specialized knowledge in the science, clinical evaluation and management of these disorders. This encompasses the knowledge of the pathology, diagnosis and treatment of these disorders at a level that is significantly beyond the training and knowledge expected of a general neurologist, child neurologist or physiatrist.","Source: American Board of Medical Specialties, 2007.  www.abms.org [7/1/2007: new]    Additional Resources: American Board of Physical Medicine and Rehabilitation, 2007.  http://www.abpmr.org/.     Board certification for Medical Doctors (MDs) is provided by the American Board of Physical Medicine and Rehabilitation.",Neuromuscular Medicine (Physical Medicine & Rehabilitation) Physician,Individual
2081P2900X,Allopathic & Osteopathic Physicians,Physical Medicine & Rehabilitation,Pain Medicine,"A physician who provides a high level of care, either as a primary physician or consultant, for patients experiencing problems with acute, chronic or cancer pain in both hospital and ambulatory settings. Patient care needs may also be coordinated with other specialists.","Source: American Board of Medical Specialties, 2007.  www.abms.org [7/1/2007: definition changed, source changed]    Additional Resources: American Board of Physical Medicine and Rehabilitation, 2007.  http://www.abpmr.org/.     Board certification for Medical Doctors (MDs) is provided by the American Board of Physical Medicine and Rehabilitation.    A subspecialty certificate  was approved by the ABMS in 1999.    ACGME Accredited Residency Program Requirements:  Proposal under development.",Pain Medicine (Physical Medicine & Rehabilitation) Physician,Individual
2081P0010X,Allopathic & Osteopathic Physicians,Physical Medicine & Rehabilitation,Pediatric Rehabilitation Medicine,"A physiatrist who utilizes an interdisciplinary approach and addresses the prevention, diagnosis, treatment and management of congenital and childhood-onset physical impairments including related or secondary medical, physical, functional, psychosocial and vocational limitations or conditions, with an understanding of the life course of disability. This physician is trained in the identification of functional capabilities and selection of the best of rehabilitation intervention strategies, with an understanding of the continuum of care.","Source: American Board of Medical Specialties, 2007.  www.abms.org [7/1/2007: definition changed, source added]    Additional Resources: American Board of Physical Medicine and Rehabilitation, 2007.  http://www.abpmr.org/.     Board certification for Medical Doctors (MDs) is provided by the American Board of Physical Medicine and Rehabilitation.    A subspecialty certificate for PRM was approved by the ABMS in 1999.    ACGME Accredited Residency Program Requirements:  Early discussions underway",Pediatric Rehabilitation Medicine Physician,Individual
2081P0004X,Allopathic & Osteopathic Physicians,Physical Medicine & Rehabilitation,Spinal Cord Injury Medicine,"A physician who addresses the prevention, diagnosis, treatment and management of traumatic spinal cord injury and non-traumatic etiologies of spinal cord dysfunction by working in an interdisciplinary manner. Care is provided to patients of all ages on a lifelong basis and covers related medical, physical, psychological and vocational disabilities and complications.","Source: American Board of Medical Specialties, 2007.  www.abms.org [7/1/2007: definition changed, source added]    Additional Resources: American Board of Physical Medicine and Rehabilitation, 2007.  http://www.abpmr.org/.     Board certification for Medical Doctors (MDs) is provided by the American Board of Physical Medicine and Rehabilitation.    ACGME Accredited Residency Program Requirements:   1 year of training with 3-5 years in relevant specialty for a total of 4-6 years.    ABMS Approved Subspecialty Certificate:  (Physical Medicine and Rehabilitation)",Spinal Cord Injury Medicine Physician,Individual
2081S0010X,Allopathic & Osteopathic Physicians,Physical Medicine & Rehabilitation,Sports Medicine,"A physician who specializes in Sports Medicine is responsible for continuous care related to the enhancement of health and fitness as well as the prevention of injury and illness. The specialist possesses knowledge and experience in the promotion of wellness and the prevention of injury from many areas of medicine such as exercise physiology, biomechanics, nutrition, psychology, physical rehabilitation, epidemiology, physical evaluation and injuries. It is the goal of a Sports Medicine specialist to improve the healthcare of the individual engaged in physical exercise.","Source:  American Board of Medical Specialties, 2009.  www.abms.org [7/1/2009: definition added]",Sports Medicine (Physical Medicine & Rehabilitation) Physician,Individual
208200000X,Allopathic & Osteopathic Physicians,Plastic Surgery,,"A plastic surgeon deals with the repair, reconstruction or replacement of physical defects of form or function involving the skin, musculoskeletal system, craniomaxillofacial structures, hand, extremities, breast and trunk and external genitalia or cosmetic enhancement of these areas of the body. Cosmetic surgery is an essential component of plastic surgery. The plastic surgeon uses cosmetic surgical principles to both improve overall appearance and to optimize the outcome of reconstructive procedures. The surgeon uses aesthetic surgical principles not only to improve undesirable qualities of normal structures but in all reconstructive procedures as well.","Source: American Board of Medical Specialties, 2007.  www.abms.org [7/1/2007: definition added, source added]    Additional Resources: American Board of Plastic Surgery, 2007.  http://www.abplsurg.org/.    Board certification for Medical Doctors (MDs) is provided by the American Board of Plastic Surgery.",Plastic Surgery Physician,Individual
2082S0099X,Allopathic & Osteopathic Physicians,Plastic Surgery,Plastic Surgery Within the Head and Neck,"A plastic surgeon with additional training in plastic and reconstructive procedures within the head, face, neck and associated structures, including cutaneous head and neck oncology and reconstruction, management of maxillofacial trauma, soft tissue repair and neural surgery. The field is diverse and involves a wide age range of patients, from the newborn to the aged. While both cosmetic and reconstructive surgery is practiced, there are many additional procedures which interface with them.","Source: American Board of Medical Specialties, 2007.  www.abms.org [7/1/2007: definition changed, source added]    Additional Resources: American Board of Plastic Surgery, 2007.  http://www.abplsurg.org/.    Board certification for Medical Doctors (MDs) is provided by the American Board of Plastic Surgery.    A subspecialty certificate was approved by the ABMS in 2000.    ACGME Accredited Residency Program Requirements:  None.",Plastic Surgery Within the Head and Neck (Plastic Surgery) Physician,Individual
2082S0105X,Allopathic & Osteopathic Physicians,Plastic Surgery,Surgery of the Hand,"A plastic surgeon with additional training in the investigation, preservation, and restoration by medical, surgical and rehabilitative means of all structures of the upper extremity directly affecting the form and function of the hand and wrist.","Source: American Board of Medical Specialties, 2007.  www.abms.org [7/1/2007: definition added, source added]    Additional Resources: American Board of Plastic Surgery, 2007.  http://www.abplsurg.org/.    Board certification for Medical Doctors (MDs) is provided by the American Board of Plastic Surgery.",Surgery of the Hand (Plastic Surgery) Physician,Individual
2083A0300X,Allopathic & Osteopathic Physicians,Preventive Medicine,Addiction Medicine,"A physician engaged in the subspecialty practice of Addiction Medicine who specializes in the prevention, evaluation, diagnosis, treatment, and recovery of persons with the disease of addiction.","Source: American Board of Preventive Medicine, www.theabpm.org [1/1/2019: new]",Addiction Medicine (Preventive Medicine) Physician,Individual
2083A0100X,Allopathic & Osteopathic Physicians,Preventive Medicine,Aerospace Medicine,"Aerospace medicine focuses on the clinical care, research, and operational support of the health, safety, and performance of crewmembers and passengers of air and space vehicles, together with the support personnel who assist operation of such vehicles. This population often works and lives in remote, isolated, extreme, or enclosed environments under conditions of physical and psychological stress. Practitioners strive for an optimal human-machine match in occupational settings rich with environmental hazards and engineering countermeasures.","Source: American Board of Medical Specialties, 2007.  www.abms.org [7/1/2007: definition added, source added; 7/1/2011: modified source]<br/>Additional Resources: American Board of Preventive Medicine, 2007.  http://www.abprevmed.org/.  American Osteopathic Board of Preventive Medicine, 2007.  http://www.osteopathic.org/certification<br/>Board certification for Medical Doctors (MDs) is provided by the American Board of Preventive Medicine.  Board certification for Doctors of Osteopathy (DOs) is provided by the American Osteopathic Board of Preventive Medicine.",Aerospace Medicine Physician,Individual
2083C0008X,Allopathic & Osteopathic Physicians,Preventive Medicine,Clinical Informatics,"Physicians who practice Clinical Informatics collaborate with other health care and information technology professionals to analyze, design, implement and evaluate information and communication systems that enhance individual and population health outcomes, improve patient care, and strengthen the clinician-patient relationship. Clinical Informaticians use their knowledge of patient care combined with their understanding of informatics concepts, methods, and tools to: assess information and knowledge needs of health care professionals and patients; characterize, evaluate, and refine clinical processes; develop, implement, and refine clinical decision support systems; and lead or participate in the procurement, customization, development, implementation, management, evaluation, and continuous improvement of clinical information systems.","Source: The American Board of Preventive Medicine, 2013 [1/1/2014: new]  Additional Resources: The American Board of Preventive Medicine, www.theabpm.org",Clinical Informatics Physician,Individual
2083T0002X,Allopathic & Osteopathic Physicians,Preventive Medicine,Medical Toxicology,"Medical toxicologists are physicians who specialize in the prevention, evaluation, treatment and monitoring of injury and illness from exposures to drugs and chemicals, as well as biological and radiological agents. Medical toxicologists care for people in clinical, academic, governmental and public health settings, and provide poison control center leadership. Important areas of medical toxicology include acute drug poisoning, adverse drug events, drug abuse, addiction and withdrawal, chemicals and hazardous materials, terrorism preparedness, venomous bites and stings, and environmental and workplace exposures.","Source: American Board of Medical Specialties, 2007.  www.abms.org [7/1/2007: definition added, source added]    Additional Resources: American Board of Preventive Medicine, 2007.  http://www.abprevmed.org/.    Board certification for Medical Doctors (MDs) is provided by the American Board of Preventive Medicine.",Medical Toxicology (Preventive Medicine) Physician,Individual
2083B0002X,Allopathic & Osteopathic Physicians,Preventive Medicine,Obesity Medicine,"A physician who specializes in the treatment of obesity demonstrates competency in and a thorough understanding of the treatment of obesity and the genetic, biologic, environmental, social, and behavioral factors that contribute to obesity. The obesity medicine physician employs therapeutic interventions including diet, physical activity, behavioral change, and pharmacotherapy. The obesity medicine physician utilizes a comprehensive approach, and may include additional resources such as dietitians, exercise physiologists, mental health professionals and bariatric surgeons as indicated to achieve optimal results. Additionally, the obesity medicine physician maintains competency in providing pre- peri- and post-surgical care of bariatric surgery patients, promotes the prevention of obesity, and advocates for those who suffer from obesity.","Source:  American Board of Obesity Medicine, www.abom.org [7/1/2015: new]  Additional Resource: American Society of Bariatric Physicians, www.asbp.org.",Obesity Medicine (Preventive Medicine) Physician,Individual
2083X0100X,Allopathic & Osteopathic Physicians,Preventive Medicine,Occupational Medicine,"Occupational medicine focuses on the health of workers, including the ability to perform work; the physical, chemical, biological, and social environments of the workplace; and the health outcomes of environmental exposures. Practitioners in this field address the promotion of health in the work place, and the prevention and management of occupational and environmental injury, illness, and disability.","Source: American Board of Medical Specialties, 2007.  www.abms.org [7/1/2007: definition added, source added]    Additional Resources: American Board of Preventive Medicine, 2007.  http://www.abprevmed.org/.    Board certification for Medical Doctors (MDs) is provided by the American Board of Preventive Medicine.",Occupational Medicine Physician,Individual
2083P0500X,Allopathic & Osteopathic Physicians,Preventive Medicine,Preventive Medicine/Occupational Environmental Medicine,"A preventive medicine physician who specializes in preventive medicine/occupational-environmental medicine, which is focused on protecting the population from occupational and environmental conditions.","Source: National Uniform Claim Committee, 2009 [1/1/2010: definition added, source added]   Additional Resources: A General Certificate is issued by the American Osteopathic Board of Preventive Medicine.",Preventive Medicine/Occupational Environmental Medicine Physician,Individual
2083P0901X,Allopathic & Osteopathic Physicians,Preventive Medicine,Public Health & General Preventive Medicine,"Public health and general preventive medicine focuses on promoting health, preventing disease, and managing the health of communities and defined populations. These practitioners combine population-based public health skills with knowledge of primary, secondary, and tertiary prevention-oriented clinical practice in a wide variety of settings.","Source: American Board of Medical Specialties, 2007.  www.abms.org [7/1/2007: definition added, source added; 7/1/2011: modified source]<br/>Additional Resources: American Board of Preventive Medicine, 2007.  http://www.abprevmed.org/.  American Osteopathic Board of Preventive Medicine, 2007.  http://www.osteopathic.org/certification<br/>Board certification for Medical Doctors (MDs) is provided by the American Board of Preventive Medicine.  Board certification for Doctors of Osteopathy (DOs) is provided by the American Osteopathic Board of Preventive Medicine.",Public Health & General Preventive Medicine Physician,Individual
2083S0010X,Allopathic & Osteopathic Physicians,Preventive Medicine,Sports Medicine,A preventive medicine physician who specializes in the diagnosis and treatment of sports related conditions and injuries.,"Source: National Uniform Claim Committee, 2009 [1/1/2010: definition added, source added]   Additional Resources: A Certification of Added Qualifications (CAQ) is issued by the American Osteopathic Board of Preventive Medicine.",Sports Medicine (Preventive Medicine) Physician,Individual
2083P0011X,Allopathic & Osteopathic Physicians,Preventive Medicine,Undersea and Hyperbaric Medicine,"A specialist who treats decompression illness and diving accident cases and uses hyperbaric oxygen therapy to treat such conditions as carbon monoxide poisoning, gas gangrene, non-healing wounds, tissue damage from radiation and burns and bone infections. This specialist also serves as consultant to other physicians in all aspects of hyperbaric chamber operations and assesses risks and applies appropriate standards to prevent disease and disability in divers and other persons working in altered atmospheric conditions.","Source: American Board of Medical Specialties, 2007.  www.abms.org [7/1/2007: definition added, source added]    Additional Resources: American Board of Preventive Medicine, 2007.  http://www.abprevmed.org/.    Board certification for Medical Doctors (MDs) is provided by the American Board of Preventive Medicine.",Undersea and Hyperbaric Medicine (Preventive Medicine) Physician,Individual
2084A0401X,Allopathic & Osteopathic Physicians,Psychiatry & Neurology,Addiction Medicine,A doctor of osteopathy board eligible/certified in the field of Psychiatry by the American Osteopathic Board of Neurology and Psychiatry is able to obtain a Certificate of Added Qualifications in the field of Addiction Medicine,"Source: American Osteopathic Board of Neurology and Psychiatry, 2007 [1/1/2008: definition added, source added; 7/1/2011: modified source]<br/>Additional Resources: http://www.osteopathic.org/certification",Addiction Medicine (Psychiatry & Neurology) Physician,Individual
2084P0802X,Allopathic & Osteopathic Physicians,Psychiatry & Neurology,Addiction Psychiatry,"Addiction Psychiatry is a subspecialty of psychiatry that focuses on evaluation and treatment of individuals with alcohol, drug, or other substance-related disorders, and of individuals with dual diagnosis of substance-related and other psychiatric disorders.","Source:  The American Board of Psychiatry and Neurology, Inc. www.abpn.com [1/1/2007: new definition]",Addiction Psychiatry Physician,Individual
2084B0040X,Allopathic & Osteopathic Physicians,Psychiatry & Neurology,Behavioral Neurology & Neuropsychiatry,Behavioral Neurology & Neuropsychiatry is a medical subspecialty involving the diagnosis and treatment of neurologically based behavioral issues.,"Source: National Uniform Claim Committee. [1/1/2012: new]  Additional Resources:  American Academy of Neurology, www.aan.com.",Behavioral Neurology & Neuropsychiatry Physician,Individual
2084P0301X,Allopathic & Osteopathic Physicians,Psychiatry & Neurology,Brain Injury Medicine,"A Brain Injury Medicine physician specializes in disorders of brain function due to injury and disease.  These disorders encompass a range of medical, physical, neurologic, cognitive, sensory, and behavioral disorders that result in psychosocial, educational, and vocational consequences.","Source: American Board of Physical Medicine and Rehabilitation, 2015. www.abpmr.org [1/1/2016: new]",Brain Injury Medicine (Psychiatry & Neurology) Physician,Individual
2084P0804X,Allopathic & Osteopathic Physicians,Psychiatry & Neurology,Child & Adolescent Psychiatry,"Child & Adolescent Psychiatry is a subspecialty of psychiatry with additional skills and training in the diagnosis and treatment of developmental, behavioral, emotional, and mental disorders of childhood and adolescence.","Source:  The American Board of Psychiatry and Neurology, Inc. www.abpn.com [1/1/2007: new definition]",Child & Adolescent Psychiatry Physician,Individual
2084N0600X,Allopathic & Osteopathic Physicians,Psychiatry & Neurology,Clinical Neurophysiology,"Clinical Neurophysiology is a subspecialty with psychiatric or neurologic expertise in the diagnosis and management of central, peripheral, and autonomic nervous system disorders using combined clinical evaluation and electrophysiologic testing such as electroencephalography (EEG), electromyography (EMG), and nerve conduction studies (NCS).","Source:  The American Board of Psychiatry and Neurology, Inc. www.abpn.com [1/1/2007: new definition]",Clinical Neurophysiology Physician,Individual
2084D0003X,Allopathic & Osteopathic Physicians,Psychiatry & Neurology,Diagnostic Neuroimaging,"A licensed physician, who has completed a residency program in Neurology, and who has additional training, experience, and competence in the standards of performance and interpretation of Magnetic Resonance Imaging (MRI / MRA) of the head, spine, and peripheral nerves, and Computed Tomography (CT) of the head and spine. Physicians are trained in the administration of contrast media and the recognition and treatment of adverse reactions to contrast media. Neuroimaging training encompasses thorough knowledge of clinical neurology, neurophysiology, neuroanatomy, neurochemistry, neuropharmacology, and dynamics of cerebrospinal fluid circulation.  Physicians possess special expertise in the technical aspects and clinical applications of each of the modalities and techniques of neuroimaging.","Source:  American Academy of Neurology, www.aan.com [1/1/2007: new]",Diagnostic Neuroimaging (Psychiatry & Neurology) Physician,Individual
2084E0001X,Allopathic & Osteopathic Physicians,Psychiatry & Neurology,Epilepsy,"Epilepsy is a subspecialty of neurology focused on the diagnosis and treatment of patients with epilepsy, including new-onset, medically refractory epilepsy, psychogenic nonepileptic seizures, and epilepsy in special populations (the elderly, women, patients with co-morbidities). Epilepsy is a multidisciplinary field that provides comprehensive care of the patient.<br/>","Source: American Epilepsy Society, www.aesnet.org [7/1/2021: new]",Epilepsy Physician,Individual
2084F0202X,Allopathic & Osteopathic Physicians,Psychiatry & Neurology,Forensic Psychiatry,"Forensic Psychiatry is a subspecialty with psychiatric focus on interrelationships with civil, criminal and administrative law, evaluation and specialized treatment of individuals involved with the legal system, incarcerated in jails, prisons, and forensic psychiatry hospitals.","Source:  The American Board of Psychiatry and Neurology, Inc. www.abpn.com [1/1/2007: new definition]",Forensic Psychiatry Physician,Individual
2084P0805X,Allopathic & Osteopathic Physicians,Psychiatry & Neurology,Geriatric Psychiatry,"Geriatric Psychiatry is a subspecialty with psychiatric expertise in prevention, evaluation, diagnosis and treatment of mental and emotional disorders in the elderly, and improvement of psychiatric care for healthy and ill elderly patients.","Source:  The American Board of Psychiatry and Neurology, Inc. www.abpn.com [1/1/2007: new definition]",Geriatric Psychiatry Physician,Individual
2084H0002X,Allopathic & Osteopathic Physicians,Psychiatry & Neurology,Hospice and Palliative Medicine,"A psychiatrist or neurologist with special knowledge and skills to prevent and relieve the suffering experienced by patients with life-limiting illnesses. This specialist works with an interdisciplinary hospice or palliative care team to maximize quality of life while addressing physical, psychological, social and spiritual needs of both patient and family throughout the course of the disease, through the dying process, and beyond for the family.  This specialist has expertise in the assessment of patients with advanced disease; the relief of distressing symptoms; the coordination of interdisciplinary patient and family-centered care in diverse venues; the use of specialized care systems including hospice; the management of the imminently dying patient; and legal and ethical decision making in end-of-life care.","Source: American Academy of Hospice and Palliative Medicine, www.aahpm.org [1/1/2007: new]",Hospice and Palliative Medicine (Psychiatry & Neurology) Physician,Individual
2084A2900X,Allopathic & Osteopathic Physicians,Psychiatry & Neurology,Neurocritical Care,"The medical subspecialty of Neurocritical Care is devoted to the comprehensive, multisystem care of the critically-ill neurological patient. Like other intensivists, the neurointensivist generally assumes the primary role for coordinating the care of his or her patients in the ICU, both the neurological and medical management of the patient.  They may also provide consultative services for these patients as requested within the health system.",Source: Adapted from the United Council for Neurologic Subspecialties website definition at: http://www.ucns.org/go/subspecialty/neurocritical [7/1/2016: new],Neurocritical Care Physician,Individual
2084P0005X,Allopathic & Osteopathic Physicians,Psychiatry & Neurology,Neurodevelopmental Disabilities,"A neurologist who specializes in the treatment of individuals with developmental delays and learning disorders associated with cerebral palsy, spina bifida, autism, and other chronic neurologic conditions.","Source: National Uniform Claim Committee, www.nucc.org",Neurodevelopmental Disabilities Physician,Individual
2084N0400X,Allopathic & Osteopathic Physicians,Psychiatry & Neurology,Neurology,"A Neurologist specializes in the diagnosis and treatment of diseases or impaired function of the brain, spinal cord, peripheral nerves, muscles, autonomic nervous system, and blood vessels that relate to these structures.","Source:  The American Board of Psychiatry and Neurology, Inc. www.abpn.com [1/1/2007: new definition]",Neurology Physician,Individual
2084N0402X,Allopathic & Osteopathic Physicians,Psychiatry & Neurology,Neurology with Special Qualifications in Child Neurology,"A Child Neurologist specializes in neurology with special skills in diagnosis and treatment of neurologic disorders of the neonatal period, infancy, early childhood, and adolescence.","Source:  The American Board of Psychiatry and Neurology, Inc. www.abpn.com [1/1/2007: new definition]",Neurology with Special Qualifications in Child Neurology Physician,Individual
2084N0008X,Allopathic & Osteopathic Physicians,Psychiatry & Neurology,Neuromuscular Medicine,"A neurologist or child neurologist who specializes in the diagnosis and management of disorders of nerve, muscle or neuromuscular junction, including amyotrophic lateral sclerosis, peripheral neuropathies (e.g., diabetic and immune mediated neuropathies), various muscular dystrophies, congenital and acquired myopathies, inflammatory myopathies (e.g., polymyositis, inclusion body myositis) and neuromuscular transmission disorders (e.g., myasthenia gravis, Lambert-Eaton myasthenic syndrome).","Source: American Board of Medical Specialties, 2007.  www.abms.org [7/1/2007: new]    Additional Resources: American Board of Psychiatry and Neurology, 2007.  http://www.abpn.org/.    Board certification for Medical Doctors (MDs) is provided by the American Board of Psychiatry and Neurology",Neuromuscular Medicine (Psychiatry & Neurology) Physician,Individual
2084B0002X,Allopathic & Osteopathic Physicians,Psychiatry & Neurology,Obesity Medicine,"A physician who specializes in the treatment of obesity demonstrates competency in and a thorough understanding of the treatment of obesity and the genetic, biologic, environmental, social, and behavioral factors that contribute to obesity. The obesity medicine physician employs therapeutic interventions including diet, physical activity, behavioral change, and pharmacotherapy. The obesity medicine physician utilizes a comprehensive approach, and may include additional resources such as dietitians, exercise physiologists, mental health professionals and bariatric surgeons as indicated to achieve optimal results. Additionally, the obesity medicine physician maintains competency in providing pre- peri- and post-surgical care of bariatric surgery patients, promotes the prevention of obesity, and advocates for those who suffer from obesity.","Source:  American Board of Obesity Medicine, www.abom.org [10/1/2007: new, 7/1/2015: title and definition modified]  Additional Resource: American Society of Bariatric Physicians, www.asbp.org.",Obesity Medicine (Psychiatry & Neurology) Physician,Individual
2084P2900X,Allopathic & Osteopathic Physicians,Psychiatry & Neurology,Pain Medicine,"A neurologist, child neurologists or psychiatrist who provides a high level of care, either as a primary physician or consultant, for patients experiencing problems with acute, chronic or cancer pain in both hospital and ambulatory settings. Patient care needs may also be coordinated with other specialists.","Source: American Board of Medical Specialties, 2007.  www.abms.org [7/1/2007: definition changed, source added]    Additional Resources: American Board of Psychiatry and Neurology, 2007.  http://www.abpn.org/.      Board certification for Medical Doctors (MDs) is provided by the American Board of Psychiatry and Neurology.    A subspecialty certificate was approved by ABMS in 1998.    ACGME Accredited Residency Program Requirements:  None.",Pain Medicine (Psychiatry & Neurology) Physician,Individual
2084P0800X,Allopathic & Osteopathic Physicians,Psychiatry & Neurology,Psychiatry,"A Psychiatrist specializes in the prevention, diagnosis, and treatment of mental disorders, emotional disorders, psychotic disorders, mood disorders, anxiety disorders, substance-related disorders, sexual and gender identity disorders and adjustment disorders. Biologic, psychological, and social components of illnesses are explored and understood in treatment of the whole person. Tools used may include diagnostic laboratory tests, prescribed medications, evaluation and treatment of psychological and interpersonal problems with individuals and families, and intervention for coping with stress, crises, and other problems.","Source:  The American Board of Psychiatry and Neurology, Inc. www.abpn.com [1/1/2007: new definition]",Psychiatry Physician,Individual
2084P0015X,Allopathic & Osteopathic Physicians,Psychiatry & Neurology,Psychosomatic Medicine,"Psychosomatic Medicine is subspecialty in the diagnosis and treatment of psychiatric disorders and symptoms in complex medically ill patients. This subspecialty includes treatment of patients with acute or chronic medical, neurological, obstetrical or surgical illness in which psychiatric illness is affecting their medical care and/or quality of life such as HIV infection, organ transplantation, heart disease, renal failure, cancer, stroke, traumatic brain injury, high-risk pregnancy and COPD, among others. Patients also may be those who have a psychiatric disorder that is the direct consequence of a primary medical condition, or a somatoform disorder or psychological factors affecting a general medical condition. Psychiatrists specializing in Psychosomatic Medicine provide consultation-liaison services in general medical hospitals, attend on medical psychiatry inpatient units, and provide collaborative care in primary care and other outpatient settings.","Source:  The American Board of Psychiatry and Neurology, Inc. www.abpn.com [1/1/2007: new]",Psychosomatic Medicine Physician,Individual
2084S0012X,Allopathic & Osteopathic Physicians,Psychiatry & Neurology,Sleep Medicine,"A Psychiatrist or Neurologist who practices Sleep Medicine is certified in the subspecialty of sleep medicine and specializes in the clinical assessment, physiologic testing, diagnosis, management and prevention of sleep and circadian rhythm disorders. Sleep specialists treat patients of any age and use multidisciplinary approaches. Disorders managed by sleep specialists include, but are not limited to, sleep related breathing disorders, insomnia, hypersomnias, circadian rhythm sleep disorders, parasomnias and sleep related movement disorders.","Source: American Academy of Sleep Medicine, www.aasm.org [7/1/2006: new]",Sleep Medicine (Psychiatry & Neurology) Physician,Individual
2084S0010X,Allopathic & Osteopathic Physicians,Psychiatry & Neurology,Sports Medicine,A psychiatrist or neurologist who specializes in the diagnosis and treatment of sports related conditions and injuries.,"Source: National Uniform Claim Committee, 2009 [1/1/2010: definition added, source added]   Additional Resources: A Certification of Added Qualifications (CAQ) was, but is no longer issued by the American Osteopathic Board of Neurology and Psychiatry.",Sports Medicine (Psychiatry & Neurology) Physician,Individual
2084V0102X,Allopathic & Osteopathic Physicians,Psychiatry & Neurology,Vascular Neurology,"Vascular Neurology is a subspecialty in the evaluation, prevention, treatment and recovery from vascular diseases of the nervous system. This subspecialty includes the diagnosis and treatment of vascular events of arterial or venous origin from a large number of causes that affect the brain or spinal cord such as ischemic stroke, intracranial hemorrhage, spinal cord ischemia and spinal cord hemorrhage.","Source:  The American Board of Psychiatry and Neurology, Inc. www.abpn.com [1/1/2007: new definition]",Vascular Neurology Physician,Individual
2085B0100X,Allopathic & Osteopathic Physicians,Radiology,Body Imaging,A Radiology doctor of Osteopathy that specializes in Body Imaging.,"Source: National Uniform Claim Committee, 2008   [7/1/2008: definition added, source added]    Additional Resources: The American Osteopathic Board of Radiology no longer offers a certificate in this specialty.",Body Imaging Physician,Individual
2085D0003X,Allopathic & Osteopathic Physicians,Radiology,Diagnostic Neuroimaging,"A licensed physician, who has completed a residency program in Neurology, and who has additional training, experience, and competence in the standards of performance and interpretation of Magnetic Resonance Imaging (MRI / MRA) of the head, spine, and peripheral nerves, and Computed Tomography (CT) of the head and spine. Physicians are trained in the administration of contrast media and the recognition and treatment of adverse reactions to contrast media. Neuroimaging training encompasses thorough knowledge of clinical neurology, neurophysiology, neuroanatomy, neurochemistry, neuropharmacology, and dynamics of cerebrospinal fluid circulation.  Physicians possess special expertise in the technical aspects and clinical applications of each of the modalities and techniques of neuroimaging.","Source:  American Academy of Neurology, www.aan.com [1/1/2007: new]",Diagnostic Neuroimaging (Radiology) Physician,Individual
2085R0202X,Allopathic & Osteopathic Physicians,Radiology,Diagnostic Radiology,"A radiologist who utilizes x-ray, radionuclides, ultrasound and electromagnetic radiation to diagnose and treat disease.","Source: American Board of Medical Specialties, 2007.  www.abms.org [7/1/2007: definition added, source added; 7/1/2011: modified source]<br/>Additional Resources: American Board of Radiology, 2007.  http://www.theabr.org/.   American Osteopathic Board of Radiology, 2007.  http://www.osteopathic.org/certification<br/>Board certification for Medical Doctors (MDs) is provided by the American Board of Radiology.  Board certification for Doctors of Osteopathy (DOs) is provided by the American Osteopathic Board of Radiology.",Diagnostic Radiology Physician,Individual
2085U0001X,Allopathic & Osteopathic Physicians,Radiology,Diagnostic Ultrasound,A Radiology doctor of Osteopathy that specializes in Diagnostic Ultrasound.,"Source: National Uniform Claim Committee, 2008   [7/1/2008: definition added, source added]    Additional Resources: The American Osteopathic Board of Radiology no longer offers a certificate in this specialty.  [Note: In medical practice, Diagnostic Ultrasound is part of the scope of training and practice of a Diagnostic Radiologists - see Taxonomy Code 2085R0202X.]",Diagnostic Ultrasound Physician,Individual
2085H0002X,Allopathic & Osteopathic Physicians,Radiology,Hospice and Palliative Medicine,"A radiologist with special knowledge and skills to prevent and relieve the suffering experienced by patients with life-limiting illnesses. This specialist works with an interdisciplinary hospice or palliative care team to maximize quality of life while addressing physical, psychological, social and spiritual needs of both patient and family throughout the course of the disease, through the dying process, and beyond for the family.  This specialist has expertise in the assessment of patients with advanced disease; the relief of distressing symptoms; the coordination of interdisciplinary patient and family-centered care in diverse venues; the use of specialized care systems including hospice; the management of the imminently dying patient; and legal and ethical decision making in end-of-life care.","Source: American Academy of Hospice and Palliative Medicine, www.aahpm.org [1/1/2007: new]",Hospice and Palliative Medicine (Radiology) Physician,Individual
2085N0700X,Allopathic & Osteopathic Physicians,Radiology,Neuroradiology,"A radiologist who diagnoses and treats diseases utilizing imaging procedures as they relate to the brain, spine and spinal cord, head, neck and organs of special sense in adults and children.","Source: American Board of Medical Specialties, 2007.  www.abms.org [7/1/2007: definition added, source added; 7/1/2011: modified source]<br/>Additional Resources: American Board of Radiology, 2007.  http://www.theabr.org/.   American Osteopathic Board of Radiology, 2007.  http://www.osteopathic.org/certification<br/>Board certification for Medical Doctors (MDs) is provided by the American Board of Radiology.  Board certification for Doctors of Osteopathy (DOs) is provided by the American Osteopathic Board of Radiology.",Neuroradiology Physician,Individual
2085N0904X,Allopathic & Osteopathic Physicians,Radiology,Nuclear Radiology,A radiologist who is involved in the analysis and imaging of radionuclides and radiolabeled substances in vitro and in vivo for diagnosis and the administration of radionuclides and radiolabeled substances for the treatment of disease.,"Source: American Board of Medical Specialties, 2007.  www.abms.org [7/1/2007: definition added, source added; 7/1/2011: modified source]<br/>Additional Resources: American Board of Radiology, 2007.  http://www.theabr.org/.   American Osteopathic Board of Radiology, 2007.  http://www.osteopathic.org/certification<br/>Board certification for Medical Doctors (MDs) is provided by the American Board of Radiology.  Board certification for Doctors of Osteopathy (DOs) is provided by the American Osteopathic Board of Radiology.",Nuclear Radiology Physician,Individual
2085P0229X,Allopathic & Osteopathic Physicians,Radiology,Pediatric Radiology,"A radiologist who is proficient in all forms of diagnostic imaging as it pertains to the treatment of diseases in the newborn, infant, child and adolescent. This specialist has knowledge of both imaging and interventional procedures related to the care and management of diseases of children. A pediatric radiologist must be highly knowledgeable of all organ systems as they relate to growth and development, congenital malformations, diseases peculiar to infants and children and diseases that begin in childhood but cause substantial residual impairment in adulthood.","Source: American Board of Medical Specialties, 2007.  www.abms.org [7/1/2007: definition added, source added; 7/1/2011: modified source]<br/><br/>Additional Resources: American Board of Radiology, 2007.  http://www.theabr.org/.   American Osteopathic Board of Radiology, 2007.  http://www.osteopathic.org/certification<br/>Board certification for Medical Doctors (MDs) is provided by the American Board of Radiology.  Board certification for Doctors of Osteopathy (DOs) is provided by the American Osteopathic Board of Radiology.",Pediatric Radiology Physician,Individual
2085R0001X,Allopathic & Osteopathic Physicians,Radiology,Radiation Oncology,"A radiologist who deals with the therapeutic applications of radiant energy and its modifiers and the study and management of disease, especially malignant tumors.","Source: American Board of Medical Specialties, 2007.  www.abms.org [7/1/2007: definition added, source added; 7/1/2011: modified source]<br/>Additional Resources: American Osteopathic Board of Radiology, 2007. http://www.osteopathic.org/certification",Radiation Oncology Physician,Individual
2085R0205X,Allopathic & Osteopathic Physicians,Radiology,Radiological Physics,"A radiological physicist deals with the diagnostic and therapeutic applications of roentgen rays, gamma rays from sealed sources, ultrasonic radiation and radio-frequency radiation, as well as the equipment associated with their production and use, including radiation safety.","Source: American Board of Medical Specialties, 2007.  www.abms.org [7/1/2007: definition added, source added]    Additional Resources: American Board of Radiology, 2007.  http://www.theabr.org/.    Board certification for Medical Doctors (MDs) is provided by the American Board of Radiology.",Radiological Physics Physician,Individual
2085R0203X,Allopathic & Osteopathic Physicians,Radiology,Therapeutic Radiology,Therapeutic Radiology certificate name was changed to Radiation Oncology. Use Radiation Oncology.,"Source: National Uniform Claim Committee, www.nucc.org.",Therapeutic Radiology Physician,Individual
2085R0204X,Allopathic & Osteopathic Physicians,Radiology,Vascular & Interventional Radiology,"A radiologist who diagnoses and treats diseases by various radiologic imaging modalities. These include fluoroscopy, digital radiography, computed tomography, sonography and magnetic resonance imaging.","Source: American Board of Medical Specialties, 2007.  www.abms.org [7/1/2007: definition added, source added]    Additional Resources: American Board of Radiology, 2007.  http://www.theabr.org/.    Board certification for Medical Doctors (MDs) is provided by the American Board of Radiology.",Vascular & Interventional Radiology Physician,Individual
208600000X,Allopathic & Osteopathic Physicians,Surgery,,"A general surgeon has expertise related to the diagnosis - preoperative, operative and postoperative management - and management of complications of surgical conditions in the following areas: alimentary tract; abdomen; breast, skin and soft tissue; endocrine system; head and neck surgery; pediatric surgery; surgical critical care; surgical oncology; trauma and burns; and vascular surgery. General surgeons increasingly provide care through the use of minimally invasive and endoscopic techniques. Many general surgeons also possess expertise in transplantation surgery, plastic surgery and cardiothoracic surgery.","Source: American Board of Medical Specialties, 2007.  www.abms.org [7/1/2007: definition added, source added; 7/1/2011: modified source]<br/>Additional Resources: American Board of Surgery, 2007.  http://www.absurgery.org/.   American Osteopathic Board of Surgery, 2007.  http://www.osteopathic.org/certification<br/>Board certification for Medical Doctors (MDs) is provided by the American Board of Surgery.  Board certification for Doctors of Osteopathy (DOs) is provided by the American Osteopathic Board of Surgery.",Surgery Physician,Individual
2086H0002X,Allopathic & Osteopathic Physicians,Surgery,Hospice and Palliative Medicine,"A surgeon with special knowledge and skills to prevent and relieve the suffering experienced by patients with life-limiting illnesses. This specialist works with an interdisciplinary hospice or palliative care team to maximize quality of life while addressing physical, psychological, social and spiritual needs of both patient and family throughout the course of the disease, through the dying process, and beyond for the family.  This specialist has expertise in the assessment of patients with advanced disease; the relief of distressing symptoms; the coordination of interdisciplinary patient and family-centered care in diverse venues; the use of specialized care systems including hospice; the management of the imminently dying patient; and legal and ethical decision making in end-of-life care.","Source: American Academy of Hospice and Palliative Medicine, www.aahpm.org [1/1/2007: new]",Hospice and Palliative Medicine (Surgery) Physician,Individual
2086S0120X,Allopathic & Osteopathic Physicians,Surgery,Pediatric Surgery,"A surgeon with expertise in the management of surgical conditions in premature and newborn infants, children and adolescents.","Source: American Board of Medical Specialties, 2007.  www.abms.org [7/1/2007: definition added, source added]    Additional Resources: American Board of Surgery, 2007.  http://www.absurgery.org/.    Board certification for Medical Doctors (MDs) is provided by the American Board of Surgery.",Pediatric Surgery Physician,Individual
2086P0122X,Allopathic & Osteopathic Physicians,Surgery,Physician Nutrition Specialist,"A physician who specializes in the diagnosis and treatment of primary nutritional diseases (e.g., undernutrition, overnutrition, and genetic or acquired errors of metabolism) and adjunctive nutritional therapeutics (e.g., nutritional therapy or support of diseases states with a metabolic component). Physician Nutrition Specialists also provide services for nutritional disease prevention, including diabetes, cancer, Alzheimer’s, hospital malnutrition screening, and perioperative nutrition.","Source: National Board of Physician Nutrition Specialists, www.nbpns.org.",Physician Nutrition Specialist (Surgery),Individual
2086S0122X,Allopathic & Osteopathic Physicians,Surgery,Plastic and Reconstructive Surgery,A surgeon who specializes in plastic and reconstructive surgery.,"Source: National Uniform Claim Committee, 2009 [1/1/2010: definition added, source added]    Additional Resources: A General Certificate is issued by the American Osteopathic Board of Surgery.",Plastic and Reconstructive Surgery Physician,Individual
2086S0105X,Allopathic & Osteopathic Physicians,Surgery,Surgery of the Hand,"A surgeon with expertise in the investigation, preservation and restoration by medical, surgical and rehabilitative means, of all structures of the upper extremity directly affecting the form and function of the hand and wrist.","Source: American Board of Medical Specialties, 2007.  www.abms.org [7/1/2007: definition added, source added]    Additional Resources: American Board of Surgery, 2007.  http://www.absurgery.org/.    Board certification for Medical Doctors (MDs) is provided by the American Board of Surgery.",Surgery of the Hand (Surgery) Physician,Individual
2086S0102X,Allopathic & Osteopathic Physicians,Surgery,Surgical Critical Care,"A surgeon with expertise in the management of the critically ill and postoperative patient, particularly the trauma victim, who specializes in critical care medicine diagnoses, treats and supports patients with multiple organ dysfunction. This specialist may have administrative responsibilities for intensive care units and may also facilitate and coordinate patient care among the primary physician, the critical care staff and other specialists.","Source: American Board of Medical Specialties, 2007.  www.abms.org [7/1/2007: definition added, source added; 7/1/2011: modified source]<br/>Additional Resources: American Board of Surgery, 2007.  http://www.absurgery.org/.   American Osteopathic Board of Surgery, 2007.  http://www.osteopathic.org/certification<br/>Board certification for Medical Doctors (MDs) is provided by the American Board of Surgery.  Board certification for Doctors of Osteopathy (DOs) is provided by the American Osteopathic Board of Surgery.",Surgical Critical Care Physician,Individual
2086X0206X,Allopathic & Osteopathic Physicians,Surgery,Surgical Oncology,"A surgical oncologist is a well-qualified surgeon who has obtained additional training and experience in the multidisciplinary approach to the prevention, diagnosis, treatment, and rehabilitation of cancer patients, and devotes a major portion of his or her professional practice to these activities and cancer research.","Source: Society of Surgical Oncology, 2007 [1/1/2008: definition added, source added, 7/1/2009: definition reformatted]    Additional Resources: http://www.surgonc.org/ ; American Board of Medical Specialties, 2007, www.abms.org ; American Board of Surgery, 2007, http://www.absurgery.org/     Surgical oncology is a recognized fellowship subspecialty program of surgery. Separate board certification is not currently offered.",Surgical Oncology Physician,Individual
2086S0127X,Allopathic & Osteopathic Physicians,Surgery,Trauma Surgery,"Trauma surgery is a recognized subspecialty of general surgery. Trauma surgeons are physicians who have completed a five-year general surgery residency and usually continue with a one to two year fellowship in trauma and/or surgical critical care, typically leading to additional board certification in surgical critical care. There is no trauma surgery board certification at this point. To obtain board certification in surgical critical care, a fellowship in surgical critical care or anesthesiology critical care must be completed during or after general surgery residency.","Source: American Board of Surgery, 2007  [1/1/2008: definition added, source added]    Additional Resources: http://www.absurgery.org/.",Trauma Surgery Physician,Individual
2086S0129X,Allopathic & Osteopathic Physicians,Surgery,Vascular Surgery,"A surgeon with expertise in the management of surgical disorders of the blood vessels, excluding the intracranial vessels or the heart.","Source: American Board of Medical Specialties, 2007.  www.abms.org [7/1/2007: definition added, source added; 7/1/2011: modified source]<br/>Additional Resources: American Board of Surgery, 2007.  http://www.absurgery.org/.   American Osteopathic Board of Surgery, 2007.  http://www.osteopathic.org/certification<br/>Board certification for Medical Doctors (MDs) is provided by the American Board of Surgery.  Board certification for Doctors of Osteopathy (DOs) is provided by the American Osteopathic Board of Surgery.",Vascular Surgery Physician,Individual
208G00000X,Allopathic & Osteopathic Physicians,Thoracic Surgery (Cardiothoracic Vascular Surgery),,"A thoracic surgeon provides the operative, perioperative and critical care of patients with pathologic conditions within the chest. Included is the surgical care of coronary artery disease, cancers of the lung, esophagus and chest wall, abnormalities of the trachea, abnormalities of the great vessels and heart valves, congenital anomalies, tumors of the mediastinum and diseases of the diaphragm. The management of the airway and injuries of the chest is within the scope of the specialty.","Source: American Board of Medical Specialties, 2007.  www.abms.org [7/1/2007: definition added, source added]    Additional Resources: American Board of Thoracic Surgery, 2007.  http://www.abts.org/.    Board certification for Medical Doctors (MDs) is provided by the American Board of Thoracic Surgery.    Thoracic surgeons have the knowledge, experience and technical skills to accurately diagnose, operate upon safely, and effectively manage patients with thoracic diseases of the chest. This requires substantial knowledge of cardiorespiratory physiology and oncology, as well as capability in the use of heart assist devices, management of abnormal heart rhythms and drainage of the chest cavity, respiratory support systems, endoscopy and invasive and noninvasive diagnostic techniques.",Thoracic Surgery (Cardiothoracic Vascular Surgery) Physician,Individual
204F00000X,Allopathic & Osteopathic Physicians,Transplant Surgery,,A surgeon who specializes in transplant surgery.,Source: National Uniform Claim Committee,Transplant Surgery Physician,Individual
208800000X,Allopathic & Osteopathic Physicians,Urology,,"A urologist manages benign and malignant medical and surgical disorders of the genitourinary system and the adrenal gland. This specialist has comprehensive knowledge of and skills in endoscopic, percutaneous and open surgery of congenital and acquired conditions of the urinary and reproductive systems and their contiguous structures.","Source: American Board of Medical Specialties, 2007.  www.abms.org [7/1/2007: definition added, source added]    Additional Resources: American Board of Urology, 2007.  http://www.abu.org/.    Board certification for Medical Doctors (MDs) is provided by the American Board of Urology.",Urology Physician,Individual
2088F0040X,Allopathic & Osteopathic Physicians,Urology,Urogynecology and Reconstructive Pelvic Surgery,"A subspecialist in Urogynecology and Reconstructive Pelvic Surgery is a physician in Urology or Obstetrics and Gynecology who, by virtue of education and training, is prepared to provide consultation and comprehensive management of women with complex benign pelvic conditions, lower urinary tract disorders, and pelvic floor dysfunction. Comprehensive management includes those diagnostic and therapeutic procedures necessary for the total care of the patient with these conditions and complications resulting from them.","Source: American Board of Medical Specialties, 2011. [1/1/2012: new, 7/1/2024: modified]  Resources:  www.abms.org",Urogynecology and Reconstructive Pelvic Surgery (Urology) Physician,Individual
2088P0231X,Allopathic & Osteopathic Physicians,Urology,Pediatric Urology,"Surgeons who can diagnose, treat, and manage children's urinary and genital problems. A pediatric urologist devotes a minimum of 50% of his or her practice to the urologic problems of infants, children, and adolescents.  Pediatric urologists generally provide the following services:  the evaluation and management of voiding disorders; vesicoureteral reflux, and urinary tract infections that require surgery; surgical reconstruction of the urinary tract (kidneys, ureters, and bladder) including genital abnormalities, hypospadias, and intersex conditions; surgery for groin conditions in childhood and adolescence (undescended testes, hydrocele/hernia, varicocele).",Source: American Academy of Pediatrics [7/1/2006: new],Pediatric Urology Physician,Individual
